[2024-10-22 20:15:31] local.ERROR: Call to undefined method App\Models\User::getId() {"view":{"view":"C:\\Users\\r.asadullin\\Documents\\Обучения\\обучение PHP Laravel разработчик\\php\\task_manager\\laravel_base\\resources\\views\\users\\index.blade.php","data":[]},"exception":"[object] (Spatie\\LaravelIgnition\\Exceptions\\ViewException(code: 0): Call to undefined method App\\Models\\User::getId() at C:\\Users\\r.asadullin\\Documents\\Обучения\\обучение PHP Laravel разработчик\\php\\task_manager\\laravel_base\\vendor\\laravel\\framework\\src\\Illuminate\\Support\\Traits\\ForwardsCalls.php:67)
[stacktrace]
#0 C:\\Users\\r.asadullin\\Documents\\Обучения\\обучение PHP Laravel разработчик\\php\\task_manager\\laravel_base\\vendor\\laravel\\framework\\src\\Illuminate\\Support\\Traits\\ForwardsCalls.php(36): Illuminate\\Database\\Eloquent\\Model::throwBadMethodCallException()
#1 C:\\Users\\r.asadullin\\Documents\\Обучения\\обучение PHP Laravel разработчик\\php\\task_manager\\laravel_base\\vendor\\laravel\\framework\\src\\Illuminate\\Database\\Eloquent\\Model.php(2335): Illuminate\\Database\\Eloquent\\Model->forwardCallTo()
#2 C:\\Users\\r.asadullin\\Documents\\Обучения\\обучение PHP Laravel разработчик\\php\\task_manager\\laravel_base\\resources\\views\\users\\index.blade.php(16): Illuminate\\Database\\Eloquent\\Model->__call()
#3 C:\\Users\\r.asadullin\\Documents\\Обучения\\обучение PHP Laravel разработчик\\php\\task_manager\\laravel_base\\vendor\\laravel\\framework\\src\\Illuminate\\Filesystem\\Filesystem.php(123): require('C:\\\\Users\\\\r.asad...')
#4 C:\\Users\\r.asadullin\\Documents\\Обучения\\обучение PHP Laravel разработчик\\php\\task_manager\\laravel_base\\vendor\\laravel\\framework\\src\\Illuminate\\Filesystem\\Filesystem.php(124): Illuminate\\Filesystem\\Filesystem::Illuminate\\Filesystem\\{closure}()
#5 C:\\Users\\r.asadullin\\Documents\\Обучения\\обучение PHP Laravel разработчик\\php\\task_manager\\laravel_base\\vendor\\laravel\\framework\\src\\Illuminate\\View\\Engines\\PhpEngine.php(58): Illuminate\\Filesystem\\Filesystem->getRequire()
#6 C:\\Users\\r.asadullin\\Documents\\Обучения\\обучение PHP Laravel разработчик\\php\\task_manager\\laravel_base\\vendor\\laravel\\framework\\src\\Illuminate\\View\\Engines\\CompilerEngine.php(72): Illuminate\\View\\Engines\\PhpEngine->evaluatePath()
#7 C:\\Users\\r.asadullin\\Documents\\Обучения\\обучение PHP Laravel разработчик\\php\\task_manager\\laravel_base\\vendor\\laravel\\framework\\src\\Illuminate\\View\\View.php(207): Illuminate\\View\\Engines\\CompilerEngine->get()
#8 C:\\Users\\r.asadullin\\Documents\\Обучения\\обучение PHP Laravel разработчик\\php\\task_manager\\laravel_base\\vendor\\laravel\\framework\\src\\Illuminate\\View\\View.php(190): Illuminate\\View\\View->getContents()
#9 C:\\Users\\r.asadullin\\Documents\\Обучения\\обучение PHP Laravel разработчик\\php\\task_manager\\laravel_base\\vendor\\laravel\\framework\\src\\Illuminate\\View\\View.php(159): Illuminate\\View\\View->renderContents()
#10 C:\\Users\\r.asadullin\\Documents\\Обучения\\обучение PHP Laravel разработчик\\php\\task_manager\\laravel_base\\vendor\\laravel\\framework\\src\\Illuminate\\Http\\Response.php(69): Illuminate\\View\\View->render()
#11 C:\\Users\\r.asadullin\\Documents\\Обучения\\обучение PHP Laravel разработчик\\php\\task_manager\\laravel_base\\vendor\\laravel\\framework\\src\\Illuminate\\Http\\Response.php(35): Illuminate\\Http\\Response->setContent()
#12 C:\\Users\\r.asadullin\\Documents\\Обучения\\обучение PHP Laravel разработчик\\php\\task_manager\\laravel_base\\vendor\\laravel\\framework\\src\\Illuminate\\Routing\\Router.php(918): Illuminate\\Http\\Response->__construct()
#13 C:\\Users\\r.asadullin\\Documents\\Обучения\\обучение PHP Laravel разработчик\\php\\task_manager\\laravel_base\\vendor\\laravel\\framework\\src\\Illuminate\\Routing\\Router.php(885): Illuminate\\Routing\\Router::toResponse()
#14 C:\\Users\\r.asadullin\\Documents\\Обучения\\обучение PHP Laravel разработчик\\php\\task_manager\\laravel_base\\vendor\\laravel\\framework\\src\\Illuminate\\Routing\\Router.php(805): Illuminate\\Routing\\Router->prepareResponse()
#15 C:\\Users\\r.asadullin\\Documents\\Обучения\\обучение PHP Laravel разработчик\\php\\task_manager\\laravel_base\\vendor\\laravel\\framework\\src\\Illuminate\\Pipeline\\Pipeline.php(144): Illuminate\\Routing\\Router->Illuminate\\Routing\\{closure}()
#16 C:\\Users\\r.asadullin\\Documents\\Обучения\\обучение PHP Laravel разработчик\\php\\task_manager\\laravel_base\\vendor\\laravel\\framework\\src\\Illuminate\\Routing\\Middleware\\SubstituteBindings.php(50): Illuminate\\Pipeline\\Pipeline->Illuminate\\Pipeline\\{closure}()
#17 C:\\Users\\r.asadullin\\Documents\\Обучения\\обучение PHP Laravel разработчик\\php\\task_manager\\laravel_base\\vendor\\laravel\\framework\\src\\Illuminate\\Pipeline\\Pipeline.php(183): Illuminate\\Routing\\Middleware\\SubstituteBindings->handle()
#18 C:\\Users\\r.asadullin\\Documents\\Обучения\\обучение PHP Laravel разработчик\\php\\task_manager\\laravel_base\\vendor\\laravel\\framework\\src\\Illuminate\\Foundation\\Http\\Middleware\\VerifyCsrfToken.php(78): Illuminate\\Pipeline\\Pipeline->Illuminate\\Pipeline\\{closure}()
#19 C:\\Users\\r.asadullin\\Documents\\Обучения\\обучение PHP Laravel разработчик\\php\\task_manager\\laravel_base\\vendor\\laravel\\framework\\src\\Illuminate\\Pipeline\\Pipeline.php(183): Illuminate\\Foundation\\Http\\Middleware\\VerifyCsrfToken->handle()
#20 C:\\Users\\r.asadullin\\Documents\\Обучения\\обучение PHP Laravel разработчик\\php\\task_manager\\laravel_base\\vendor\\laravel\\framework\\src\\Illuminate\\View\\Middleware\\ShareErrorsFromSession.php(49): Illuminate\\Pipeline\\Pipeline->Illuminate\\Pipeline\\{closure}()
#21 C:\\Users\\r.asadullin\\Documents\\Обучения\\обучение PHP Laravel разработчик\\php\\task_manager\\laravel_base\\vendor\\laravel\\framework\\src\\Illuminate\\Pipeline\\Pipeline.php(183): Illuminate\\View\\Middleware\\ShareErrorsFromSession->handle()
#22 C:\\Users\\r.asadullin\\Documents\\Обучения\\обучение PHP Laravel разработчик\\php\\task_manager\\laravel_base\\vendor\\laravel\\framework\\src\\Illuminate\\Session\\Middleware\\StartSession.php(121): Illuminate\\Pipeline\\Pipeline->Illuminate\\Pipeline\\{closure}()
#23 C:\\Users\\r.asadullin\\Documents\\Обучения\\обучение PHP Laravel разработчик\\php\\task_manager\\laravel_base\\vendor\\laravel\\framework\\src\\Illuminate\\Session\\Middleware\\StartSession.php(64): Illuminate\\Session\\Middleware\\StartSession->handleStatefulRequest()
#24 C:\\Users\\r.asadullin\\Documents\\Обучения\\обучение PHP Laravel разработчик\\php\\task_manager\\laravel_base\\vendor\\laravel\\framework\\src\\Illuminate\\Pipeline\\Pipeline.php(183): Illuminate\\Session\\Middleware\\StartSession->handle()
#25 C:\\Users\\r.asadullin\\Documents\\Обучения\\обучение PHP Laravel разработчик\\php\\task_manager\\laravel_base\\vendor\\laravel\\framework\\src\\Illuminate\\Cookie\\Middleware\\AddQueuedCookiesToResponse.php(37): Illuminate\\Pipeline\\Pipeline->Illuminate\\Pipeline\\{closure}()
#26 C:\\Users\\r.asadullin\\Documents\\Обучения\\обучение PHP Laravel разработчик\\php\\task_manager\\laravel_base\\vendor\\laravel\\framework\\src\\Illuminate\\Pipeline\\Pipeline.php(183): Illuminate\\Cookie\\Middleware\\AddQueuedCookiesToResponse->handle()
#27 C:\\Users\\r.asadullin\\Documents\\Обучения\\обучение PHP Laravel разработчик\\php\\task_manager\\laravel_base\\vendor\\laravel\\framework\\src\\Illuminate\\Cookie\\Middleware\\EncryptCookies.php(67): Illuminate\\Pipeline\\Pipeline->Illuminate\\Pipeline\\{closure}()
#28 C:\\Users\\r.asadullin\\Documents\\Обучения\\обучение PHP Laravel разработчик\\php\\task_manager\\laravel_base\\vendor\\laravel\\framework\\src\\Illuminate\\Pipeline\\Pipeline.php(183): Illuminate\\Cookie\\Middleware\\EncryptCookies->handle()
#29 C:\\Users\\r.asadullin\\Documents\\Обучения\\обучение PHP Laravel разработчик\\php\\task_manager\\laravel_base\\vendor\\laravel\\framework\\src\\Illuminate\\Pipeline\\Pipeline.php(119): Illuminate\\Pipeline\\Pipeline->Illuminate\\Pipeline\\{closure}()
#30 C:\\Users\\r.asadullin\\Documents\\Обучения\\обучение PHP Laravel разработчик\\php\\task_manager\\laravel_base\\vendor\\laravel\\framework\\src\\Illuminate\\Routing\\Router.php(805): Illuminate\\Pipeline\\Pipeline->then()
#31 C:\\Users\\r.asadullin\\Documents\\Обучения\\обучение PHP Laravel разработчик\\php\\task_manager\\laravel_base\\vendor\\laravel\\framework\\src\\Illuminate\\Routing\\Router.php(784): Illuminate\\Routing\\Router->runRouteWithinStack()
#32 C:\\Users\\r.asadullin\\Documents\\Обучения\\обучение PHP Laravel разработчик\\php\\task_manager\\laravel_base\\vendor\\laravel\\framework\\src\\Illuminate\\Routing\\Router.php(748): Illuminate\\Routing\\Router->runRoute()
#33 C:\\Users\\r.asadullin\\Documents\\Обучения\\обучение PHP Laravel разработчик\\php\\task_manager\\laravel_base\\vendor\\laravel\\framework\\src\\Illuminate\\Routing\\Router.php(737): Illuminate\\Routing\\Router->dispatchToRoute()
#34 C:\\Users\\r.asadullin\\Documents\\Обучения\\обучение PHP Laravel разработчик\\php\\task_manager\\laravel_base\\vendor\\laravel\\framework\\src\\Illuminate\\Foundation\\Http\\Kernel.php(200): Illuminate\\Routing\\Router->dispatch()
#35 C:\\Users\\r.asadullin\\Documents\\Обучения\\обучение PHP Laravel разработчик\\php\\task_manager\\laravel_base\\vendor\\laravel\\framework\\src\\Illuminate\\Pipeline\\Pipeline.php(144): Illuminate\\Foundation\\Http\\Kernel->Illuminate\\Foundation\\Http\\{closure}()
#36 C:\\Users\\r.asadullin\\Documents\\Обучения\\обучение PHP Laravel разработчик\\php\\task_manager\\laravel_base\\vendor\\laravel\\framework\\src\\Illuminate\\Foundation\\Http\\Middleware\\TransformsRequest.php(21): Illuminate\\Pipeline\\Pipeline->Illuminate\\Pipeline\\{closure}()
#37 C:\\Users\\r.asadullin\\Documents\\Обучения\\обучение PHP Laravel разработчик\\php\\task_manager\\laravel_base\\vendor\\laravel\\framework\\src\\Illuminate\\Foundation\\Http\\Middleware\\ConvertEmptyStringsToNull.php(31): Illuminate\\Foundation\\Http\\Middleware\\TransformsRequest->handle()
#38 C:\\Users\\r.asadullin\\Documents\\Обучения\\обучение PHP Laravel разработчик\\php\\task_manager\\laravel_base\\vendor\\laravel\\framework\\src\\Illuminate\\Pipeline\\Pipeline.php(183): Illuminate\\Foundation\\Http\\Middleware\\ConvertEmptyStringsToNull->handle()
#39 C:\\Users\\r.asadullin\\Documents\\Обучения\\обучение PHP Laravel разработчик\\php\\task_manager\\laravel_base\\vendor\\laravel\\framework\\src\\Illuminate\\Foundation\\Http\\Middleware\\TransformsRequest.php(21): Illuminate\\Pipeline\\Pipeline->Illuminate\\Pipeline\\{closure}()
#40 C:\\Users\\r.asadullin\\Documents\\Обучения\\обучение PHP Laravel разработчик\\php\\task_manager\\laravel_base\\vendor\\laravel\\framework\\src\\Illuminate\\Foundation\\Http\\Middleware\\TrimStrings.php(40): Illuminate\\Foundation\\Http\\Middleware\\TransformsRequest->handle()
#41 C:\\Users\\r.asadullin\\Documents\\Обучения\\обучение PHP Laravel разработчик\\php\\task_manager\\laravel_base\\vendor\\laravel\\framework\\src\\Illuminate\\Pipeline\\Pipeline.php(183): Illuminate\\Foundation\\Http\\Middleware\\TrimStrings->handle()
#42 C:\\Users\\r.asadullin\\Documents\\Обучения\\обучение PHP Laravel разработчик\\php\\task_manager\\laravel_base\\vendor\\laravel\\framework\\src\\Illuminate\\Foundation\\Http\\Middleware\\ValidatePostSize.php(27): Illuminate\\Pipeline\\Pipeline->Illuminate\\Pipeline\\{closure}()
#43 C:\\Users\\r.asadullin\\Documents\\Обучения\\обучение PHP Laravel разработчик\\php\\task_manager\\laravel_base\\vendor\\laravel\\framework\\src\\Illuminate\\Pipeline\\Pipeline.php(183): Illuminate\\Foundation\\Http\\Middleware\\ValidatePostSize->handle()
#44 C:\\Users\\r.asadullin\\Documents\\Обучения\\обучение PHP Laravel разработчик\\php\\task_manager\\laravel_base\\vendor\\laravel\\framework\\src\\Illuminate\\Foundation\\Http\\Middleware\\PreventRequestsDuringMaintenance.php(99): Illuminate\\Pipeline\\Pipeline->Illuminate\\Pipeline\\{closure}()
#45 C:\\Users\\r.asadullin\\Documents\\Обучения\\обучение PHP Laravel разработчик\\php\\task_manager\\laravel_base\\vendor\\laravel\\framework\\src\\Illuminate\\Pipeline\\Pipeline.php(183): Illuminate\\Foundation\\Http\\Middleware\\PreventRequestsDuringMaintenance->handle()
#46 C:\\Users\\r.asadullin\\Documents\\Обучения\\обучение PHP Laravel разработчик\\php\\task_manager\\laravel_base\\vendor\\laravel\\framework\\src\\Illuminate\\Http\\Middleware\\HandleCors.php(49): Illuminate\\Pipeline\\Pipeline->Illuminate\\Pipeline\\{closure}()
#47 C:\\Users\\r.asadullin\\Documents\\Обучения\\обучение PHP Laravel разработчик\\php\\task_manager\\laravel_base\\vendor\\laravel\\framework\\src\\Illuminate\\Pipeline\\Pipeline.php(183): Illuminate\\Http\\Middleware\\HandleCors->handle()
#48 C:\\Users\\r.asadullin\\Documents\\Обучения\\обучение PHP Laravel разработчик\\php\\task_manager\\laravel_base\\vendor\\laravel\\framework\\src\\Illuminate\\Http\\Middleware\\TrustProxies.php(39): Illuminate\\Pipeline\\Pipeline->Illuminate\\Pipeline\\{closure}()
#49 C:\\Users\\r.asadullin\\Documents\\Обучения\\обучение PHP Laravel разработчик\\php\\task_manager\\laravel_base\\vendor\\laravel\\framework\\src\\Illuminate\\Pipeline\\Pipeline.php(183): Illuminate\\Http\\Middleware\\TrustProxies->handle()
#50 C:\\Users\\r.asadullin\\Documents\\Обучения\\обучение PHP Laravel разработчик\\php\\task_manager\\laravel_base\\vendor\\laravel\\framework\\src\\Illuminate\\Pipeline\\Pipeline.php(119): Illuminate\\Pipeline\\Pipeline->Illuminate\\Pipeline\\{closure}()
#51 C:\\Users\\r.asadullin\\Documents\\Обучения\\обучение PHP Laravel разработчик\\php\\task_manager\\laravel_base\\vendor\\laravel\\framework\\src\\Illuminate\\Foundation\\Http\\Kernel.php(175): Illuminate\\Pipeline\\Pipeline->then()
#52 C:\\Users\\r.asadullin\\Documents\\Обучения\\обучение PHP Laravel разработчик\\php\\task_manager\\laravel_base\\vendor\\laravel\\framework\\src\\Illuminate\\Foundation\\Http\\Kernel.php(144): Illuminate\\Foundation\\Http\\Kernel->sendRequestThroughRouter()
#53 C:\\Users\\r.asadullin\\Documents\\Обучения\\обучение PHP Laravel разработчик\\php\\task_manager\\laravel_base\\public\\index.php(51): Illuminate\\Foundation\\Http\\Kernel->handle()
#54 C:\\Users\\r.asadullin\\Documents\\Обучения\\обучение PHP Laravel разработчик\\php\\task_manager\\laravel_base\\vendor\\laravel\\framework\\src\\Illuminate\\Foundation\\resources\\server.php(16): require_once('C:\\\\Users\\\\r.asad...')
#55 {main}

[previous exception] [object] (BadMethodCallException(code: 0): Call to undefined method App\\Models\\User::getId() at C:\\Users\\r.asadullin\\Documents\\Обучения\\обучение PHP Laravel разработчик\\php\\task_manager\\laravel_base\\vendor\\laravel\\framework\\src\\Illuminate\\Support\\Traits\\ForwardsCalls.php:67)
[stacktrace]
#0 C:\\Users\\r.asadullin\\Documents\\Обучения\\обучение PHP Laravel разработчик\\php\\task_manager\\laravel_base\\vendor\\laravel\\framework\\src\\Illuminate\\Support\\Traits\\ForwardsCalls.php(36): Illuminate\\Database\\Eloquent\\Model::throwBadMethodCallException()
#1 C:\\Users\\r.asadullin\\Documents\\Обучения\\обучение PHP Laravel разработчик\\php\\task_manager\\laravel_base\\vendor\\laravel\\framework\\src\\Illuminate\\Database\\Eloquent\\Model.php(2335): Illuminate\\Database\\Eloquent\\Model->forwardCallTo()
#2 C:\\Users\\r.asadullin\\Documents\\Обучения\\обучение PHP Laravel разработчик\\php\\task_manager\\laravel_base\\storage\\framework\\views\\c3fb88e78793d8bffd4e11278b47af90.php(17): Illuminate\\Database\\Eloquent\\Model->__call()
#3 C:\\Users\\r.asadullin\\Documents\\Обучения\\обучение PHP Laravel разработчик\\php\\task_manager\\laravel_base\\vendor\\laravel\\framework\\src\\Illuminate\\Filesystem\\Filesystem.php(123): require('C:\\\\Users\\\\r.asad...')
#4 C:\\Users\\r.asadullin\\Documents\\Обучения\\обучение PHP Laravel разработчик\\php\\task_manager\\laravel_base\\vendor\\laravel\\framework\\src\\Illuminate\\Filesystem\\Filesystem.php(124): Illuminate\\Filesystem\\Filesystem::Illuminate\\Filesystem\\{closure}()
#5 C:\\Users\\r.asadullin\\Documents\\Обучения\\обучение PHP Laravel разработчик\\php\\task_manager\\laravel_base\\vendor\\laravel\\framework\\src\\Illuminate\\View\\Engines\\PhpEngine.php(58): Illuminate\\Filesystem\\Filesystem->getRequire()
#6 C:\\Users\\r.asadullin\\Documents\\Обучения\\обучение PHP Laravel разработчик\\php\\task_manager\\laravel_base\\vendor\\laravel\\framework\\src\\Illuminate\\View\\Engines\\CompilerEngine.php(72): Illuminate\\View\\Engines\\PhpEngine->evaluatePath()
#7 C:\\Users\\r.asadullin\\Documents\\Обучения\\обучение PHP Laravel разработчик\\php\\task_manager\\laravel_base\\vendor\\laravel\\framework\\src\\Illuminate\\View\\View.php(207): Illuminate\\View\\Engines\\CompilerEngine->get()
#8 C:\\Users\\r.asadullin\\Documents\\Обучения\\обучение PHP Laravel разработчик\\php\\task_manager\\laravel_base\\vendor\\laravel\\framework\\src\\Illuminate\\View\\View.php(190): Illuminate\\View\\View->getContents()
#9 C:\\Users\\r.asadullin\\Documents\\Обучения\\обучение PHP Laravel разработчик\\php\\task_manager\\laravel_base\\vendor\\laravel\\framework\\src\\Illuminate\\View\\View.php(159): Illuminate\\View\\View->renderContents()
#10 C:\\Users\\r.asadullin\\Documents\\Обучения\\обучение PHP Laravel разработчик\\php\\task_manager\\laravel_base\\vendor\\laravel\\framework\\src\\Illuminate\\Http\\Response.php(69): Illuminate\\View\\View->render()
#11 C:\\Users\\r.asadullin\\Documents\\Обучения\\обучение PHP Laravel разработчик\\php\\task_manager\\laravel_base\\vendor\\laravel\\framework\\src\\Illuminate\\Http\\Response.php(35): Illuminate\\Http\\Response->setContent()
#12 C:\\Users\\r.asadullin\\Documents\\Обучения\\обучение PHP Laravel разработчик\\php\\task_manager\\laravel_base\\vendor\\laravel\\framework\\src\\Illuminate\\Routing\\Router.php(918): Illuminate\\Http\\Response->__construct()
#13 C:\\Users\\r.asadullin\\Documents\\Обучения\\обучение PHP Laravel разработчик\\php\\task_manager\\laravel_base\\vendor\\laravel\\framework\\src\\Illuminate\\Routing\\Router.php(885): Illuminate\\Routing\\Router::toResponse()
#14 C:\\Users\\r.asadullin\\Documents\\Обучения\\обучение PHP Laravel разработчик\\php\\task_manager\\laravel_base\\vendor\\laravel\\framework\\src\\Illuminate\\Routing\\Router.php(805): Illuminate\\Routing\\Router->prepareResponse()
#15 C:\\Users\\r.asadullin\\Documents\\Обучения\\обучение PHP Laravel разработчик\\php\\task_manager\\laravel_base\\vendor\\laravel\\framework\\src\\Illuminate\\Pipeline\\Pipeline.php(144): Illuminate\\Routing\\Router->Illuminate\\Routing\\{closure}()
#16 C:\\Users\\r.asadullin\\Documents\\Обучения\\обучение PHP Laravel разработчик\\php\\task_manager\\laravel_base\\vendor\\laravel\\framework\\src\\Illuminate\\Routing\\Middleware\\SubstituteBindings.php(50): Illuminate\\Pipeline\\Pipeline->Illuminate\\Pipeline\\{closure}()
#17 C:\\Users\\r.asadullin\\Documents\\Обучения\\обучение PHP Laravel разработчик\\php\\task_manager\\laravel_base\\vendor\\laravel\\framework\\src\\Illuminate\\Pipeline\\Pipeline.php(183): Illuminate\\Routing\\Middleware\\SubstituteBindings->handle()
#18 C:\\Users\\r.asadullin\\Documents\\Обучения\\обучение PHP Laravel разработчик\\php\\task_manager\\laravel_base\\vendor\\laravel\\framework\\src\\Illuminate\\Foundation\\Http\\Middleware\\VerifyCsrfToken.php(78): Illuminate\\Pipeline\\Pipeline->Illuminate\\Pipeline\\{closure}()
#19 C:\\Users\\r.asadullin\\Documents\\Обучения\\обучение PHP Laravel разработчик\\php\\task_manager\\laravel_base\\vendor\\laravel\\framework\\src\\Illuminate\\Pipeline\\Pipeline.php(183): Illuminate\\Foundation\\Http\\Middleware\\VerifyCsrfToken->handle()
#20 C:\\Users\\r.asadullin\\Documents\\Обучения\\обучение PHP Laravel разработчик\\php\\task_manager\\laravel_base\\vendor\\laravel\\framework\\src\\Illuminate\\View\\Middleware\\ShareErrorsFromSession.php(49): Illuminate\\Pipeline\\Pipeline->Illuminate\\Pipeline\\{closure}()
#21 C:\\Users\\r.asadullin\\Documents\\Обучения\\обучение PHP Laravel разработчик\\php\\task_manager\\laravel_base\\vendor\\laravel\\framework\\src\\Illuminate\\Pipeline\\Pipeline.php(183): Illuminate\\View\\Middleware\\ShareErrorsFromSession->handle()
#22 C:\\Users\\r.asadullin\\Documents\\Обучения\\обучение PHP Laravel разработчик\\php\\task_manager\\laravel_base\\vendor\\laravel\\framework\\src\\Illuminate\\Session\\Middleware\\StartSession.php(121): Illuminate\\Pipeline\\Pipeline->Illuminate\\Pipeline\\{closure}()
#23 C:\\Users\\r.asadullin\\Documents\\Обучения\\обучение PHP Laravel разработчик\\php\\task_manager\\laravel_base\\vendor\\laravel\\framework\\src\\Illuminate\\Session\\Middleware\\StartSession.php(64): Illuminate\\Session\\Middleware\\StartSession->handleStatefulRequest()
#24 C:\\Users\\r.asadullin\\Documents\\Обучения\\обучение PHP Laravel разработчик\\php\\task_manager\\laravel_base\\vendor\\laravel\\framework\\src\\Illuminate\\Pipeline\\Pipeline.php(183): Illuminate\\Session\\Middleware\\StartSession->handle()
#25 C:\\Users\\r.asadullin\\Documents\\Обучения\\обучение PHP Laravel разработчик\\php\\task_manager\\laravel_base\\vendor\\laravel\\framework\\src\\Illuminate\\Cookie\\Middleware\\AddQueuedCookiesToResponse.php(37): Illuminate\\Pipeline\\Pipeline->Illuminate\\Pipeline\\{closure}()
#26 C:\\Users\\r.asadullin\\Documents\\Обучения\\обучение PHP Laravel разработчик\\php\\task_manager\\laravel_base\\vendor\\laravel\\framework\\src\\Illuminate\\Pipeline\\Pipeline.php(183): Illuminate\\Cookie\\Middleware\\AddQueuedCookiesToResponse->handle()
#27 C:\\Users\\r.asadullin\\Documents\\Обучения\\обучение PHP Laravel разработчик\\php\\task_manager\\laravel_base\\vendor\\laravel\\framework\\src\\Illuminate\\Cookie\\Middleware\\EncryptCookies.php(67): Illuminate\\Pipeline\\Pipeline->Illuminate\\Pipeline\\{closure}()
#28 C:\\Users\\r.asadullin\\Documents\\Обучения\\обучение PHP Laravel разработчик\\php\\task_manager\\laravel_base\\vendor\\laravel\\framework\\src\\Illuminate\\Pipeline\\Pipeline.php(183): Illuminate\\Cookie\\Middleware\\EncryptCookies->handle()
#29 C:\\Users\\r.asadullin\\Documents\\Обучения\\обучение PHP Laravel разработчик\\php\\task_manager\\laravel_base\\vendor\\laravel\\framework\\src\\Illuminate\\Pipeline\\Pipeline.php(119): Illuminate\\Pipeline\\Pipeline->Illuminate\\Pipeline\\{closure}()
#30 C:\\Users\\r.asadullin\\Documents\\Обучения\\обучение PHP Laravel разработчик\\php\\task_manager\\laravel_base\\vendor\\laravel\\framework\\src\\Illuminate\\Routing\\Router.php(805): Illuminate\\Pipeline\\Pipeline->then()
#31 C:\\Users\\r.asadullin\\Documents\\Обучения\\обучение PHP Laravel разработчик\\php\\task_manager\\laravel_base\\vendor\\laravel\\framework\\src\\Illuminate\\Routing\\Router.php(784): Illuminate\\Routing\\Router->runRouteWithinStack()
#32 C:\\Users\\r.asadullin\\Documents\\Обучения\\обучение PHP Laravel разработчик\\php\\task_manager\\laravel_base\\vendor\\laravel\\framework\\src\\Illuminate\\Routing\\Router.php(748): Illuminate\\Routing\\Router->runRoute()
#33 C:\\Users\\r.asadullin\\Documents\\Обучения\\обучение PHP Laravel разработчик\\php\\task_manager\\laravel_base\\vendor\\laravel\\framework\\src\\Illuminate\\Routing\\Router.php(737): Illuminate\\Routing\\Router->dispatchToRoute()
#34 C:\\Users\\r.asadullin\\Documents\\Обучения\\обучение PHP Laravel разработчик\\php\\task_manager\\laravel_base\\vendor\\laravel\\framework\\src\\Illuminate\\Foundation\\Http\\Kernel.php(200): Illuminate\\Routing\\Router->dispatch()
#35 C:\\Users\\r.asadullin\\Documents\\Обучения\\обучение PHP Laravel разработчик\\php\\task_manager\\laravel_base\\vendor\\laravel\\framework\\src\\Illuminate\\Pipeline\\Pipeline.php(144): Illuminate\\Foundation\\Http\\Kernel->Illuminate\\Foundation\\Http\\{closure}()
#36 C:\\Users\\r.asadullin\\Documents\\Обучения\\обучение PHP Laravel разработчик\\php\\task_manager\\laravel_base\\vendor\\laravel\\framework\\src\\Illuminate\\Foundation\\Http\\Middleware\\TransformsRequest.php(21): Illuminate\\Pipeline\\Pipeline->Illuminate\\Pipeline\\{closure}()
#37 C:\\Users\\r.asadullin\\Documents\\Обучения\\обучение PHP Laravel разработчик\\php\\task_manager\\laravel_base\\vendor\\laravel\\framework\\src\\Illuminate\\Foundation\\Http\\Middleware\\ConvertEmptyStringsToNull.php(31): Illuminate\\Foundation\\Http\\Middleware\\TransformsRequest->handle()
#38 C:\\Users\\r.asadullin\\Documents\\Обучения\\обучение PHP Laravel разработчик\\php\\task_manager\\laravel_base\\vendor\\laravel\\framework\\src\\Illuminate\\Pipeline\\Pipeline.php(183): Illuminate\\Foundation\\Http\\Middleware\\ConvertEmptyStringsToNull->handle()
#39 C:\\Users\\r.asadullin\\Documents\\Обучения\\обучение PHP Laravel разработчик\\php\\task_manager\\laravel_base\\vendor\\laravel\\framework\\src\\Illuminate\\Foundation\\Http\\Middleware\\TransformsRequest.php(21): Illuminate\\Pipeline\\Pipeline->Illuminate\\Pipeline\\{closure}()
#40 C:\\Users\\r.asadullin\\Documents\\Обучения\\обучение PHP Laravel разработчик\\php\\task_manager\\laravel_base\\vendor\\laravel\\framework\\src\\Illuminate\\Foundation\\Http\\Middleware\\TrimStrings.php(40): Illuminate\\Foundation\\Http\\Middleware\\TransformsRequest->handle()
#41 C:\\Users\\r.asadullin\\Documents\\Обучения\\обучение PHP Laravel разработчик\\php\\task_manager\\laravel_base\\vendor\\laravel\\framework\\src\\Illuminate\\Pipeline\\Pipeline.php(183): Illuminate\\Foundation\\Http\\Middleware\\TrimStrings->handle()
#42 C:\\Users\\r.asadullin\\Documents\\Обучения\\обучение PHP Laravel разработчик\\php\\task_manager\\laravel_base\\vendor\\laravel\\framework\\src\\Illuminate\\Foundation\\Http\\Middleware\\ValidatePostSize.php(27): Illuminate\\Pipeline\\Pipeline->Illuminate\\Pipeline\\{closure}()
#43 C:\\Users\\r.asadullin\\Documents\\Обучения\\обучение PHP Laravel разработчик\\php\\task_manager\\laravel_base\\vendor\\laravel\\framework\\src\\Illuminate\\Pipeline\\Pipeline.php(183): Illuminate\\Foundation\\Http\\Middleware\\ValidatePostSize->handle()
#44 C:\\Users\\r.asadullin\\Documents\\Обучения\\обучение PHP Laravel разработчик\\php\\task_manager\\laravel_base\\vendor\\laravel\\framework\\src\\Illuminate\\Foundation\\Http\\Middleware\\PreventRequestsDuringMaintenance.php(99): Illuminate\\Pipeline\\Pipeline->Illuminate\\Pipeline\\{closure}()
#45 C:\\Users\\r.asadullin\\Documents\\Обучения\\обучение PHP Laravel разработчик\\php\\task_manager\\laravel_base\\vendor\\laravel\\framework\\src\\Illuminate\\Pipeline\\Pipeline.php(183): Illuminate\\Foundation\\Http\\Middleware\\PreventRequestsDuringMaintenance->handle()
#46 C:\\Users\\r.asadullin\\Documents\\Обучения\\обучение PHP Laravel разработчик\\php\\task_manager\\laravel_base\\vendor\\laravel\\framework\\src\\Illuminate\\Http\\Middleware\\HandleCors.php(49): Illuminate\\Pipeline\\Pipeline->Illuminate\\Pipeline\\{closure}()
#47 C:\\Users\\r.asadullin\\Documents\\Обучения\\обучение PHP Laravel разработчик\\php\\task_manager\\laravel_base\\vendor\\laravel\\framework\\src\\Illuminate\\Pipeline\\Pipeline.php(183): Illuminate\\Http\\Middleware\\HandleCors->handle()
#48 C:\\Users\\r.asadullin\\Documents\\Обучения\\обучение PHP Laravel разработчик\\php\\task_manager\\laravel_base\\vendor\\laravel\\framework\\src\\Illuminate\\Http\\Middleware\\TrustProxies.php(39): Illuminate\\Pipeline\\Pipeline->Illuminate\\Pipeline\\{closure}()
#49 C:\\Users\\r.asadullin\\Documents\\Обучения\\обучение PHP Laravel разработчик\\php\\task_manager\\laravel_base\\vendor\\laravel\\framework\\src\\Illuminate\\Pipeline\\Pipeline.php(183): Illuminate\\Http\\Middleware\\TrustProxies->handle()
#50 C:\\Users\\r.asadullin\\Documents\\Обучения\\обучение PHP Laravel разработчик\\php\\task_manager\\laravel_base\\vendor\\laravel\\framework\\src\\Illuminate\\Pipeline\\Pipeline.php(119): Illuminate\\Pipeline\\Pipeline->Illuminate\\Pipeline\\{closure}()
#51 C:\\Users\\r.asadullin\\Documents\\Обучения\\обучение PHP Laravel разработчик\\php\\task_manager\\laravel_base\\vendor\\laravel\\framework\\src\\Illuminate\\Foundation\\Http\\Kernel.php(175): Illuminate\\Pipeline\\Pipeline->then()
#52 C:\\Users\\r.asadullin\\Documents\\Обучения\\обучение PHP Laravel разработчик\\php\\task_manager\\laravel_base\\vendor\\laravel\\framework\\src\\Illuminate\\Foundation\\Http\\Kernel.php(144): Illuminate\\Foundation\\Http\\Kernel->sendRequestThroughRouter()
#53 C:\\Users\\r.asadullin\\Documents\\Обучения\\обучение PHP Laravel разработчик\\php\\task_manager\\laravel_base\\public\\index.php(51): Illuminate\\Foundation\\Http\\Kernel->handle()
#54 C:\\Users\\r.asadullin\\Documents\\Обучения\\обучение PHP Laravel разработчик\\php\\task_manager\\laravel_base\\vendor\\laravel\\framework\\src\\Illuminate\\Foundation\\resources\\server.php(16): require_once('C:\\\\Users\\\\r.asad...')
#55 {main}
"} 
[2024-10-22 20:20:34] local.ERROR: Attempt to read property "name" on string {"view":{"view":"C:\\Users\\r.asadullin\\Documents\\Обучения\\обучение PHP Laravel разработчик\\php\\task_manager\\laravel_base\\resources\\views\\users\\show.blade.php","data":[]},"exception":"[object] (Spatie\\LaravelIgnition\\Exceptions\\ViewException(code: 0): Attempt to read property \"name\" on string at C:\\Users\\r.asadullin\\Documents\\Обучения\\обучение PHP Laravel разработчик\\php\\task_manager\\laravel_base\\resources\\views\\users\\show.blade.php:14)
[stacktrace]
#0 C:\\Users\\r.asadullin\\Documents\\Обучения\\обучение PHP Laravel разработчик\\php\\task_manager\\laravel_base\\vendor\\laravel\\framework\\src\\Illuminate\\Filesystem\\Filesystem.php(123): require('C:\\\\Users\\\\r.asad...')
#1 C:\\Users\\r.asadullin\\Documents\\Обучения\\обучение PHP Laravel разработчик\\php\\task_manager\\laravel_base\\vendor\\laravel\\framework\\src\\Illuminate\\Filesystem\\Filesystem.php(124): Illuminate\\Filesystem\\Filesystem::Illuminate\\Filesystem\\{closure}()
#2 C:\\Users\\r.asadullin\\Documents\\Обучения\\обучение PHP Laravel разработчик\\php\\task_manager\\laravel_base\\vendor\\laravel\\framework\\src\\Illuminate\\View\\Engines\\PhpEngine.php(58): Illuminate\\Filesystem\\Filesystem->getRequire()
#3 C:\\Users\\r.asadullin\\Documents\\Обучения\\обучение PHP Laravel разработчик\\php\\task_manager\\laravel_base\\vendor\\laravel\\framework\\src\\Illuminate\\View\\Engines\\CompilerEngine.php(72): Illuminate\\View\\Engines\\PhpEngine->evaluatePath()
#4 C:\\Users\\r.asadullin\\Documents\\Обучения\\обучение PHP Laravel разработчик\\php\\task_manager\\laravel_base\\vendor\\laravel\\framework\\src\\Illuminate\\View\\View.php(207): Illuminate\\View\\Engines\\CompilerEngine->get()
#5 C:\\Users\\r.asadullin\\Documents\\Обучения\\обучение PHP Laravel разработчик\\php\\task_manager\\laravel_base\\vendor\\laravel\\framework\\src\\Illuminate\\View\\View.php(190): Illuminate\\View\\View->getContents()
#6 C:\\Users\\r.asadullin\\Documents\\Обучения\\обучение PHP Laravel разработчик\\php\\task_manager\\laravel_base\\vendor\\laravel\\framework\\src\\Illuminate\\View\\View.php(159): Illuminate\\View\\View->renderContents()
#7 C:\\Users\\r.asadullin\\Documents\\Обучения\\обучение PHP Laravel разработчик\\php\\task_manager\\laravel_base\\vendor\\laravel\\framework\\src\\Illuminate\\Http\\Response.php(69): Illuminate\\View\\View->render()
#8 C:\\Users\\r.asadullin\\Documents\\Обучения\\обучение PHP Laravel разработчик\\php\\task_manager\\laravel_base\\vendor\\laravel\\framework\\src\\Illuminate\\Http\\Response.php(35): Illuminate\\Http\\Response->setContent()
#9 C:\\Users\\r.asadullin\\Documents\\Обучения\\обучение PHP Laravel разработчик\\php\\task_manager\\laravel_base\\vendor\\laravel\\framework\\src\\Illuminate\\Routing\\Router.php(918): Illuminate\\Http\\Response->__construct()
#10 C:\\Users\\r.asadullin\\Documents\\Обучения\\обучение PHP Laravel разработчик\\php\\task_manager\\laravel_base\\vendor\\laravel\\framework\\src\\Illuminate\\Routing\\Router.php(885): Illuminate\\Routing\\Router::toResponse()
#11 C:\\Users\\r.asadullin\\Documents\\Обучения\\обучение PHP Laravel разработчик\\php\\task_manager\\laravel_base\\vendor\\laravel\\framework\\src\\Illuminate\\Routing\\Router.php(805): Illuminate\\Routing\\Router->prepareResponse()
#12 C:\\Users\\r.asadullin\\Documents\\Обучения\\обучение PHP Laravel разработчик\\php\\task_manager\\laravel_base\\vendor\\laravel\\framework\\src\\Illuminate\\Pipeline\\Pipeline.php(144): Illuminate\\Routing\\Router->Illuminate\\Routing\\{closure}()
#13 C:\\Users\\r.asadullin\\Documents\\Обучения\\обучение PHP Laravel разработчик\\php\\task_manager\\laravel_base\\vendor\\laravel\\framework\\src\\Illuminate\\Routing\\Middleware\\SubstituteBindings.php(50): Illuminate\\Pipeline\\Pipeline->Illuminate\\Pipeline\\{closure}()
#14 C:\\Users\\r.asadullin\\Documents\\Обучения\\обучение PHP Laravel разработчик\\php\\task_manager\\laravel_base\\vendor\\laravel\\framework\\src\\Illuminate\\Pipeline\\Pipeline.php(183): Illuminate\\Routing\\Middleware\\SubstituteBindings->handle()
#15 C:\\Users\\r.asadullin\\Documents\\Обучения\\обучение PHP Laravel разработчик\\php\\task_manager\\laravel_base\\vendor\\laravel\\framework\\src\\Illuminate\\Foundation\\Http\\Middleware\\VerifyCsrfToken.php(78): Illuminate\\Pipeline\\Pipeline->Illuminate\\Pipeline\\{closure}()
#16 C:\\Users\\r.asadullin\\Documents\\Обучения\\обучение PHP Laravel разработчик\\php\\task_manager\\laravel_base\\vendor\\laravel\\framework\\src\\Illuminate\\Pipeline\\Pipeline.php(183): Illuminate\\Foundation\\Http\\Middleware\\VerifyCsrfToken->handle()
#17 C:\\Users\\r.asadullin\\Documents\\Обучения\\обучение PHP Laravel разработчик\\php\\task_manager\\laravel_base\\vendor\\laravel\\framework\\src\\Illuminate\\View\\Middleware\\ShareErrorsFromSession.php(49): Illuminate\\Pipeline\\Pipeline->Illuminate\\Pipeline\\{closure}()
#18 C:\\Users\\r.asadullin\\Documents\\Обучения\\обучение PHP Laravel разработчик\\php\\task_manager\\laravel_base\\vendor\\laravel\\framework\\src\\Illuminate\\Pipeline\\Pipeline.php(183): Illuminate\\View\\Middleware\\ShareErrorsFromSession->handle()
#19 C:\\Users\\r.asadullin\\Documents\\Обучения\\обучение PHP Laravel разработчик\\php\\task_manager\\laravel_base\\vendor\\laravel\\framework\\src\\Illuminate\\Session\\Middleware\\StartSession.php(121): Illuminate\\Pipeline\\Pipeline->Illuminate\\Pipeline\\{closure}()
#20 C:\\Users\\r.asadullin\\Documents\\Обучения\\обучение PHP Laravel разработчик\\php\\task_manager\\laravel_base\\vendor\\laravel\\framework\\src\\Illuminate\\Session\\Middleware\\StartSession.php(64): Illuminate\\Session\\Middleware\\StartSession->handleStatefulRequest()
#21 C:\\Users\\r.asadullin\\Documents\\Обучения\\обучение PHP Laravel разработчик\\php\\task_manager\\laravel_base\\vendor\\laravel\\framework\\src\\Illuminate\\Pipeline\\Pipeline.php(183): Illuminate\\Session\\Middleware\\StartSession->handle()
#22 C:\\Users\\r.asadullin\\Documents\\Обучения\\обучение PHP Laravel разработчик\\php\\task_manager\\laravel_base\\vendor\\laravel\\framework\\src\\Illuminate\\Cookie\\Middleware\\AddQueuedCookiesToResponse.php(37): Illuminate\\Pipeline\\Pipeline->Illuminate\\Pipeline\\{closure}()
#23 C:\\Users\\r.asadullin\\Documents\\Обучения\\обучение PHP Laravel разработчик\\php\\task_manager\\laravel_base\\vendor\\laravel\\framework\\src\\Illuminate\\Pipeline\\Pipeline.php(183): Illuminate\\Cookie\\Middleware\\AddQueuedCookiesToResponse->handle()
#24 C:\\Users\\r.asadullin\\Documents\\Обучения\\обучение PHP Laravel разработчик\\php\\task_manager\\laravel_base\\vendor\\laravel\\framework\\src\\Illuminate\\Cookie\\Middleware\\EncryptCookies.php(67): Illuminate\\Pipeline\\Pipeline->Illuminate\\Pipeline\\{closure}()
#25 C:\\Users\\r.asadullin\\Documents\\Обучения\\обучение PHP Laravel разработчик\\php\\task_manager\\laravel_base\\vendor\\laravel\\framework\\src\\Illuminate\\Pipeline\\Pipeline.php(183): Illuminate\\Cookie\\Middleware\\EncryptCookies->handle()
#26 C:\\Users\\r.asadullin\\Documents\\Обучения\\обучение PHP Laravel разработчик\\php\\task_manager\\laravel_base\\vendor\\laravel\\framework\\src\\Illuminate\\Pipeline\\Pipeline.php(119): Illuminate\\Pipeline\\Pipeline->Illuminate\\Pipeline\\{closure}()
#27 C:\\Users\\r.asadullin\\Documents\\Обучения\\обучение PHP Laravel разработчик\\php\\task_manager\\laravel_base\\vendor\\laravel\\framework\\src\\Illuminate\\Routing\\Router.php(805): Illuminate\\Pipeline\\Pipeline->then()
#28 C:\\Users\\r.asadullin\\Documents\\Обучения\\обучение PHP Laravel разработчик\\php\\task_manager\\laravel_base\\vendor\\laravel\\framework\\src\\Illuminate\\Routing\\Router.php(784): Illuminate\\Routing\\Router->runRouteWithinStack()
#29 C:\\Users\\r.asadullin\\Documents\\Обучения\\обучение PHP Laravel разработчик\\php\\task_manager\\laravel_base\\vendor\\laravel\\framework\\src\\Illuminate\\Routing\\Router.php(748): Illuminate\\Routing\\Router->runRoute()
#30 C:\\Users\\r.asadullin\\Documents\\Обучения\\обучение PHP Laravel разработчик\\php\\task_manager\\laravel_base\\vendor\\laravel\\framework\\src\\Illuminate\\Routing\\Router.php(737): Illuminate\\Routing\\Router->dispatchToRoute()
#31 C:\\Users\\r.asadullin\\Documents\\Обучения\\обучение PHP Laravel разработчик\\php\\task_manager\\laravel_base\\vendor\\laravel\\framework\\src\\Illuminate\\Foundation\\Http\\Kernel.php(200): Illuminate\\Routing\\Router->dispatch()
#32 C:\\Users\\r.asadullin\\Documents\\Обучения\\обучение PHP Laravel разработчик\\php\\task_manager\\laravel_base\\vendor\\laravel\\framework\\src\\Illuminate\\Pipeline\\Pipeline.php(144): Illuminate\\Foundation\\Http\\Kernel->Illuminate\\Foundation\\Http\\{closure}()
#33 C:\\Users\\r.asadullin\\Documents\\Обучения\\обучение PHP Laravel разработчик\\php\\task_manager\\laravel_base\\vendor\\laravel\\framework\\src\\Illuminate\\Foundation\\Http\\Middleware\\TransformsRequest.php(21): Illuminate\\Pipeline\\Pipeline->Illuminate\\Pipeline\\{closure}()
#34 C:\\Users\\r.asadullin\\Documents\\Обучения\\обучение PHP Laravel разработчик\\php\\task_manager\\laravel_base\\vendor\\laravel\\framework\\src\\Illuminate\\Foundation\\Http\\Middleware\\ConvertEmptyStringsToNull.php(31): Illuminate\\Foundation\\Http\\Middleware\\TransformsRequest->handle()
#35 C:\\Users\\r.asadullin\\Documents\\Обучения\\обучение PHP Laravel разработчик\\php\\task_manager\\laravel_base\\vendor\\laravel\\framework\\src\\Illuminate\\Pipeline\\Pipeline.php(183): Illuminate\\Foundation\\Http\\Middleware\\ConvertEmptyStringsToNull->handle()
#36 C:\\Users\\r.asadullin\\Documents\\Обучения\\обучение PHP Laravel разработчик\\php\\task_manager\\laravel_base\\vendor\\laravel\\framework\\src\\Illuminate\\Foundation\\Http\\Middleware\\TransformsRequest.php(21): Illuminate\\Pipeline\\Pipeline->Illuminate\\Pipeline\\{closure}()
#37 C:\\Users\\r.asadullin\\Documents\\Обучения\\обучение PHP Laravel разработчик\\php\\task_manager\\laravel_base\\vendor\\laravel\\framework\\src\\Illuminate\\Foundation\\Http\\Middleware\\TrimStrings.php(40): Illuminate\\Foundation\\Http\\Middleware\\TransformsRequest->handle()
#38 C:\\Users\\r.asadullin\\Documents\\Обучения\\обучение PHP Laravel разработчик\\php\\task_manager\\laravel_base\\vendor\\laravel\\framework\\src\\Illuminate\\Pipeline\\Pipeline.php(183): Illuminate\\Foundation\\Http\\Middleware\\TrimStrings->handle()
#39 C:\\Users\\r.asadullin\\Documents\\Обучения\\обучение PHP Laravel разработчик\\php\\task_manager\\laravel_base\\vendor\\laravel\\framework\\src\\Illuminate\\Foundation\\Http\\Middleware\\ValidatePostSize.php(27): Illuminate\\Pipeline\\Pipeline->Illuminate\\Pipeline\\{closure}()
#40 C:\\Users\\r.asadullin\\Documents\\Обучения\\обучение PHP Laravel разработчик\\php\\task_manager\\laravel_base\\vendor\\laravel\\framework\\src\\Illuminate\\Pipeline\\Pipeline.php(183): Illuminate\\Foundation\\Http\\Middleware\\ValidatePostSize->handle()
#41 C:\\Users\\r.asadullin\\Documents\\Обучения\\обучение PHP Laravel разработчик\\php\\task_manager\\laravel_base\\vendor\\laravel\\framework\\src\\Illuminate\\Foundation\\Http\\Middleware\\PreventRequestsDuringMaintenance.php(99): Illuminate\\Pipeline\\Pipeline->Illuminate\\Pipeline\\{closure}()
#42 C:\\Users\\r.asadullin\\Documents\\Обучения\\обучение PHP Laravel разработчик\\php\\task_manager\\laravel_base\\vendor\\laravel\\framework\\src\\Illuminate\\Pipeline\\Pipeline.php(183): Illuminate\\Foundation\\Http\\Middleware\\PreventRequestsDuringMaintenance->handle()
#43 C:\\Users\\r.asadullin\\Documents\\Обучения\\обучение PHP Laravel разработчик\\php\\task_manager\\laravel_base\\vendor\\laravel\\framework\\src\\Illuminate\\Http\\Middleware\\HandleCors.php(49): Illuminate\\Pipeline\\Pipeline->Illuminate\\Pipeline\\{closure}()
#44 C:\\Users\\r.asadullin\\Documents\\Обучения\\обучение PHP Laravel разработчик\\php\\task_manager\\laravel_base\\vendor\\laravel\\framework\\src\\Illuminate\\Pipeline\\Pipeline.php(183): Illuminate\\Http\\Middleware\\HandleCors->handle()
#45 C:\\Users\\r.asadullin\\Documents\\Обучения\\обучение PHP Laravel разработчик\\php\\task_manager\\laravel_base\\vendor\\laravel\\framework\\src\\Illuminate\\Http\\Middleware\\TrustProxies.php(39): Illuminate\\Pipeline\\Pipeline->Illuminate\\Pipeline\\{closure}()
#46 C:\\Users\\r.asadullin\\Documents\\Обучения\\обучение PHP Laravel разработчик\\php\\task_manager\\laravel_base\\vendor\\laravel\\framework\\src\\Illuminate\\Pipeline\\Pipeline.php(183): Illuminate\\Http\\Middleware\\TrustProxies->handle()
#47 C:\\Users\\r.asadullin\\Documents\\Обучения\\обучение PHP Laravel разработчик\\php\\task_manager\\laravel_base\\vendor\\laravel\\framework\\src\\Illuminate\\Pipeline\\Pipeline.php(119): Illuminate\\Pipeline\\Pipeline->Illuminate\\Pipeline\\{closure}()
#48 C:\\Users\\r.asadullin\\Documents\\Обучения\\обучение PHP Laravel разработчик\\php\\task_manager\\laravel_base\\vendor\\laravel\\framework\\src\\Illuminate\\Foundation\\Http\\Kernel.php(175): Illuminate\\Pipeline\\Pipeline->then()
#49 C:\\Users\\r.asadullin\\Documents\\Обучения\\обучение PHP Laravel разработчик\\php\\task_manager\\laravel_base\\vendor\\laravel\\framework\\src\\Illuminate\\Foundation\\Http\\Kernel.php(144): Illuminate\\Foundation\\Http\\Kernel->sendRequestThroughRouter()
#50 C:\\Users\\r.asadullin\\Documents\\Обучения\\обучение PHP Laravel разработчик\\php\\task_manager\\laravel_base\\public\\index.php(51): Illuminate\\Foundation\\Http\\Kernel->handle()
#51 C:\\Users\\r.asadullin\\Documents\\Обучения\\обучение PHP Laravel разработчик\\php\\task_manager\\laravel_base\\vendor\\laravel\\framework\\src\\Illuminate\\Foundation\\resources\\server.php(16): require_once('C:\\\\Users\\\\r.asad...')
#52 {main}

[previous exception] [object] (ErrorException(code: 0): Attempt to read property \"name\" on string at C:\\Users\\r.asadullin\\Documents\\Обучения\\обучение PHP Laravel разработчик\\php\\task_manager\\laravel_base\\storage\\framework\\views\\beb21251c0c0737b17e7ed4ff588e799.php:14)
[stacktrace]
#0 C:\\Users\\r.asadullin\\Documents\\Обучения\\обучение PHP Laravel разработчик\\php\\task_manager\\laravel_base\\vendor\\laravel\\framework\\src\\Illuminate\\Foundation\\Bootstrap\\HandleExceptions.php(255): Illuminate\\Foundation\\Bootstrap\\HandleExceptions->handleError()
#1 C:\\Users\\r.asadullin\\Documents\\Обучения\\обучение PHP Laravel разработчик\\php\\task_manager\\laravel_base\\storage\\framework\\views\\beb21251c0c0737b17e7ed4ff588e799.php(14): Illuminate\\Foundation\\Bootstrap\\HandleExceptions->Illuminate\\Foundation\\Bootstrap\\{closure}()
#2 C:\\Users\\r.asadullin\\Documents\\Обучения\\обучение PHP Laravel разработчик\\php\\task_manager\\laravel_base\\vendor\\laravel\\framework\\src\\Illuminate\\Filesystem\\Filesystem.php(123): require('C:\\\\Users\\\\r.asad...')
#3 C:\\Users\\r.asadullin\\Documents\\Обучения\\обучение PHP Laravel разработчик\\php\\task_manager\\laravel_base\\vendor\\laravel\\framework\\src\\Illuminate\\Filesystem\\Filesystem.php(124): Illuminate\\Filesystem\\Filesystem::Illuminate\\Filesystem\\{closure}()
#4 C:\\Users\\r.asadullin\\Documents\\Обучения\\обучение PHP Laravel разработчик\\php\\task_manager\\laravel_base\\vendor\\laravel\\framework\\src\\Illuminate\\View\\Engines\\PhpEngine.php(58): Illuminate\\Filesystem\\Filesystem->getRequire()
#5 C:\\Users\\r.asadullin\\Documents\\Обучения\\обучение PHP Laravel разработчик\\php\\task_manager\\laravel_base\\vendor\\laravel\\framework\\src\\Illuminate\\View\\Engines\\CompilerEngine.php(72): Illuminate\\View\\Engines\\PhpEngine->evaluatePath()
#6 C:\\Users\\r.asadullin\\Documents\\Обучения\\обучение PHP Laravel разработчик\\php\\task_manager\\laravel_base\\vendor\\laravel\\framework\\src\\Illuminate\\View\\View.php(207): Illuminate\\View\\Engines\\CompilerEngine->get()
#7 C:\\Users\\r.asadullin\\Documents\\Обучения\\обучение PHP Laravel разработчик\\php\\task_manager\\laravel_base\\vendor\\laravel\\framework\\src\\Illuminate\\View\\View.php(190): Illuminate\\View\\View->getContents()
#8 C:\\Users\\r.asadullin\\Documents\\Обучения\\обучение PHP Laravel разработчик\\php\\task_manager\\laravel_base\\vendor\\laravel\\framework\\src\\Illuminate\\View\\View.php(159): Illuminate\\View\\View->renderContents()
#9 C:\\Users\\r.asadullin\\Documents\\Обучения\\обучение PHP Laravel разработчик\\php\\task_manager\\laravel_base\\vendor\\laravel\\framework\\src\\Illuminate\\Http\\Response.php(69): Illuminate\\View\\View->render()
#10 C:\\Users\\r.asadullin\\Documents\\Обучения\\обучение PHP Laravel разработчик\\php\\task_manager\\laravel_base\\vendor\\laravel\\framework\\src\\Illuminate\\Http\\Response.php(35): Illuminate\\Http\\Response->setContent()
#11 C:\\Users\\r.asadullin\\Documents\\Обучения\\обучение PHP Laravel разработчик\\php\\task_manager\\laravel_base\\vendor\\laravel\\framework\\src\\Illuminate\\Routing\\Router.php(918): Illuminate\\Http\\Response->__construct()
#12 C:\\Users\\r.asadullin\\Documents\\Обучения\\обучение PHP Laravel разработчик\\php\\task_manager\\laravel_base\\vendor\\laravel\\framework\\src\\Illuminate\\Routing\\Router.php(885): Illuminate\\Routing\\Router::toResponse()
#13 C:\\Users\\r.asadullin\\Documents\\Обучения\\обучение PHP Laravel разработчик\\php\\task_manager\\laravel_base\\vendor\\laravel\\framework\\src\\Illuminate\\Routing\\Router.php(805): Illuminate\\Routing\\Router->prepareResponse()
#14 C:\\Users\\r.asadullin\\Documents\\Обучения\\обучение PHP Laravel разработчик\\php\\task_manager\\laravel_base\\vendor\\laravel\\framework\\src\\Illuminate\\Pipeline\\Pipeline.php(144): Illuminate\\Routing\\Router->Illuminate\\Routing\\{closure}()
#15 C:\\Users\\r.asadullin\\Documents\\Обучения\\обучение PHP Laravel разработчик\\php\\task_manager\\laravel_base\\vendor\\laravel\\framework\\src\\Illuminate\\Routing\\Middleware\\SubstituteBindings.php(50): Illuminate\\Pipeline\\Pipeline->Illuminate\\Pipeline\\{closure}()
#16 C:\\Users\\r.asadullin\\Documents\\Обучения\\обучение PHP Laravel разработчик\\php\\task_manager\\laravel_base\\vendor\\laravel\\framework\\src\\Illuminate\\Pipeline\\Pipeline.php(183): Illuminate\\Routing\\Middleware\\SubstituteBindings->handle()
#17 C:\\Users\\r.asadullin\\Documents\\Обучения\\обучение PHP Laravel разработчик\\php\\task_manager\\laravel_base\\vendor\\laravel\\framework\\src\\Illuminate\\Foundation\\Http\\Middleware\\VerifyCsrfToken.php(78): Illuminate\\Pipeline\\Pipeline->Illuminate\\Pipeline\\{closure}()
#18 C:\\Users\\r.asadullin\\Documents\\Обучения\\обучение PHP Laravel разработчик\\php\\task_manager\\laravel_base\\vendor\\laravel\\framework\\src\\Illuminate\\Pipeline\\Pipeline.php(183): Illuminate\\Foundation\\Http\\Middleware\\VerifyCsrfToken->handle()
#19 C:\\Users\\r.asadullin\\Documents\\Обучения\\обучение PHP Laravel разработчик\\php\\task_manager\\laravel_base\\vendor\\laravel\\framework\\src\\Illuminate\\View\\Middleware\\ShareErrorsFromSession.php(49): Illuminate\\Pipeline\\Pipeline->Illuminate\\Pipeline\\{closure}()
#20 C:\\Users\\r.asadullin\\Documents\\Обучения\\обучение PHP Laravel разработчик\\php\\task_manager\\laravel_base\\vendor\\laravel\\framework\\src\\Illuminate\\Pipeline\\Pipeline.php(183): Illuminate\\View\\Middleware\\ShareErrorsFromSession->handle()
#21 C:\\Users\\r.asadullin\\Documents\\Обучения\\обучение PHP Laravel разработчик\\php\\task_manager\\laravel_base\\vendor\\laravel\\framework\\src\\Illuminate\\Session\\Middleware\\StartSession.php(121): Illuminate\\Pipeline\\Pipeline->Illuminate\\Pipeline\\{closure}()
#22 C:\\Users\\r.asadullin\\Documents\\Обучения\\обучение PHP Laravel разработчик\\php\\task_manager\\laravel_base\\vendor\\laravel\\framework\\src\\Illuminate\\Session\\Middleware\\StartSession.php(64): Illuminate\\Session\\Middleware\\StartSession->handleStatefulRequest()
#23 C:\\Users\\r.asadullin\\Documents\\Обучения\\обучение PHP Laravel разработчик\\php\\task_manager\\laravel_base\\vendor\\laravel\\framework\\src\\Illuminate\\Pipeline\\Pipeline.php(183): Illuminate\\Session\\Middleware\\StartSession->handle()
#24 C:\\Users\\r.asadullin\\Documents\\Обучения\\обучение PHP Laravel разработчик\\php\\task_manager\\laravel_base\\vendor\\laravel\\framework\\src\\Illuminate\\Cookie\\Middleware\\AddQueuedCookiesToResponse.php(37): Illuminate\\Pipeline\\Pipeline->Illuminate\\Pipeline\\{closure}()
#25 C:\\Users\\r.asadullin\\Documents\\Обучения\\обучение PHP Laravel разработчик\\php\\task_manager\\laravel_base\\vendor\\laravel\\framework\\src\\Illuminate\\Pipeline\\Pipeline.php(183): Illuminate\\Cookie\\Middleware\\AddQueuedCookiesToResponse->handle()
#26 C:\\Users\\r.asadullin\\Documents\\Обучения\\обучение PHP Laravel разработчик\\php\\task_manager\\laravel_base\\vendor\\laravel\\framework\\src\\Illuminate\\Cookie\\Middleware\\EncryptCookies.php(67): Illuminate\\Pipeline\\Pipeline->Illuminate\\Pipeline\\{closure}()
#27 C:\\Users\\r.asadullin\\Documents\\Обучения\\обучение PHP Laravel разработчик\\php\\task_manager\\laravel_base\\vendor\\laravel\\framework\\src\\Illuminate\\Pipeline\\Pipeline.php(183): Illuminate\\Cookie\\Middleware\\EncryptCookies->handle()
#28 C:\\Users\\r.asadullin\\Documents\\Обучения\\обучение PHP Laravel разработчик\\php\\task_manager\\laravel_base\\vendor\\laravel\\framework\\src\\Illuminate\\Pipeline\\Pipeline.php(119): Illuminate\\Pipeline\\Pipeline->Illuminate\\Pipeline\\{closure}()
#29 C:\\Users\\r.asadullin\\Documents\\Обучения\\обучение PHP Laravel разработчик\\php\\task_manager\\laravel_base\\vendor\\laravel\\framework\\src\\Illuminate\\Routing\\Router.php(805): Illuminate\\Pipeline\\Pipeline->then()
#30 C:\\Users\\r.asadullin\\Documents\\Обучения\\обучение PHP Laravel разработчик\\php\\task_manager\\laravel_base\\vendor\\laravel\\framework\\src\\Illuminate\\Routing\\Router.php(784): Illuminate\\Routing\\Router->runRouteWithinStack()
#31 C:\\Users\\r.asadullin\\Documents\\Обучения\\обучение PHP Laravel разработчик\\php\\task_manager\\laravel_base\\vendor\\laravel\\framework\\src\\Illuminate\\Routing\\Router.php(748): Illuminate\\Routing\\Router->runRoute()
#32 C:\\Users\\r.asadullin\\Documents\\Обучения\\обучение PHP Laravel разработчик\\php\\task_manager\\laravel_base\\vendor\\laravel\\framework\\src\\Illuminate\\Routing\\Router.php(737): Illuminate\\Routing\\Router->dispatchToRoute()
#33 C:\\Users\\r.asadullin\\Documents\\Обучения\\обучение PHP Laravel разработчик\\php\\task_manager\\laravel_base\\vendor\\laravel\\framework\\src\\Illuminate\\Foundation\\Http\\Kernel.php(200): Illuminate\\Routing\\Router->dispatch()
#34 C:\\Users\\r.asadullin\\Documents\\Обучения\\обучение PHP Laravel разработчик\\php\\task_manager\\laravel_base\\vendor\\laravel\\framework\\src\\Illuminate\\Pipeline\\Pipeline.php(144): Illuminate\\Foundation\\Http\\Kernel->Illuminate\\Foundation\\Http\\{closure}()
#35 C:\\Users\\r.asadullin\\Documents\\Обучения\\обучение PHP Laravel разработчик\\php\\task_manager\\laravel_base\\vendor\\laravel\\framework\\src\\Illuminate\\Foundation\\Http\\Middleware\\TransformsRequest.php(21): Illuminate\\Pipeline\\Pipeline->Illuminate\\Pipeline\\{closure}()
#36 C:\\Users\\r.asadullin\\Documents\\Обучения\\обучение PHP Laravel разработчик\\php\\task_manager\\laravel_base\\vendor\\laravel\\framework\\src\\Illuminate\\Foundation\\Http\\Middleware\\ConvertEmptyStringsToNull.php(31): Illuminate\\Foundation\\Http\\Middleware\\TransformsRequest->handle()
#37 C:\\Users\\r.asadullin\\Documents\\Обучения\\обучение PHP Laravel разработчик\\php\\task_manager\\laravel_base\\vendor\\laravel\\framework\\src\\Illuminate\\Pipeline\\Pipeline.php(183): Illuminate\\Foundation\\Http\\Middleware\\ConvertEmptyStringsToNull->handle()
#38 C:\\Users\\r.asadullin\\Documents\\Обучения\\обучение PHP Laravel разработчик\\php\\task_manager\\laravel_base\\vendor\\laravel\\framework\\src\\Illuminate\\Foundation\\Http\\Middleware\\TransformsRequest.php(21): Illuminate\\Pipeline\\Pipeline->Illuminate\\Pipeline\\{closure}()
#39 C:\\Users\\r.asadullin\\Documents\\Обучения\\обучение PHP Laravel разработчик\\php\\task_manager\\laravel_base\\vendor\\laravel\\framework\\src\\Illuminate\\Foundation\\Http\\Middleware\\TrimStrings.php(40): Illuminate\\Foundation\\Http\\Middleware\\TransformsRequest->handle()
#40 C:\\Users\\r.asadullin\\Documents\\Обучения\\обучение PHP Laravel разработчик\\php\\task_manager\\laravel_base\\vendor\\laravel\\framework\\src\\Illuminate\\Pipeline\\Pipeline.php(183): Illuminate\\Foundation\\Http\\Middleware\\TrimStrings->handle()
#41 C:\\Users\\r.asadullin\\Documents\\Обучения\\обучение PHP Laravel разработчик\\php\\task_manager\\laravel_base\\vendor\\laravel\\framework\\src\\Illuminate\\Foundation\\Http\\Middleware\\ValidatePostSize.php(27): Illuminate\\Pipeline\\Pipeline->Illuminate\\Pipeline\\{closure}()
#42 C:\\Users\\r.asadullin\\Documents\\Обучения\\обучение PHP Laravel разработчик\\php\\task_manager\\laravel_base\\vendor\\laravel\\framework\\src\\Illuminate\\Pipeline\\Pipeline.php(183): Illuminate\\Foundation\\Http\\Middleware\\ValidatePostSize->handle()
#43 C:\\Users\\r.asadullin\\Documents\\Обучения\\обучение PHP Laravel разработчик\\php\\task_manager\\laravel_base\\vendor\\laravel\\framework\\src\\Illuminate\\Foundation\\Http\\Middleware\\PreventRequestsDuringMaintenance.php(99): Illuminate\\Pipeline\\Pipeline->Illuminate\\Pipeline\\{closure}()
#44 C:\\Users\\r.asadullin\\Documents\\Обучения\\обучение PHP Laravel разработчик\\php\\task_manager\\laravel_base\\vendor\\laravel\\framework\\src\\Illuminate\\Pipeline\\Pipeline.php(183): Illuminate\\Foundation\\Http\\Middleware\\PreventRequestsDuringMaintenance->handle()
#45 C:\\Users\\r.asadullin\\Documents\\Обучения\\обучение PHP Laravel разработчик\\php\\task_manager\\laravel_base\\vendor\\laravel\\framework\\src\\Illuminate\\Http\\Middleware\\HandleCors.php(49): Illuminate\\Pipeline\\Pipeline->Illuminate\\Pipeline\\{closure}()
#46 C:\\Users\\r.asadullin\\Documents\\Обучения\\обучение PHP Laravel разработчик\\php\\task_manager\\laravel_base\\vendor\\laravel\\framework\\src\\Illuminate\\Pipeline\\Pipeline.php(183): Illuminate\\Http\\Middleware\\HandleCors->handle()
#47 C:\\Users\\r.asadullin\\Documents\\Обучения\\обучение PHP Laravel разработчик\\php\\task_manager\\laravel_base\\vendor\\laravel\\framework\\src\\Illuminate\\Http\\Middleware\\TrustProxies.php(39): Illuminate\\Pipeline\\Pipeline->Illuminate\\Pipeline\\{closure}()
#48 C:\\Users\\r.asadullin\\Documents\\Обучения\\обучение PHP Laravel разработчик\\php\\task_manager\\laravel_base\\vendor\\laravel\\framework\\src\\Illuminate\\Pipeline\\Pipeline.php(183): Illuminate\\Http\\Middleware\\TrustProxies->handle()
#49 C:\\Users\\r.asadullin\\Documents\\Обучения\\обучение PHP Laravel разработчик\\php\\task_manager\\laravel_base\\vendor\\laravel\\framework\\src\\Illuminate\\Pipeline\\Pipeline.php(119): Illuminate\\Pipeline\\Pipeline->Illuminate\\Pipeline\\{closure}()
#50 C:\\Users\\r.asadullin\\Documents\\Обучения\\обучение PHP Laravel разработчик\\php\\task_manager\\laravel_base\\vendor\\laravel\\framework\\src\\Illuminate\\Foundation\\Http\\Kernel.php(175): Illuminate\\Pipeline\\Pipeline->then()
#51 C:\\Users\\r.asadullin\\Documents\\Обучения\\обучение PHP Laravel разработчик\\php\\task_manager\\laravel_base\\vendor\\laravel\\framework\\src\\Illuminate\\Foundation\\Http\\Kernel.php(144): Illuminate\\Foundation\\Http\\Kernel->sendRequestThroughRouter()
#52 C:\\Users\\r.asadullin\\Documents\\Обучения\\обучение PHP Laravel разработчик\\php\\task_manager\\laravel_base\\public\\index.php(51): Illuminate\\Foundation\\Http\\Kernel->handle()
#53 C:\\Users\\r.asadullin\\Documents\\Обучения\\обучение PHP Laravel разработчик\\php\\task_manager\\laravel_base\\vendor\\laravel\\framework\\src\\Illuminate\\Foundation\\resources\\server.php(16): require_once('C:\\\\Users\\\\r.asad...')
#54 {main}
"} 
[2024-10-22 20:29:47] local.ERROR: Method Illuminate\Database\Eloquent\Collection::with does not exist. {"exception":"[object] (BadMethodCallException(code: 0): Method Illuminate\\Database\\Eloquent\\Collection::with does not exist. at C:\\Users\\r.asadullin\\Documents\\Обучения\\обучение PHP Laravel разработчик\\php\\task_manager\\laravel_base\\vendor\\laravel\\framework\\src\\Illuminate\\Macroable\\Traits\\Macroable.php:112)
[stacktrace]
#0 C:\\Users\\r.asadullin\\Documents\\Обучения\\обучение PHP Laravel разработчик\\php\\task_manager\\laravel_base\\app\\Http\\Controllers\\UserController.php(11): Illuminate\\Support\\Collection->__call()
#1 C:\\Users\\r.asadullin\\Documents\\Обучения\\обучение PHP Laravel разработчик\\php\\task_manager\\laravel_base\\vendor\\laravel\\framework\\src\\Illuminate\\Routing\\Controller.php(54): App\\Http\\Controllers\\UserController->index()
#2 C:\\Users\\r.asadullin\\Documents\\Обучения\\обучение PHP Laravel разработчик\\php\\task_manager\\laravel_base\\vendor\\laravel\\framework\\src\\Illuminate\\Routing\\ControllerDispatcher.php(43): Illuminate\\Routing\\Controller->callAction()
#3 C:\\Users\\r.asadullin\\Documents\\Обучения\\обучение PHP Laravel разработчик\\php\\task_manager\\laravel_base\\vendor\\laravel\\framework\\src\\Illuminate\\Routing\\Route.php(259): Illuminate\\Routing\\ControllerDispatcher->dispatch()
#4 C:\\Users\\r.asadullin\\Documents\\Обучения\\обучение PHP Laravel разработчик\\php\\task_manager\\laravel_base\\vendor\\laravel\\framework\\src\\Illuminate\\Routing\\Route.php(205): Illuminate\\Routing\\Route->runController()
#5 C:\\Users\\r.asadullin\\Documents\\Обучения\\обучение PHP Laravel разработчик\\php\\task_manager\\laravel_base\\vendor\\laravel\\framework\\src\\Illuminate\\Routing\\Router.php(806): Illuminate\\Routing\\Route->run()
#6 C:\\Users\\r.asadullin\\Documents\\Обучения\\обучение PHP Laravel разработчик\\php\\task_manager\\laravel_base\\vendor\\laravel\\framework\\src\\Illuminate\\Pipeline\\Pipeline.php(144): Illuminate\\Routing\\Router->Illuminate\\Routing\\{closure}()
#7 C:\\Users\\r.asadullin\\Documents\\Обучения\\обучение PHP Laravel разработчик\\php\\task_manager\\laravel_base\\vendor\\laravel\\framework\\src\\Illuminate\\Routing\\Middleware\\SubstituteBindings.php(50): Illuminate\\Pipeline\\Pipeline->Illuminate\\Pipeline\\{closure}()
#8 C:\\Users\\r.asadullin\\Documents\\Обучения\\обучение PHP Laravel разработчик\\php\\task_manager\\laravel_base\\vendor\\laravel\\framework\\src\\Illuminate\\Pipeline\\Pipeline.php(183): Illuminate\\Routing\\Middleware\\SubstituteBindings->handle()
#9 C:\\Users\\r.asadullin\\Documents\\Обучения\\обучение PHP Laravel разработчик\\php\\task_manager\\laravel_base\\vendor\\laravel\\framework\\src\\Illuminate\\Foundation\\Http\\Middleware\\VerifyCsrfToken.php(78): Illuminate\\Pipeline\\Pipeline->Illuminate\\Pipeline\\{closure}()
#10 C:\\Users\\r.asadullin\\Documents\\Обучения\\обучение PHP Laravel разработчик\\php\\task_manager\\laravel_base\\vendor\\laravel\\framework\\src\\Illuminate\\Pipeline\\Pipeline.php(183): Illuminate\\Foundation\\Http\\Middleware\\VerifyCsrfToken->handle()
#11 C:\\Users\\r.asadullin\\Documents\\Обучения\\обучение PHP Laravel разработчик\\php\\task_manager\\laravel_base\\vendor\\laravel\\framework\\src\\Illuminate\\View\\Middleware\\ShareErrorsFromSession.php(49): Illuminate\\Pipeline\\Pipeline->Illuminate\\Pipeline\\{closure}()
#12 C:\\Users\\r.asadullin\\Documents\\Обучения\\обучение PHP Laravel разработчик\\php\\task_manager\\laravel_base\\vendor\\laravel\\framework\\src\\Illuminate\\Pipeline\\Pipeline.php(183): Illuminate\\View\\Middleware\\ShareErrorsFromSession->handle()
#13 C:\\Users\\r.asadullin\\Documents\\Обучения\\обучение PHP Laravel разработчик\\php\\task_manager\\laravel_base\\vendor\\laravel\\framework\\src\\Illuminate\\Session\\Middleware\\StartSession.php(121): Illuminate\\Pipeline\\Pipeline->Illuminate\\Pipeline\\{closure}()
#14 C:\\Users\\r.asadullin\\Documents\\Обучения\\обучение PHP Laravel разработчик\\php\\task_manager\\laravel_base\\vendor\\laravel\\framework\\src\\Illuminate\\Session\\Middleware\\StartSession.php(64): Illuminate\\Session\\Middleware\\StartSession->handleStatefulRequest()
#15 C:\\Users\\r.asadullin\\Documents\\Обучения\\обучение PHP Laravel разработчик\\php\\task_manager\\laravel_base\\vendor\\laravel\\framework\\src\\Illuminate\\Pipeline\\Pipeline.php(183): Illuminate\\Session\\Middleware\\StartSession->handle()
#16 C:\\Users\\r.asadullin\\Documents\\Обучения\\обучение PHP Laravel разработчик\\php\\task_manager\\laravel_base\\vendor\\laravel\\framework\\src\\Illuminate\\Cookie\\Middleware\\AddQueuedCookiesToResponse.php(37): Illuminate\\Pipeline\\Pipeline->Illuminate\\Pipeline\\{closure}()
#17 C:\\Users\\r.asadullin\\Documents\\Обучения\\обучение PHP Laravel разработчик\\php\\task_manager\\laravel_base\\vendor\\laravel\\framework\\src\\Illuminate\\Pipeline\\Pipeline.php(183): Illuminate\\Cookie\\Middleware\\AddQueuedCookiesToResponse->handle()
#18 C:\\Users\\r.asadullin\\Documents\\Обучения\\обучение PHP Laravel разработчик\\php\\task_manager\\laravel_base\\vendor\\laravel\\framework\\src\\Illuminate\\Cookie\\Middleware\\EncryptCookies.php(67): Illuminate\\Pipeline\\Pipeline->Illuminate\\Pipeline\\{closure}()
#19 C:\\Users\\r.asadullin\\Documents\\Обучения\\обучение PHP Laravel разработчик\\php\\task_manager\\laravel_base\\vendor\\laravel\\framework\\src\\Illuminate\\Pipeline\\Pipeline.php(183): Illuminate\\Cookie\\Middleware\\EncryptCookies->handle()
#20 C:\\Users\\r.asadullin\\Documents\\Обучения\\обучение PHP Laravel разработчик\\php\\task_manager\\laravel_base\\vendor\\laravel\\framework\\src\\Illuminate\\Pipeline\\Pipeline.php(119): Illuminate\\Pipeline\\Pipeline->Illuminate\\Pipeline\\{closure}()
#21 C:\\Users\\r.asadullin\\Documents\\Обучения\\обучение PHP Laravel разработчик\\php\\task_manager\\laravel_base\\vendor\\laravel\\framework\\src\\Illuminate\\Routing\\Router.php(805): Illuminate\\Pipeline\\Pipeline->then()
#22 C:\\Users\\r.asadullin\\Documents\\Обучения\\обучение PHP Laravel разработчик\\php\\task_manager\\laravel_base\\vendor\\laravel\\framework\\src\\Illuminate\\Routing\\Router.php(784): Illuminate\\Routing\\Router->runRouteWithinStack()
#23 C:\\Users\\r.asadullin\\Documents\\Обучения\\обучение PHP Laravel разработчик\\php\\task_manager\\laravel_base\\vendor\\laravel\\framework\\src\\Illuminate\\Routing\\Router.php(748): Illuminate\\Routing\\Router->runRoute()
#24 C:\\Users\\r.asadullin\\Documents\\Обучения\\обучение PHP Laravel разработчик\\php\\task_manager\\laravel_base\\vendor\\laravel\\framework\\src\\Illuminate\\Routing\\Router.php(737): Illuminate\\Routing\\Router->dispatchToRoute()
#25 C:\\Users\\r.asadullin\\Documents\\Обучения\\обучение PHP Laravel разработчик\\php\\task_manager\\laravel_base\\vendor\\laravel\\framework\\src\\Illuminate\\Foundation\\Http\\Kernel.php(200): Illuminate\\Routing\\Router->dispatch()
#26 C:\\Users\\r.asadullin\\Documents\\Обучения\\обучение PHP Laravel разработчик\\php\\task_manager\\laravel_base\\vendor\\laravel\\framework\\src\\Illuminate\\Pipeline\\Pipeline.php(144): Illuminate\\Foundation\\Http\\Kernel->Illuminate\\Foundation\\Http\\{closure}()
#27 C:\\Users\\r.asadullin\\Documents\\Обучения\\обучение PHP Laravel разработчик\\php\\task_manager\\laravel_base\\vendor\\laravel\\framework\\src\\Illuminate\\Foundation\\Http\\Middleware\\TransformsRequest.php(21): Illuminate\\Pipeline\\Pipeline->Illuminate\\Pipeline\\{closure}()
#28 C:\\Users\\r.asadullin\\Documents\\Обучения\\обучение PHP Laravel разработчик\\php\\task_manager\\laravel_base\\vendor\\laravel\\framework\\src\\Illuminate\\Foundation\\Http\\Middleware\\ConvertEmptyStringsToNull.php(31): Illuminate\\Foundation\\Http\\Middleware\\TransformsRequest->handle()
#29 C:\\Users\\r.asadullin\\Documents\\Обучения\\обучение PHP Laravel разработчик\\php\\task_manager\\laravel_base\\vendor\\laravel\\framework\\src\\Illuminate\\Pipeline\\Pipeline.php(183): Illuminate\\Foundation\\Http\\Middleware\\ConvertEmptyStringsToNull->handle()
#30 C:\\Users\\r.asadullin\\Documents\\Обучения\\обучение PHP Laravel разработчик\\php\\task_manager\\laravel_base\\vendor\\laravel\\framework\\src\\Illuminate\\Foundation\\Http\\Middleware\\TransformsRequest.php(21): Illuminate\\Pipeline\\Pipeline->Illuminate\\Pipeline\\{closure}()
#31 C:\\Users\\r.asadullin\\Documents\\Обучения\\обучение PHP Laravel разработчик\\php\\task_manager\\laravel_base\\vendor\\laravel\\framework\\src\\Illuminate\\Foundation\\Http\\Middleware\\TrimStrings.php(40): Illuminate\\Foundation\\Http\\Middleware\\TransformsRequest->handle()
#32 C:\\Users\\r.asadullin\\Documents\\Обучения\\обучение PHP Laravel разработчик\\php\\task_manager\\laravel_base\\vendor\\laravel\\framework\\src\\Illuminate\\Pipeline\\Pipeline.php(183): Illuminate\\Foundation\\Http\\Middleware\\TrimStrings->handle()
#33 C:\\Users\\r.asadullin\\Documents\\Обучения\\обучение PHP Laravel разработчик\\php\\task_manager\\laravel_base\\vendor\\laravel\\framework\\src\\Illuminate\\Foundation\\Http\\Middleware\\ValidatePostSize.php(27): Illuminate\\Pipeline\\Pipeline->Illuminate\\Pipeline\\{closure}()
#34 C:\\Users\\r.asadullin\\Documents\\Обучения\\обучение PHP Laravel разработчик\\php\\task_manager\\laravel_base\\vendor\\laravel\\framework\\src\\Illuminate\\Pipeline\\Pipeline.php(183): Illuminate\\Foundation\\Http\\Middleware\\ValidatePostSize->handle()
#35 C:\\Users\\r.asadullin\\Documents\\Обучения\\обучение PHP Laravel разработчик\\php\\task_manager\\laravel_base\\vendor\\laravel\\framework\\src\\Illuminate\\Foundation\\Http\\Middleware\\PreventRequestsDuringMaintenance.php(99): Illuminate\\Pipeline\\Pipeline->Illuminate\\Pipeline\\{closure}()
#36 C:\\Users\\r.asadullin\\Documents\\Обучения\\обучение PHP Laravel разработчик\\php\\task_manager\\laravel_base\\vendor\\laravel\\framework\\src\\Illuminate\\Pipeline\\Pipeline.php(183): Illuminate\\Foundation\\Http\\Middleware\\PreventRequestsDuringMaintenance->handle()
#37 C:\\Users\\r.asadullin\\Documents\\Обучения\\обучение PHP Laravel разработчик\\php\\task_manager\\laravel_base\\vendor\\laravel\\framework\\src\\Illuminate\\Http\\Middleware\\HandleCors.php(49): Illuminate\\Pipeline\\Pipeline->Illuminate\\Pipeline\\{closure}()
#38 C:\\Users\\r.asadullin\\Documents\\Обучения\\обучение PHP Laravel разработчик\\php\\task_manager\\laravel_base\\vendor\\laravel\\framework\\src\\Illuminate\\Pipeline\\Pipeline.php(183): Illuminate\\Http\\Middleware\\HandleCors->handle()
#39 C:\\Users\\r.asadullin\\Documents\\Обучения\\обучение PHP Laravel разработчик\\php\\task_manager\\laravel_base\\vendor\\laravel\\framework\\src\\Illuminate\\Http\\Middleware\\TrustProxies.php(39): Illuminate\\Pipeline\\Pipeline->Illuminate\\Pipeline\\{closure}()
#40 C:\\Users\\r.asadullin\\Documents\\Обучения\\обучение PHP Laravel разработчик\\php\\task_manager\\laravel_base\\vendor\\laravel\\framework\\src\\Illuminate\\Pipeline\\Pipeline.php(183): Illuminate\\Http\\Middleware\\TrustProxies->handle()
#41 C:\\Users\\r.asadullin\\Documents\\Обучения\\обучение PHP Laravel разработчик\\php\\task_manager\\laravel_base\\vendor\\laravel\\framework\\src\\Illuminate\\Pipeline\\Pipeline.php(119): Illuminate\\Pipeline\\Pipeline->Illuminate\\Pipeline\\{closure}()
#42 C:\\Users\\r.asadullin\\Documents\\Обучения\\обучение PHP Laravel разработчик\\php\\task_manager\\laravel_base\\vendor\\laravel\\framework\\src\\Illuminate\\Foundation\\Http\\Kernel.php(175): Illuminate\\Pipeline\\Pipeline->then()
#43 C:\\Users\\r.asadullin\\Documents\\Обучения\\обучение PHP Laravel разработчик\\php\\task_manager\\laravel_base\\vendor\\laravel\\framework\\src\\Illuminate\\Foundation\\Http\\Kernel.php(144): Illuminate\\Foundation\\Http\\Kernel->sendRequestThroughRouter()
#44 C:\\Users\\r.asadullin\\Documents\\Обучения\\обучение PHP Laravel разработчик\\php\\task_manager\\laravel_base\\public\\index.php(51): Illuminate\\Foundation\\Http\\Kernel->handle()
#45 C:\\Users\\r.asadullin\\Documents\\Обучения\\обучение PHP Laravel разработчик\\php\\task_manager\\laravel_base\\vendor\\laravel\\framework\\src\\Illuminate\\Foundation\\resources\\server.php(16): require_once('C:\\\\Users\\\\r.asad...')
#46 {main}
"} 
[2024-10-22 20:30:43] local.ERROR: App\Models\User::tasks must return a relationship instance, but "null" was returned. Was the "return" keyword used? {"view":{"view":"C:\\Users\\r.asadullin\\Documents\\Обучения\\обучение PHP Laravel разработчик\\php\\task_manager\\laravel_base\\resources\\views\\users\\index.blade.php","data":[]},"exception":"[object] (Spatie\\LaravelIgnition\\Exceptions\\ViewException(code: 0): App\\Models\\User::tasks must return a relationship instance, but \"null\" was returned. Was the \"return\" keyword used? at C:\\Users\\r.asadullin\\Documents\\Обучения\\обучение PHP Laravel разработчик\\php\\task_manager\\laravel_base\\vendor\\laravel\\framework\\src\\Illuminate\\Database\\Eloquent\\Concerns\\HasAttributes.php:581)
[stacktrace]
#0 C:\\Users\\r.asadullin\\Documents\\Обучения\\обучение PHP Laravel разработчик\\php\\task_manager\\laravel_base\\vendor\\laravel\\framework\\src\\Illuminate\\Database\\Eloquent\\Concerns\\HasAttributes.php(529): Illuminate\\Database\\Eloquent\\Model->getRelationshipFromMethod()
#1 C:\\Users\\r.asadullin\\Documents\\Обучения\\обучение PHP Laravel разработчик\\php\\task_manager\\laravel_base\\vendor\\laravel\\framework\\src\\Illuminate\\Database\\Eloquent\\Concerns\\HasAttributes.php(454): Illuminate\\Database\\Eloquent\\Model->getRelationValue()
#2 C:\\Users\\r.asadullin\\Documents\\Обучения\\обучение PHP Laravel разработчик\\php\\task_manager\\laravel_base\\vendor\\laravel\\framework\\src\\Illuminate\\Database\\Eloquent\\Model.php(2227): Illuminate\\Database\\Eloquent\\Model->getAttribute()
#3 C:\\Users\\r.asadullin\\Documents\\Обучения\\обучение PHP Laravel разработчик\\php\\task_manager\\laravel_base\\resources\\views\\users\\index.blade.php(19): Illuminate\\Database\\Eloquent\\Model->__get()
#4 C:\\Users\\r.asadullin\\Documents\\Обучения\\обучение PHP Laravel разработчик\\php\\task_manager\\laravel_base\\vendor\\laravel\\framework\\src\\Illuminate\\Filesystem\\Filesystem.php(123): require('C:\\\\Users\\\\r.asad...')
#5 C:\\Users\\r.asadullin\\Documents\\Обучения\\обучение PHP Laravel разработчик\\php\\task_manager\\laravel_base\\vendor\\laravel\\framework\\src\\Illuminate\\Filesystem\\Filesystem.php(124): Illuminate\\Filesystem\\Filesystem::Illuminate\\Filesystem\\{closure}()
#6 C:\\Users\\r.asadullin\\Documents\\Обучения\\обучение PHP Laravel разработчик\\php\\task_manager\\laravel_base\\vendor\\laravel\\framework\\src\\Illuminate\\View\\Engines\\PhpEngine.php(58): Illuminate\\Filesystem\\Filesystem->getRequire()
#7 C:\\Users\\r.asadullin\\Documents\\Обучения\\обучение PHP Laravel разработчик\\php\\task_manager\\laravel_base\\vendor\\laravel\\framework\\src\\Illuminate\\View\\Engines\\CompilerEngine.php(72): Illuminate\\View\\Engines\\PhpEngine->evaluatePath()
#8 C:\\Users\\r.asadullin\\Documents\\Обучения\\обучение PHP Laravel разработчик\\php\\task_manager\\laravel_base\\vendor\\laravel\\framework\\src\\Illuminate\\View\\View.php(207): Illuminate\\View\\Engines\\CompilerEngine->get()
#9 C:\\Users\\r.asadullin\\Documents\\Обучения\\обучение PHP Laravel разработчик\\php\\task_manager\\laravel_base\\vendor\\laravel\\framework\\src\\Illuminate\\View\\View.php(190): Illuminate\\View\\View->getContents()
#10 C:\\Users\\r.asadullin\\Documents\\Обучения\\обучение PHP Laravel разработчик\\php\\task_manager\\laravel_base\\vendor\\laravel\\framework\\src\\Illuminate\\View\\View.php(159): Illuminate\\View\\View->renderContents()
#11 C:\\Users\\r.asadullin\\Documents\\Обучения\\обучение PHP Laravel разработчик\\php\\task_manager\\laravel_base\\vendor\\laravel\\framework\\src\\Illuminate\\Http\\Response.php(69): Illuminate\\View\\View->render()
#12 C:\\Users\\r.asadullin\\Documents\\Обучения\\обучение PHP Laravel разработчик\\php\\task_manager\\laravel_base\\vendor\\laravel\\framework\\src\\Illuminate\\Http\\Response.php(35): Illuminate\\Http\\Response->setContent()
#13 C:\\Users\\r.asadullin\\Documents\\Обучения\\обучение PHP Laravel разработчик\\php\\task_manager\\laravel_base\\vendor\\laravel\\framework\\src\\Illuminate\\Routing\\Router.php(918): Illuminate\\Http\\Response->__construct()
#14 C:\\Users\\r.asadullin\\Documents\\Обучения\\обучение PHP Laravel разработчик\\php\\task_manager\\laravel_base\\vendor\\laravel\\framework\\src\\Illuminate\\Routing\\Router.php(885): Illuminate\\Routing\\Router::toResponse()
#15 C:\\Users\\r.asadullin\\Documents\\Обучения\\обучение PHP Laravel разработчик\\php\\task_manager\\laravel_base\\vendor\\laravel\\framework\\src\\Illuminate\\Routing\\Router.php(805): Illuminate\\Routing\\Router->prepareResponse()
#16 C:\\Users\\r.asadullin\\Documents\\Обучения\\обучение PHP Laravel разработчик\\php\\task_manager\\laravel_base\\vendor\\laravel\\framework\\src\\Illuminate\\Pipeline\\Pipeline.php(144): Illuminate\\Routing\\Router->Illuminate\\Routing\\{closure}()
#17 C:\\Users\\r.asadullin\\Documents\\Обучения\\обучение PHP Laravel разработчик\\php\\task_manager\\laravel_base\\vendor\\laravel\\framework\\src\\Illuminate\\Routing\\Middleware\\SubstituteBindings.php(50): Illuminate\\Pipeline\\Pipeline->Illuminate\\Pipeline\\{closure}()
#18 C:\\Users\\r.asadullin\\Documents\\Обучения\\обучение PHP Laravel разработчик\\php\\task_manager\\laravel_base\\vendor\\laravel\\framework\\src\\Illuminate\\Pipeline\\Pipeline.php(183): Illuminate\\Routing\\Middleware\\SubstituteBindings->handle()
#19 C:\\Users\\r.asadullin\\Documents\\Обучения\\обучение PHP Laravel разработчик\\php\\task_manager\\laravel_base\\vendor\\laravel\\framework\\src\\Illuminate\\Foundation\\Http\\Middleware\\VerifyCsrfToken.php(78): Illuminate\\Pipeline\\Pipeline->Illuminate\\Pipeline\\{closure}()
#20 C:\\Users\\r.asadullin\\Documents\\Обучения\\обучение PHP Laravel разработчик\\php\\task_manager\\laravel_base\\vendor\\laravel\\framework\\src\\Illuminate\\Pipeline\\Pipeline.php(183): Illuminate\\Foundation\\Http\\Middleware\\VerifyCsrfToken->handle()
#21 C:\\Users\\r.asadullin\\Documents\\Обучения\\обучение PHP Laravel разработчик\\php\\task_manager\\laravel_base\\vendor\\laravel\\framework\\src\\Illuminate\\View\\Middleware\\ShareErrorsFromSession.php(49): Illuminate\\Pipeline\\Pipeline->Illuminate\\Pipeline\\{closure}()
#22 C:\\Users\\r.asadullin\\Documents\\Обучения\\обучение PHP Laravel разработчик\\php\\task_manager\\laravel_base\\vendor\\laravel\\framework\\src\\Illuminate\\Pipeline\\Pipeline.php(183): Illuminate\\View\\Middleware\\ShareErrorsFromSession->handle()
#23 C:\\Users\\r.asadullin\\Documents\\Обучения\\обучение PHP Laravel разработчик\\php\\task_manager\\laravel_base\\vendor\\laravel\\framework\\src\\Illuminate\\Session\\Middleware\\StartSession.php(121): Illuminate\\Pipeline\\Pipeline->Illuminate\\Pipeline\\{closure}()
#24 C:\\Users\\r.asadullin\\Documents\\Обучения\\обучение PHP Laravel разработчик\\php\\task_manager\\laravel_base\\vendor\\laravel\\framework\\src\\Illuminate\\Session\\Middleware\\StartSession.php(64): Illuminate\\Session\\Middleware\\StartSession->handleStatefulRequest()
#25 C:\\Users\\r.asadullin\\Documents\\Обучения\\обучение PHP Laravel разработчик\\php\\task_manager\\laravel_base\\vendor\\laravel\\framework\\src\\Illuminate\\Pipeline\\Pipeline.php(183): Illuminate\\Session\\Middleware\\StartSession->handle()
#26 C:\\Users\\r.asadullin\\Documents\\Обучения\\обучение PHP Laravel разработчик\\php\\task_manager\\laravel_base\\vendor\\laravel\\framework\\src\\Illuminate\\Cookie\\Middleware\\AddQueuedCookiesToResponse.php(37): Illuminate\\Pipeline\\Pipeline->Illuminate\\Pipeline\\{closure}()
#27 C:\\Users\\r.asadullin\\Documents\\Обучения\\обучение PHP Laravel разработчик\\php\\task_manager\\laravel_base\\vendor\\laravel\\framework\\src\\Illuminate\\Pipeline\\Pipeline.php(183): Illuminate\\Cookie\\Middleware\\AddQueuedCookiesToResponse->handle()
#28 C:\\Users\\r.asadullin\\Documents\\Обучения\\обучение PHP Laravel разработчик\\php\\task_manager\\laravel_base\\vendor\\laravel\\framework\\src\\Illuminate\\Cookie\\Middleware\\EncryptCookies.php(67): Illuminate\\Pipeline\\Pipeline->Illuminate\\Pipeline\\{closure}()
#29 C:\\Users\\r.asadullin\\Documents\\Обучения\\обучение PHP Laravel разработчик\\php\\task_manager\\laravel_base\\vendor\\laravel\\framework\\src\\Illuminate\\Pipeline\\Pipeline.php(183): Illuminate\\Cookie\\Middleware\\EncryptCookies->handle()
#30 C:\\Users\\r.asadullin\\Documents\\Обучения\\обучение PHP Laravel разработчик\\php\\task_manager\\laravel_base\\vendor\\laravel\\framework\\src\\Illuminate\\Pipeline\\Pipeline.php(119): Illuminate\\Pipeline\\Pipeline->Illuminate\\Pipeline\\{closure}()
#31 C:\\Users\\r.asadullin\\Documents\\Обучения\\обучение PHP Laravel разработчик\\php\\task_manager\\laravel_base\\vendor\\laravel\\framework\\src\\Illuminate\\Routing\\Router.php(805): Illuminate\\Pipeline\\Pipeline->then()
#32 C:\\Users\\r.asadullin\\Documents\\Обучения\\обучение PHP Laravel разработчик\\php\\task_manager\\laravel_base\\vendor\\laravel\\framework\\src\\Illuminate\\Routing\\Router.php(784): Illuminate\\Routing\\Router->runRouteWithinStack()
#33 C:\\Users\\r.asadullin\\Documents\\Обучения\\обучение PHP Laravel разработчик\\php\\task_manager\\laravel_base\\vendor\\laravel\\framework\\src\\Illuminate\\Routing\\Router.php(748): Illuminate\\Routing\\Router->runRoute()
#34 C:\\Users\\r.asadullin\\Documents\\Обучения\\обучение PHP Laravel разработчик\\php\\task_manager\\laravel_base\\vendor\\laravel\\framework\\src\\Illuminate\\Routing\\Router.php(737): Illuminate\\Routing\\Router->dispatchToRoute()
#35 C:\\Users\\r.asadullin\\Documents\\Обучения\\обучение PHP Laravel разработчик\\php\\task_manager\\laravel_base\\vendor\\laravel\\framework\\src\\Illuminate\\Foundation\\Http\\Kernel.php(200): Illuminate\\Routing\\Router->dispatch()
#36 C:\\Users\\r.asadullin\\Documents\\Обучения\\обучение PHP Laravel разработчик\\php\\task_manager\\laravel_base\\vendor\\laravel\\framework\\src\\Illuminate\\Pipeline\\Pipeline.php(144): Illuminate\\Foundation\\Http\\Kernel->Illuminate\\Foundation\\Http\\{closure}()
#37 C:\\Users\\r.asadullin\\Documents\\Обучения\\обучение PHP Laravel разработчик\\php\\task_manager\\laravel_base\\vendor\\laravel\\framework\\src\\Illuminate\\Foundation\\Http\\Middleware\\TransformsRequest.php(21): Illuminate\\Pipeline\\Pipeline->Illuminate\\Pipeline\\{closure}()
#38 C:\\Users\\r.asadullin\\Documents\\Обучения\\обучение PHP Laravel разработчик\\php\\task_manager\\laravel_base\\vendor\\laravel\\framework\\src\\Illuminate\\Foundation\\Http\\Middleware\\ConvertEmptyStringsToNull.php(31): Illuminate\\Foundation\\Http\\Middleware\\TransformsRequest->handle()
#39 C:\\Users\\r.asadullin\\Documents\\Обучения\\обучение PHP Laravel разработчик\\php\\task_manager\\laravel_base\\vendor\\laravel\\framework\\src\\Illuminate\\Pipeline\\Pipeline.php(183): Illuminate\\Foundation\\Http\\Middleware\\ConvertEmptyStringsToNull->handle()
#40 C:\\Users\\r.asadullin\\Documents\\Обучения\\обучение PHP Laravel разработчик\\php\\task_manager\\laravel_base\\vendor\\laravel\\framework\\src\\Illuminate\\Foundation\\Http\\Middleware\\TransformsRequest.php(21): Illuminate\\Pipeline\\Pipeline->Illuminate\\Pipeline\\{closure}()
#41 C:\\Users\\r.asadullin\\Documents\\Обучения\\обучение PHP Laravel разработчик\\php\\task_manager\\laravel_base\\vendor\\laravel\\framework\\src\\Illuminate\\Foundation\\Http\\Middleware\\TrimStrings.php(40): Illuminate\\Foundation\\Http\\Middleware\\TransformsRequest->handle()
#42 C:\\Users\\r.asadullin\\Documents\\Обучения\\обучение PHP Laravel разработчик\\php\\task_manager\\laravel_base\\vendor\\laravel\\framework\\src\\Illuminate\\Pipeline\\Pipeline.php(183): Illuminate\\Foundation\\Http\\Middleware\\TrimStrings->handle()
#43 C:\\Users\\r.asadullin\\Documents\\Обучения\\обучение PHP Laravel разработчик\\php\\task_manager\\laravel_base\\vendor\\laravel\\framework\\src\\Illuminate\\Foundation\\Http\\Middleware\\ValidatePostSize.php(27): Illuminate\\Pipeline\\Pipeline->Illuminate\\Pipeline\\{closure}()
#44 C:\\Users\\r.asadullin\\Documents\\Обучения\\обучение PHP Laravel разработчик\\php\\task_manager\\laravel_base\\vendor\\laravel\\framework\\src\\Illuminate\\Pipeline\\Pipeline.php(183): Illuminate\\Foundation\\Http\\Middleware\\ValidatePostSize->handle()
#45 C:\\Users\\r.asadullin\\Documents\\Обучения\\обучение PHP Laravel разработчик\\php\\task_manager\\laravel_base\\vendor\\laravel\\framework\\src\\Illuminate\\Foundation\\Http\\Middleware\\PreventRequestsDuringMaintenance.php(99): Illuminate\\Pipeline\\Pipeline->Illuminate\\Pipeline\\{closure}()
#46 C:\\Users\\r.asadullin\\Documents\\Обучения\\обучение PHP Laravel разработчик\\php\\task_manager\\laravel_base\\vendor\\laravel\\framework\\src\\Illuminate\\Pipeline\\Pipeline.php(183): Illuminate\\Foundation\\Http\\Middleware\\PreventRequestsDuringMaintenance->handle()
#47 C:\\Users\\r.asadullin\\Documents\\Обучения\\обучение PHP Laravel разработчик\\php\\task_manager\\laravel_base\\vendor\\laravel\\framework\\src\\Illuminate\\Http\\Middleware\\HandleCors.php(49): Illuminate\\Pipeline\\Pipeline->Illuminate\\Pipeline\\{closure}()
#48 C:\\Users\\r.asadullin\\Documents\\Обучения\\обучение PHP Laravel разработчик\\php\\task_manager\\laravel_base\\vendor\\laravel\\framework\\src\\Illuminate\\Pipeline\\Pipeline.php(183): Illuminate\\Http\\Middleware\\HandleCors->handle()
#49 C:\\Users\\r.asadullin\\Documents\\Обучения\\обучение PHP Laravel разработчик\\php\\task_manager\\laravel_base\\vendor\\laravel\\framework\\src\\Illuminate\\Http\\Middleware\\TrustProxies.php(39): Illuminate\\Pipeline\\Pipeline->Illuminate\\Pipeline\\{closure}()
#50 C:\\Users\\r.asadullin\\Documents\\Обучения\\обучение PHP Laravel разработчик\\php\\task_manager\\laravel_base\\vendor\\laravel\\framework\\src\\Illuminate\\Pipeline\\Pipeline.php(183): Illuminate\\Http\\Middleware\\TrustProxies->handle()
#51 C:\\Users\\r.asadullin\\Documents\\Обучения\\обучение PHP Laravel разработчик\\php\\task_manager\\laravel_base\\vendor\\laravel\\framework\\src\\Illuminate\\Pipeline\\Pipeline.php(119): Illuminate\\Pipeline\\Pipeline->Illuminate\\Pipeline\\{closure}()
#52 C:\\Users\\r.asadullin\\Documents\\Обучения\\обучение PHP Laravel разработчик\\php\\task_manager\\laravel_base\\vendor\\laravel\\framework\\src\\Illuminate\\Foundation\\Http\\Kernel.php(175): Illuminate\\Pipeline\\Pipeline->then()
#53 C:\\Users\\r.asadullin\\Documents\\Обучения\\обучение PHP Laravel разработчик\\php\\task_manager\\laravel_base\\vendor\\laravel\\framework\\src\\Illuminate\\Foundation\\Http\\Kernel.php(144): Illuminate\\Foundation\\Http\\Kernel->sendRequestThroughRouter()
#54 C:\\Users\\r.asadullin\\Documents\\Обучения\\обучение PHP Laravel разработчик\\php\\task_manager\\laravel_base\\public\\index.php(51): Illuminate\\Foundation\\Http\\Kernel->handle()
#55 C:\\Users\\r.asadullin\\Documents\\Обучения\\обучение PHP Laravel разработчик\\php\\task_manager\\laravel_base\\vendor\\laravel\\framework\\src\\Illuminate\\Foundation\\resources\\server.php(16): require_once('C:\\\\Users\\\\r.asad...')
#56 {main}

[previous exception] [object] (LogicException(code: 0): App\\Models\\User::tasks must return a relationship instance, but \"null\" was returned. Was the \"return\" keyword used? at C:\\Users\\r.asadullin\\Documents\\Обучения\\обучение PHP Laravel разработчик\\php\\task_manager\\laravel_base\\vendor\\laravel\\framework\\src\\Illuminate\\Database\\Eloquent\\Concerns\\HasAttributes.php:581)
[stacktrace]
#0 C:\\Users\\r.asadullin\\Documents\\Обучения\\обучение PHP Laravel разработчик\\php\\task_manager\\laravel_base\\vendor\\laravel\\framework\\src\\Illuminate\\Database\\Eloquent\\Concerns\\HasAttributes.php(529): Illuminate\\Database\\Eloquent\\Model->getRelationshipFromMethod()
#1 C:\\Users\\r.asadullin\\Documents\\Обучения\\обучение PHP Laravel разработчик\\php\\task_manager\\laravel_base\\vendor\\laravel\\framework\\src\\Illuminate\\Database\\Eloquent\\Concerns\\HasAttributes.php(454): Illuminate\\Database\\Eloquent\\Model->getRelationValue()
#2 C:\\Users\\r.asadullin\\Documents\\Обучения\\обучение PHP Laravel разработчик\\php\\task_manager\\laravel_base\\vendor\\laravel\\framework\\src\\Illuminate\\Database\\Eloquent\\Model.php(2227): Illuminate\\Database\\Eloquent\\Model->getAttribute()
#3 C:\\Users\\r.asadullin\\Documents\\Обучения\\обучение PHP Laravel разработчик\\php\\task_manager\\laravel_base\\storage\\framework\\views\\c3fb88e78793d8bffd4e11278b47af90.php(19): Illuminate\\Database\\Eloquent\\Model->__get()
#4 C:\\Users\\r.asadullin\\Documents\\Обучения\\обучение PHP Laravel разработчик\\php\\task_manager\\laravel_base\\vendor\\laravel\\framework\\src\\Illuminate\\Filesystem\\Filesystem.php(123): require('C:\\\\Users\\\\r.asad...')
#5 C:\\Users\\r.asadullin\\Documents\\Обучения\\обучение PHP Laravel разработчик\\php\\task_manager\\laravel_base\\vendor\\laravel\\framework\\src\\Illuminate\\Filesystem\\Filesystem.php(124): Illuminate\\Filesystem\\Filesystem::Illuminate\\Filesystem\\{closure}()
#6 C:\\Users\\r.asadullin\\Documents\\Обучения\\обучение PHP Laravel разработчик\\php\\task_manager\\laravel_base\\vendor\\laravel\\framework\\src\\Illuminate\\View\\Engines\\PhpEngine.php(58): Illuminate\\Filesystem\\Filesystem->getRequire()
#7 C:\\Users\\r.asadullin\\Documents\\Обучения\\обучение PHP Laravel разработчик\\php\\task_manager\\laravel_base\\vendor\\laravel\\framework\\src\\Illuminate\\View\\Engines\\CompilerEngine.php(72): Illuminate\\View\\Engines\\PhpEngine->evaluatePath()
#8 C:\\Users\\r.asadullin\\Documents\\Обучения\\обучение PHP Laravel разработчик\\php\\task_manager\\laravel_base\\vendor\\laravel\\framework\\src\\Illuminate\\View\\View.php(207): Illuminate\\View\\Engines\\CompilerEngine->get()
#9 C:\\Users\\r.asadullin\\Documents\\Обучения\\обучение PHP Laravel разработчик\\php\\task_manager\\laravel_base\\vendor\\laravel\\framework\\src\\Illuminate\\View\\View.php(190): Illuminate\\View\\View->getContents()
#10 C:\\Users\\r.asadullin\\Documents\\Обучения\\обучение PHP Laravel разработчик\\php\\task_manager\\laravel_base\\vendor\\laravel\\framework\\src\\Illuminate\\View\\View.php(159): Illuminate\\View\\View->renderContents()
#11 C:\\Users\\r.asadullin\\Documents\\Обучения\\обучение PHP Laravel разработчик\\php\\task_manager\\laravel_base\\vendor\\laravel\\framework\\src\\Illuminate\\Http\\Response.php(69): Illuminate\\View\\View->render()
#12 C:\\Users\\r.asadullin\\Documents\\Обучения\\обучение PHP Laravel разработчик\\php\\task_manager\\laravel_base\\vendor\\laravel\\framework\\src\\Illuminate\\Http\\Response.php(35): Illuminate\\Http\\Response->setContent()
#13 C:\\Users\\r.asadullin\\Documents\\Обучения\\обучение PHP Laravel разработчик\\php\\task_manager\\laravel_base\\vendor\\laravel\\framework\\src\\Illuminate\\Routing\\Router.php(918): Illuminate\\Http\\Response->__construct()
#14 C:\\Users\\r.asadullin\\Documents\\Обучения\\обучение PHP Laravel разработчик\\php\\task_manager\\laravel_base\\vendor\\laravel\\framework\\src\\Illuminate\\Routing\\Router.php(885): Illuminate\\Routing\\Router::toResponse()
#15 C:\\Users\\r.asadullin\\Documents\\Обучения\\обучение PHP Laravel разработчик\\php\\task_manager\\laravel_base\\vendor\\laravel\\framework\\src\\Illuminate\\Routing\\Router.php(805): Illuminate\\Routing\\Router->prepareResponse()
#16 C:\\Users\\r.asadullin\\Documents\\Обучения\\обучение PHP Laravel разработчик\\php\\task_manager\\laravel_base\\vendor\\laravel\\framework\\src\\Illuminate\\Pipeline\\Pipeline.php(144): Illuminate\\Routing\\Router->Illuminate\\Routing\\{closure}()
#17 C:\\Users\\r.asadullin\\Documents\\Обучения\\обучение PHP Laravel разработчик\\php\\task_manager\\laravel_base\\vendor\\laravel\\framework\\src\\Illuminate\\Routing\\Middleware\\SubstituteBindings.php(50): Illuminate\\Pipeline\\Pipeline->Illuminate\\Pipeline\\{closure}()
#18 C:\\Users\\r.asadullin\\Documents\\Обучения\\обучение PHP Laravel разработчик\\php\\task_manager\\laravel_base\\vendor\\laravel\\framework\\src\\Illuminate\\Pipeline\\Pipeline.php(183): Illuminate\\Routing\\Middleware\\SubstituteBindings->handle()
#19 C:\\Users\\r.asadullin\\Documents\\Обучения\\обучение PHP Laravel разработчик\\php\\task_manager\\laravel_base\\vendor\\laravel\\framework\\src\\Illuminate\\Foundation\\Http\\Middleware\\VerifyCsrfToken.php(78): Illuminate\\Pipeline\\Pipeline->Illuminate\\Pipeline\\{closure}()
#20 C:\\Users\\r.asadullin\\Documents\\Обучения\\обучение PHP Laravel разработчик\\php\\task_manager\\laravel_base\\vendor\\laravel\\framework\\src\\Illuminate\\Pipeline\\Pipeline.php(183): Illuminate\\Foundation\\Http\\Middleware\\VerifyCsrfToken->handle()
#21 C:\\Users\\r.asadullin\\Documents\\Обучения\\обучение PHP Laravel разработчик\\php\\task_manager\\laravel_base\\vendor\\laravel\\framework\\src\\Illuminate\\View\\Middleware\\ShareErrorsFromSession.php(49): Illuminate\\Pipeline\\Pipeline->Illuminate\\Pipeline\\{closure}()
#22 C:\\Users\\r.asadullin\\Documents\\Обучения\\обучение PHP Laravel разработчик\\php\\task_manager\\laravel_base\\vendor\\laravel\\framework\\src\\Illuminate\\Pipeline\\Pipeline.php(183): Illuminate\\View\\Middleware\\ShareErrorsFromSession->handle()
#23 C:\\Users\\r.asadullin\\Documents\\Обучения\\обучение PHP Laravel разработчик\\php\\task_manager\\laravel_base\\vendor\\laravel\\framework\\src\\Illuminate\\Session\\Middleware\\StartSession.php(121): Illuminate\\Pipeline\\Pipeline->Illuminate\\Pipeline\\{closure}()
#24 C:\\Users\\r.asadullin\\Documents\\Обучения\\обучение PHP Laravel разработчик\\php\\task_manager\\laravel_base\\vendor\\laravel\\framework\\src\\Illuminate\\Session\\Middleware\\StartSession.php(64): Illuminate\\Session\\Middleware\\StartSession->handleStatefulRequest()
#25 C:\\Users\\r.asadullin\\Documents\\Обучения\\обучение PHP Laravel разработчик\\php\\task_manager\\laravel_base\\vendor\\laravel\\framework\\src\\Illuminate\\Pipeline\\Pipeline.php(183): Illuminate\\Session\\Middleware\\StartSession->handle()
#26 C:\\Users\\r.asadullin\\Documents\\Обучения\\обучение PHP Laravel разработчик\\php\\task_manager\\laravel_base\\vendor\\laravel\\framework\\src\\Illuminate\\Cookie\\Middleware\\AddQueuedCookiesToResponse.php(37): Illuminate\\Pipeline\\Pipeline->Illuminate\\Pipeline\\{closure}()
#27 C:\\Users\\r.asadullin\\Documents\\Обучения\\обучение PHP Laravel разработчик\\php\\task_manager\\laravel_base\\vendor\\laravel\\framework\\src\\Illuminate\\Pipeline\\Pipeline.php(183): Illuminate\\Cookie\\Middleware\\AddQueuedCookiesToResponse->handle()
#28 C:\\Users\\r.asadullin\\Documents\\Обучения\\обучение PHP Laravel разработчик\\php\\task_manager\\laravel_base\\vendor\\laravel\\framework\\src\\Illuminate\\Cookie\\Middleware\\EncryptCookies.php(67): Illuminate\\Pipeline\\Pipeline->Illuminate\\Pipeline\\{closure}()
#29 C:\\Users\\r.asadullin\\Documents\\Обучения\\обучение PHP Laravel разработчик\\php\\task_manager\\laravel_base\\vendor\\laravel\\framework\\src\\Illuminate\\Pipeline\\Pipeline.php(183): Illuminate\\Cookie\\Middleware\\EncryptCookies->handle()
#30 C:\\Users\\r.asadullin\\Documents\\Обучения\\обучение PHP Laravel разработчик\\php\\task_manager\\laravel_base\\vendor\\laravel\\framework\\src\\Illuminate\\Pipeline\\Pipeline.php(119): Illuminate\\Pipeline\\Pipeline->Illuminate\\Pipeline\\{closure}()
#31 C:\\Users\\r.asadullin\\Documents\\Обучения\\обучение PHP Laravel разработчик\\php\\task_manager\\laravel_base\\vendor\\laravel\\framework\\src\\Illuminate\\Routing\\Router.php(805): Illuminate\\Pipeline\\Pipeline->then()
#32 C:\\Users\\r.asadullin\\Documents\\Обучения\\обучение PHP Laravel разработчик\\php\\task_manager\\laravel_base\\vendor\\laravel\\framework\\src\\Illuminate\\Routing\\Router.php(784): Illuminate\\Routing\\Router->runRouteWithinStack()
#33 C:\\Users\\r.asadullin\\Documents\\Обучения\\обучение PHP Laravel разработчик\\php\\task_manager\\laravel_base\\vendor\\laravel\\framework\\src\\Illuminate\\Routing\\Router.php(748): Illuminate\\Routing\\Router->runRoute()
#34 C:\\Users\\r.asadullin\\Documents\\Обучения\\обучение PHP Laravel разработчик\\php\\task_manager\\laravel_base\\vendor\\laravel\\framework\\src\\Illuminate\\Routing\\Router.php(737): Illuminate\\Routing\\Router->dispatchToRoute()
#35 C:\\Users\\r.asadullin\\Documents\\Обучения\\обучение PHP Laravel разработчик\\php\\task_manager\\laravel_base\\vendor\\laravel\\framework\\src\\Illuminate\\Foundation\\Http\\Kernel.php(200): Illuminate\\Routing\\Router->dispatch()
#36 C:\\Users\\r.asadullin\\Documents\\Обучения\\обучение PHP Laravel разработчик\\php\\task_manager\\laravel_base\\vendor\\laravel\\framework\\src\\Illuminate\\Pipeline\\Pipeline.php(144): Illuminate\\Foundation\\Http\\Kernel->Illuminate\\Foundation\\Http\\{closure}()
#37 C:\\Users\\r.asadullin\\Documents\\Обучения\\обучение PHP Laravel разработчик\\php\\task_manager\\laravel_base\\vendor\\laravel\\framework\\src\\Illuminate\\Foundation\\Http\\Middleware\\TransformsRequest.php(21): Illuminate\\Pipeline\\Pipeline->Illuminate\\Pipeline\\{closure}()
#38 C:\\Users\\r.asadullin\\Documents\\Обучения\\обучение PHP Laravel разработчик\\php\\task_manager\\laravel_base\\vendor\\laravel\\framework\\src\\Illuminate\\Foundation\\Http\\Middleware\\ConvertEmptyStringsToNull.php(31): Illuminate\\Foundation\\Http\\Middleware\\TransformsRequest->handle()
#39 C:\\Users\\r.asadullin\\Documents\\Обучения\\обучение PHP Laravel разработчик\\php\\task_manager\\laravel_base\\vendor\\laravel\\framework\\src\\Illuminate\\Pipeline\\Pipeline.php(183): Illuminate\\Foundation\\Http\\Middleware\\ConvertEmptyStringsToNull->handle()
#40 C:\\Users\\r.asadullin\\Documents\\Обучения\\обучение PHP Laravel разработчик\\php\\task_manager\\laravel_base\\vendor\\laravel\\framework\\src\\Illuminate\\Foundation\\Http\\Middleware\\TransformsRequest.php(21): Illuminate\\Pipeline\\Pipeline->Illuminate\\Pipeline\\{closure}()
#41 C:\\Users\\r.asadullin\\Documents\\Обучения\\обучение PHP Laravel разработчик\\php\\task_manager\\laravel_base\\vendor\\laravel\\framework\\src\\Illuminate\\Foundation\\Http\\Middleware\\TrimStrings.php(40): Illuminate\\Foundation\\Http\\Middleware\\TransformsRequest->handle()
#42 C:\\Users\\r.asadullin\\Documents\\Обучения\\обучение PHP Laravel разработчик\\php\\task_manager\\laravel_base\\vendor\\laravel\\framework\\src\\Illuminate\\Pipeline\\Pipeline.php(183): Illuminate\\Foundation\\Http\\Middleware\\TrimStrings->handle()
#43 C:\\Users\\r.asadullin\\Documents\\Обучения\\обучение PHP Laravel разработчик\\php\\task_manager\\laravel_base\\vendor\\laravel\\framework\\src\\Illuminate\\Foundation\\Http\\Middleware\\ValidatePostSize.php(27): Illuminate\\Pipeline\\Pipeline->Illuminate\\Pipeline\\{closure}()
#44 C:\\Users\\r.asadullin\\Documents\\Обучения\\обучение PHP Laravel разработчик\\php\\task_manager\\laravel_base\\vendor\\laravel\\framework\\src\\Illuminate\\Pipeline\\Pipeline.php(183): Illuminate\\Foundation\\Http\\Middleware\\ValidatePostSize->handle()
#45 C:\\Users\\r.asadullin\\Documents\\Обучения\\обучение PHP Laravel разработчик\\php\\task_manager\\laravel_base\\vendor\\laravel\\framework\\src\\Illuminate\\Foundation\\Http\\Middleware\\PreventRequestsDuringMaintenance.php(99): Illuminate\\Pipeline\\Pipeline->Illuminate\\Pipeline\\{closure}()
#46 C:\\Users\\r.asadullin\\Documents\\Обучения\\обучение PHP Laravel разработчик\\php\\task_manager\\laravel_base\\vendor\\laravel\\framework\\src\\Illuminate\\Pipeline\\Pipeline.php(183): Illuminate\\Foundation\\Http\\Middleware\\PreventRequestsDuringMaintenance->handle()
#47 C:\\Users\\r.asadullin\\Documents\\Обучения\\обучение PHP Laravel разработчик\\php\\task_manager\\laravel_base\\vendor\\laravel\\framework\\src\\Illuminate\\Http\\Middleware\\HandleCors.php(49): Illuminate\\Pipeline\\Pipeline->Illuminate\\Pipeline\\{closure}()
#48 C:\\Users\\r.asadullin\\Documents\\Обучения\\обучение PHP Laravel разработчик\\php\\task_manager\\laravel_base\\vendor\\laravel\\framework\\src\\Illuminate\\Pipeline\\Pipeline.php(183): Illuminate\\Http\\Middleware\\HandleCors->handle()
#49 C:\\Users\\r.asadullin\\Documents\\Обучения\\обучение PHP Laravel разработчик\\php\\task_manager\\laravel_base\\vendor\\laravel\\framework\\src\\Illuminate\\Http\\Middleware\\TrustProxies.php(39): Illuminate\\Pipeline\\Pipeline->Illuminate\\Pipeline\\{closure}()
#50 C:\\Users\\r.asadullin\\Documents\\Обучения\\обучение PHP Laravel разработчик\\php\\task_manager\\laravel_base\\vendor\\laravel\\framework\\src\\Illuminate\\Pipeline\\Pipeline.php(183): Illuminate\\Http\\Middleware\\TrustProxies->handle()
#51 C:\\Users\\r.asadullin\\Documents\\Обучения\\обучение PHP Laravel разработчик\\php\\task_manager\\laravel_base\\vendor\\laravel\\framework\\src\\Illuminate\\Pipeline\\Pipeline.php(119): Illuminate\\Pipeline\\Pipeline->Illuminate\\Pipeline\\{closure}()
#52 C:\\Users\\r.asadullin\\Documents\\Обучения\\обучение PHP Laravel разработчик\\php\\task_manager\\laravel_base\\vendor\\laravel\\framework\\src\\Illuminate\\Foundation\\Http\\Kernel.php(175): Illuminate\\Pipeline\\Pipeline->then()
#53 C:\\Users\\r.asadullin\\Documents\\Обучения\\обучение PHP Laravel разработчик\\php\\task_manager\\laravel_base\\vendor\\laravel\\framework\\src\\Illuminate\\Foundation\\Http\\Kernel.php(144): Illuminate\\Foundation\\Http\\Kernel->sendRequestThroughRouter()
#54 C:\\Users\\r.asadullin\\Documents\\Обучения\\обучение PHP Laravel разработчик\\php\\task_manager\\laravel_base\\public\\index.php(51): Illuminate\\Foundation\\Http\\Kernel->handle()
#55 C:\\Users\\r.asadullin\\Documents\\Обучения\\обучение PHP Laravel разработчик\\php\\task_manager\\laravel_base\\vendor\\laravel\\framework\\src\\Illuminate\\Foundation\\resources\\server.php(16): require_once('C:\\\\Users\\\\r.asad...')
#56 {main}
"} 
[2024-10-22 20:37:58] local.ERROR: App\Models\User::tasks must return a relationship instance, but "null" was returned. Was the "return" keyword used? {"view":{"view":"C:\\Users\\r.asadullin\\Documents\\Обучения\\обучение PHP Laravel разработчик\\php\\task_manager\\laravel_base\\resources\\views\\users\\index.blade.php","data":[]},"exception":"[object] (Spatie\\LaravelIgnition\\Exceptions\\ViewException(code: 0): App\\Models\\User::tasks must return a relationship instance, but \"null\" was returned. Was the \"return\" keyword used? at C:\\Users\\r.asadullin\\Documents\\Обучения\\обучение PHP Laravel разработчик\\php\\task_manager\\laravel_base\\vendor\\laravel\\framework\\src\\Illuminate\\Database\\Eloquent\\Concerns\\HasAttributes.php:581)
[stacktrace]
#0 C:\\Users\\r.asadullin\\Documents\\Обучения\\обучение PHP Laravel разработчик\\php\\task_manager\\laravel_base\\vendor\\laravel\\framework\\src\\Illuminate\\Database\\Eloquent\\Concerns\\HasAttributes.php(529): Illuminate\\Database\\Eloquent\\Model->getRelationshipFromMethod()
#1 C:\\Users\\r.asadullin\\Documents\\Обучения\\обучение PHP Laravel разработчик\\php\\task_manager\\laravel_base\\vendor\\laravel\\framework\\src\\Illuminate\\Database\\Eloquent\\Concerns\\HasAttributes.php(454): Illuminate\\Database\\Eloquent\\Model->getRelationValue()
#2 C:\\Users\\r.asadullin\\Documents\\Обучения\\обучение PHP Laravel разработчик\\php\\task_manager\\laravel_base\\vendor\\laravel\\framework\\src\\Illuminate\\Database\\Eloquent\\Model.php(2227): Illuminate\\Database\\Eloquent\\Model->getAttribute()
#3 C:\\Users\\r.asadullin\\Documents\\Обучения\\обучение PHP Laravel разработчик\\php\\task_manager\\laravel_base\\resources\\views\\users\\index.blade.php(19): Illuminate\\Database\\Eloquent\\Model->__get()
#4 C:\\Users\\r.asadullin\\Documents\\Обучения\\обучение PHP Laravel разработчик\\php\\task_manager\\laravel_base\\vendor\\laravel\\framework\\src\\Illuminate\\Filesystem\\Filesystem.php(123): require('C:\\\\Users\\\\r.asad...')
#5 C:\\Users\\r.asadullin\\Documents\\Обучения\\обучение PHP Laravel разработчик\\php\\task_manager\\laravel_base\\vendor\\laravel\\framework\\src\\Illuminate\\Filesystem\\Filesystem.php(124): Illuminate\\Filesystem\\Filesystem::Illuminate\\Filesystem\\{closure}()
#6 C:\\Users\\r.asadullin\\Documents\\Обучения\\обучение PHP Laravel разработчик\\php\\task_manager\\laravel_base\\vendor\\laravel\\framework\\src\\Illuminate\\View\\Engines\\PhpEngine.php(58): Illuminate\\Filesystem\\Filesystem->getRequire()
#7 C:\\Users\\r.asadullin\\Documents\\Обучения\\обучение PHP Laravel разработчик\\php\\task_manager\\laravel_base\\vendor\\laravel\\framework\\src\\Illuminate\\View\\Engines\\CompilerEngine.php(72): Illuminate\\View\\Engines\\PhpEngine->evaluatePath()
#8 C:\\Users\\r.asadullin\\Documents\\Обучения\\обучение PHP Laravel разработчик\\php\\task_manager\\laravel_base\\vendor\\laravel\\framework\\src\\Illuminate\\View\\View.php(207): Illuminate\\View\\Engines\\CompilerEngine->get()
#9 C:\\Users\\r.asadullin\\Documents\\Обучения\\обучение PHP Laravel разработчик\\php\\task_manager\\laravel_base\\vendor\\laravel\\framework\\src\\Illuminate\\View\\View.php(190): Illuminate\\View\\View->getContents()
#10 C:\\Users\\r.asadullin\\Documents\\Обучения\\обучение PHP Laravel разработчик\\php\\task_manager\\laravel_base\\vendor\\laravel\\framework\\src\\Illuminate\\View\\View.php(159): Illuminate\\View\\View->renderContents()
#11 C:\\Users\\r.asadullin\\Documents\\Обучения\\обучение PHP Laravel разработчик\\php\\task_manager\\laravel_base\\vendor\\laravel\\framework\\src\\Illuminate\\Http\\Response.php(69): Illuminate\\View\\View->render()
#12 C:\\Users\\r.asadullin\\Documents\\Обучения\\обучение PHP Laravel разработчик\\php\\task_manager\\laravel_base\\vendor\\laravel\\framework\\src\\Illuminate\\Http\\Response.php(35): Illuminate\\Http\\Response->setContent()
#13 C:\\Users\\r.asadullin\\Documents\\Обучения\\обучение PHP Laravel разработчик\\php\\task_manager\\laravel_base\\vendor\\laravel\\framework\\src\\Illuminate\\Routing\\Router.php(918): Illuminate\\Http\\Response->__construct()
#14 C:\\Users\\r.asadullin\\Documents\\Обучения\\обучение PHP Laravel разработчик\\php\\task_manager\\laravel_base\\vendor\\laravel\\framework\\src\\Illuminate\\Routing\\Router.php(885): Illuminate\\Routing\\Router::toResponse()
#15 C:\\Users\\r.asadullin\\Documents\\Обучения\\обучение PHP Laravel разработчик\\php\\task_manager\\laravel_base\\vendor\\laravel\\framework\\src\\Illuminate\\Routing\\Router.php(805): Illuminate\\Routing\\Router->prepareResponse()
#16 C:\\Users\\r.asadullin\\Documents\\Обучения\\обучение PHP Laravel разработчик\\php\\task_manager\\laravel_base\\vendor\\laravel\\framework\\src\\Illuminate\\Pipeline\\Pipeline.php(144): Illuminate\\Routing\\Router->Illuminate\\Routing\\{closure}()
#17 C:\\Users\\r.asadullin\\Documents\\Обучения\\обучение PHP Laravel разработчик\\php\\task_manager\\laravel_base\\vendor\\laravel\\framework\\src\\Illuminate\\Routing\\Middleware\\SubstituteBindings.php(50): Illuminate\\Pipeline\\Pipeline->Illuminate\\Pipeline\\{closure}()
#18 C:\\Users\\r.asadullin\\Documents\\Обучения\\обучение PHP Laravel разработчик\\php\\task_manager\\laravel_base\\vendor\\laravel\\framework\\src\\Illuminate\\Pipeline\\Pipeline.php(183): Illuminate\\Routing\\Middleware\\SubstituteBindings->handle()
#19 C:\\Users\\r.asadullin\\Documents\\Обучения\\обучение PHP Laravel разработчик\\php\\task_manager\\laravel_base\\vendor\\laravel\\framework\\src\\Illuminate\\Foundation\\Http\\Middleware\\VerifyCsrfToken.php(78): Illuminate\\Pipeline\\Pipeline->Illuminate\\Pipeline\\{closure}()
#20 C:\\Users\\r.asadullin\\Documents\\Обучения\\обучение PHP Laravel разработчик\\php\\task_manager\\laravel_base\\vendor\\laravel\\framework\\src\\Illuminate\\Pipeline\\Pipeline.php(183): Illuminate\\Foundation\\Http\\Middleware\\VerifyCsrfToken->handle()
#21 C:\\Users\\r.asadullin\\Documents\\Обучения\\обучение PHP Laravel разработчик\\php\\task_manager\\laravel_base\\vendor\\laravel\\framework\\src\\Illuminate\\View\\Middleware\\ShareErrorsFromSession.php(49): Illuminate\\Pipeline\\Pipeline->Illuminate\\Pipeline\\{closure}()
#22 C:\\Users\\r.asadullin\\Documents\\Обучения\\обучение PHP Laravel разработчик\\php\\task_manager\\laravel_base\\vendor\\laravel\\framework\\src\\Illuminate\\Pipeline\\Pipeline.php(183): Illuminate\\View\\Middleware\\ShareErrorsFromSession->handle()
#23 C:\\Users\\r.asadullin\\Documents\\Обучения\\обучение PHP Laravel разработчик\\php\\task_manager\\laravel_base\\vendor\\laravel\\framework\\src\\Illuminate\\Session\\Middleware\\StartSession.php(121): Illuminate\\Pipeline\\Pipeline->Illuminate\\Pipeline\\{closure}()
#24 C:\\Users\\r.asadullin\\Documents\\Обучения\\обучение PHP Laravel разработчик\\php\\task_manager\\laravel_base\\vendor\\laravel\\framework\\src\\Illuminate\\Session\\Middleware\\StartSession.php(64): Illuminate\\Session\\Middleware\\StartSession->handleStatefulRequest()
#25 C:\\Users\\r.asadullin\\Documents\\Обучения\\обучение PHP Laravel разработчик\\php\\task_manager\\laravel_base\\vendor\\laravel\\framework\\src\\Illuminate\\Pipeline\\Pipeline.php(183): Illuminate\\Session\\Middleware\\StartSession->handle()
#26 C:\\Users\\r.asadullin\\Documents\\Обучения\\обучение PHP Laravel разработчик\\php\\task_manager\\laravel_base\\vendor\\laravel\\framework\\src\\Illuminate\\Cookie\\Middleware\\AddQueuedCookiesToResponse.php(37): Illuminate\\Pipeline\\Pipeline->Illuminate\\Pipeline\\{closure}()
#27 C:\\Users\\r.asadullin\\Documents\\Обучения\\обучение PHP Laravel разработчик\\php\\task_manager\\laravel_base\\vendor\\laravel\\framework\\src\\Illuminate\\Pipeline\\Pipeline.php(183): Illuminate\\Cookie\\Middleware\\AddQueuedCookiesToResponse->handle()
#28 C:\\Users\\r.asadullin\\Documents\\Обучения\\обучение PHP Laravel разработчик\\php\\task_manager\\laravel_base\\vendor\\laravel\\framework\\src\\Illuminate\\Cookie\\Middleware\\EncryptCookies.php(67): Illuminate\\Pipeline\\Pipeline->Illuminate\\Pipeline\\{closure}()
#29 C:\\Users\\r.asadullin\\Documents\\Обучения\\обучение PHP Laravel разработчик\\php\\task_manager\\laravel_base\\vendor\\laravel\\framework\\src\\Illuminate\\Pipeline\\Pipeline.php(183): Illuminate\\Cookie\\Middleware\\EncryptCookies->handle()
#30 C:\\Users\\r.asadullin\\Documents\\Обучения\\обучение PHP Laravel разработчик\\php\\task_manager\\laravel_base\\vendor\\laravel\\framework\\src\\Illuminate\\Pipeline\\Pipeline.php(119): Illuminate\\Pipeline\\Pipeline->Illuminate\\Pipeline\\{closure}()
#31 C:\\Users\\r.asadullin\\Documents\\Обучения\\обучение PHP Laravel разработчик\\php\\task_manager\\laravel_base\\vendor\\laravel\\framework\\src\\Illuminate\\Routing\\Router.php(805): Illuminate\\Pipeline\\Pipeline->then()
#32 C:\\Users\\r.asadullin\\Documents\\Обучения\\обучение PHP Laravel разработчик\\php\\task_manager\\laravel_base\\vendor\\laravel\\framework\\src\\Illuminate\\Routing\\Router.php(784): Illuminate\\Routing\\Router->runRouteWithinStack()
#33 C:\\Users\\r.asadullin\\Documents\\Обучения\\обучение PHP Laravel разработчик\\php\\task_manager\\laravel_base\\vendor\\laravel\\framework\\src\\Illuminate\\Routing\\Router.php(748): Illuminate\\Routing\\Router->runRoute()
#34 C:\\Users\\r.asadullin\\Documents\\Обучения\\обучение PHP Laravel разработчик\\php\\task_manager\\laravel_base\\vendor\\laravel\\framework\\src\\Illuminate\\Routing\\Router.php(737): Illuminate\\Routing\\Router->dispatchToRoute()
#35 C:\\Users\\r.asadullin\\Documents\\Обучения\\обучение PHP Laravel разработчик\\php\\task_manager\\laravel_base\\vendor\\laravel\\framework\\src\\Illuminate\\Foundation\\Http\\Kernel.php(200): Illuminate\\Routing\\Router->dispatch()
#36 C:\\Users\\r.asadullin\\Documents\\Обучения\\обучение PHP Laravel разработчик\\php\\task_manager\\laravel_base\\vendor\\laravel\\framework\\src\\Illuminate\\Pipeline\\Pipeline.php(144): Illuminate\\Foundation\\Http\\Kernel->Illuminate\\Foundation\\Http\\{closure}()
#37 C:\\Users\\r.asadullin\\Documents\\Обучения\\обучение PHP Laravel разработчик\\php\\task_manager\\laravel_base\\vendor\\laravel\\framework\\src\\Illuminate\\Foundation\\Http\\Middleware\\TransformsRequest.php(21): Illuminate\\Pipeline\\Pipeline->Illuminate\\Pipeline\\{closure}()
#38 C:\\Users\\r.asadullin\\Documents\\Обучения\\обучение PHP Laravel разработчик\\php\\task_manager\\laravel_base\\vendor\\laravel\\framework\\src\\Illuminate\\Foundation\\Http\\Middleware\\ConvertEmptyStringsToNull.php(31): Illuminate\\Foundation\\Http\\Middleware\\TransformsRequest->handle()
#39 C:\\Users\\r.asadullin\\Documents\\Обучения\\обучение PHP Laravel разработчик\\php\\task_manager\\laravel_base\\vendor\\laravel\\framework\\src\\Illuminate\\Pipeline\\Pipeline.php(183): Illuminate\\Foundation\\Http\\Middleware\\ConvertEmptyStringsToNull->handle()
#40 C:\\Users\\r.asadullin\\Documents\\Обучения\\обучение PHP Laravel разработчик\\php\\task_manager\\laravel_base\\vendor\\laravel\\framework\\src\\Illuminate\\Foundation\\Http\\Middleware\\TransformsRequest.php(21): Illuminate\\Pipeline\\Pipeline->Illuminate\\Pipeline\\{closure}()
#41 C:\\Users\\r.asadullin\\Documents\\Обучения\\обучение PHP Laravel разработчик\\php\\task_manager\\laravel_base\\vendor\\laravel\\framework\\src\\Illuminate\\Foundation\\Http\\Middleware\\TrimStrings.php(40): Illuminate\\Foundation\\Http\\Middleware\\TransformsRequest->handle()
#42 C:\\Users\\r.asadullin\\Documents\\Обучения\\обучение PHP Laravel разработчик\\php\\task_manager\\laravel_base\\vendor\\laravel\\framework\\src\\Illuminate\\Pipeline\\Pipeline.php(183): Illuminate\\Foundation\\Http\\Middleware\\TrimStrings->handle()
#43 C:\\Users\\r.asadullin\\Documents\\Обучения\\обучение PHP Laravel разработчик\\php\\task_manager\\laravel_base\\vendor\\laravel\\framework\\src\\Illuminate\\Foundation\\Http\\Middleware\\ValidatePostSize.php(27): Illuminate\\Pipeline\\Pipeline->Illuminate\\Pipeline\\{closure}()
#44 C:\\Users\\r.asadullin\\Documents\\Обучения\\обучение PHP Laravel разработчик\\php\\task_manager\\laravel_base\\vendor\\laravel\\framework\\src\\Illuminate\\Pipeline\\Pipeline.php(183): Illuminate\\Foundation\\Http\\Middleware\\ValidatePostSize->handle()
#45 C:\\Users\\r.asadullin\\Documents\\Обучения\\обучение PHP Laravel разработчик\\php\\task_manager\\laravel_base\\vendor\\laravel\\framework\\src\\Illuminate\\Foundation\\Http\\Middleware\\PreventRequestsDuringMaintenance.php(99): Illuminate\\Pipeline\\Pipeline->Illuminate\\Pipeline\\{closure}()
#46 C:\\Users\\r.asadullin\\Documents\\Обучения\\обучение PHP Laravel разработчик\\php\\task_manager\\laravel_base\\vendor\\laravel\\framework\\src\\Illuminate\\Pipeline\\Pipeline.php(183): Illuminate\\Foundation\\Http\\Middleware\\PreventRequestsDuringMaintenance->handle()
#47 C:\\Users\\r.asadullin\\Documents\\Обучения\\обучение PHP Laravel разработчик\\php\\task_manager\\laravel_base\\vendor\\laravel\\framework\\src\\Illuminate\\Http\\Middleware\\HandleCors.php(49): Illuminate\\Pipeline\\Pipeline->Illuminate\\Pipeline\\{closure}()
#48 C:\\Users\\r.asadullin\\Documents\\Обучения\\обучение PHP Laravel разработчик\\php\\task_manager\\laravel_base\\vendor\\laravel\\framework\\src\\Illuminate\\Pipeline\\Pipeline.php(183): Illuminate\\Http\\Middleware\\HandleCors->handle()
#49 C:\\Users\\r.asadullin\\Documents\\Обучения\\обучение PHP Laravel разработчик\\php\\task_manager\\laravel_base\\vendor\\laravel\\framework\\src\\Illuminate\\Http\\Middleware\\TrustProxies.php(39): Illuminate\\Pipeline\\Pipeline->Illuminate\\Pipeline\\{closure}()
#50 C:\\Users\\r.asadullin\\Documents\\Обучения\\обучение PHP Laravel разработчик\\php\\task_manager\\laravel_base\\vendor\\laravel\\framework\\src\\Illuminate\\Pipeline\\Pipeline.php(183): Illuminate\\Http\\Middleware\\TrustProxies->handle()
#51 C:\\Users\\r.asadullin\\Documents\\Обучения\\обучение PHP Laravel разработчик\\php\\task_manager\\laravel_base\\vendor\\laravel\\framework\\src\\Illuminate\\Pipeline\\Pipeline.php(119): Illuminate\\Pipeline\\Pipeline->Illuminate\\Pipeline\\{closure}()
#52 C:\\Users\\r.asadullin\\Documents\\Обучения\\обучение PHP Laravel разработчик\\php\\task_manager\\laravel_base\\vendor\\laravel\\framework\\src\\Illuminate\\Foundation\\Http\\Kernel.php(175): Illuminate\\Pipeline\\Pipeline->then()
#53 C:\\Users\\r.asadullin\\Documents\\Обучения\\обучение PHP Laravel разработчик\\php\\task_manager\\laravel_base\\vendor\\laravel\\framework\\src\\Illuminate\\Foundation\\Http\\Kernel.php(144): Illuminate\\Foundation\\Http\\Kernel->sendRequestThroughRouter()
#54 C:\\Users\\r.asadullin\\Documents\\Обучения\\обучение PHP Laravel разработчик\\php\\task_manager\\laravel_base\\public\\index.php(51): Illuminate\\Foundation\\Http\\Kernel->handle()
#55 C:\\Users\\r.asadullin\\Documents\\Обучения\\обучение PHP Laravel разработчик\\php\\task_manager\\laravel_base\\vendor\\laravel\\framework\\src\\Illuminate\\Foundation\\resources\\server.php(16): require_once('C:\\\\Users\\\\r.asad...')
#56 {main}

[previous exception] [object] (LogicException(code: 0): App\\Models\\User::tasks must return a relationship instance, but \"null\" was returned. Was the \"return\" keyword used? at C:\\Users\\r.asadullin\\Documents\\Обучения\\обучение PHP Laravel разработчик\\php\\task_manager\\laravel_base\\vendor\\laravel\\framework\\src\\Illuminate\\Database\\Eloquent\\Concerns\\HasAttributes.php:581)
[stacktrace]
#0 C:\\Users\\r.asadullin\\Documents\\Обучения\\обучение PHP Laravel разработчик\\php\\task_manager\\laravel_base\\vendor\\laravel\\framework\\src\\Illuminate\\Database\\Eloquent\\Concerns\\HasAttributes.php(529): Illuminate\\Database\\Eloquent\\Model->getRelationshipFromMethod()
#1 C:\\Users\\r.asadullin\\Documents\\Обучения\\обучение PHP Laravel разработчик\\php\\task_manager\\laravel_base\\vendor\\laravel\\framework\\src\\Illuminate\\Database\\Eloquent\\Concerns\\HasAttributes.php(454): Illuminate\\Database\\Eloquent\\Model->getRelationValue()
#2 C:\\Users\\r.asadullin\\Documents\\Обучения\\обучение PHP Laravel разработчик\\php\\task_manager\\laravel_base\\vendor\\laravel\\framework\\src\\Illuminate\\Database\\Eloquent\\Model.php(2227): Illuminate\\Database\\Eloquent\\Model->getAttribute()
#3 C:\\Users\\r.asadullin\\Documents\\Обучения\\обучение PHP Laravel разработчик\\php\\task_manager\\laravel_base\\storage\\framework\\views\\c3fb88e78793d8bffd4e11278b47af90.php(19): Illuminate\\Database\\Eloquent\\Model->__get()
#4 C:\\Users\\r.asadullin\\Documents\\Обучения\\обучение PHP Laravel разработчик\\php\\task_manager\\laravel_base\\vendor\\laravel\\framework\\src\\Illuminate\\Filesystem\\Filesystem.php(123): require('C:\\\\Users\\\\r.asad...')
#5 C:\\Users\\r.asadullin\\Documents\\Обучения\\обучение PHP Laravel разработчик\\php\\task_manager\\laravel_base\\vendor\\laravel\\framework\\src\\Illuminate\\Filesystem\\Filesystem.php(124): Illuminate\\Filesystem\\Filesystem::Illuminate\\Filesystem\\{closure}()
#6 C:\\Users\\r.asadullin\\Documents\\Обучения\\обучение PHP Laravel разработчик\\php\\task_manager\\laravel_base\\vendor\\laravel\\framework\\src\\Illuminate\\View\\Engines\\PhpEngine.php(58): Illuminate\\Filesystem\\Filesystem->getRequire()
#7 C:\\Users\\r.asadullin\\Documents\\Обучения\\обучение PHP Laravel разработчик\\php\\task_manager\\laravel_base\\vendor\\laravel\\framework\\src\\Illuminate\\View\\Engines\\CompilerEngine.php(72): Illuminate\\View\\Engines\\PhpEngine->evaluatePath()
#8 C:\\Users\\r.asadullin\\Documents\\Обучения\\обучение PHP Laravel разработчик\\php\\task_manager\\laravel_base\\vendor\\laravel\\framework\\src\\Illuminate\\View\\View.php(207): Illuminate\\View\\Engines\\CompilerEngine->get()
#9 C:\\Users\\r.asadullin\\Documents\\Обучения\\обучение PHP Laravel разработчик\\php\\task_manager\\laravel_base\\vendor\\laravel\\framework\\src\\Illuminate\\View\\View.php(190): Illuminate\\View\\View->getContents()
#10 C:\\Users\\r.asadullin\\Documents\\Обучения\\обучение PHP Laravel разработчик\\php\\task_manager\\laravel_base\\vendor\\laravel\\framework\\src\\Illuminate\\View\\View.php(159): Illuminate\\View\\View->renderContents()
#11 C:\\Users\\r.asadullin\\Documents\\Обучения\\обучение PHP Laravel разработчик\\php\\task_manager\\laravel_base\\vendor\\laravel\\framework\\src\\Illuminate\\Http\\Response.php(69): Illuminate\\View\\View->render()
#12 C:\\Users\\r.asadullin\\Documents\\Обучения\\обучение PHP Laravel разработчик\\php\\task_manager\\laravel_base\\vendor\\laravel\\framework\\src\\Illuminate\\Http\\Response.php(35): Illuminate\\Http\\Response->setContent()
#13 C:\\Users\\r.asadullin\\Documents\\Обучения\\обучение PHP Laravel разработчик\\php\\task_manager\\laravel_base\\vendor\\laravel\\framework\\src\\Illuminate\\Routing\\Router.php(918): Illuminate\\Http\\Response->__construct()
#14 C:\\Users\\r.asadullin\\Documents\\Обучения\\обучение PHP Laravel разработчик\\php\\task_manager\\laravel_base\\vendor\\laravel\\framework\\src\\Illuminate\\Routing\\Router.php(885): Illuminate\\Routing\\Router::toResponse()
#15 C:\\Users\\r.asadullin\\Documents\\Обучения\\обучение PHP Laravel разработчик\\php\\task_manager\\laravel_base\\vendor\\laravel\\framework\\src\\Illuminate\\Routing\\Router.php(805): Illuminate\\Routing\\Router->prepareResponse()
#16 C:\\Users\\r.asadullin\\Documents\\Обучения\\обучение PHP Laravel разработчик\\php\\task_manager\\laravel_base\\vendor\\laravel\\framework\\src\\Illuminate\\Pipeline\\Pipeline.php(144): Illuminate\\Routing\\Router->Illuminate\\Routing\\{closure}()
#17 C:\\Users\\r.asadullin\\Documents\\Обучения\\обучение PHP Laravel разработчик\\php\\task_manager\\laravel_base\\vendor\\laravel\\framework\\src\\Illuminate\\Routing\\Middleware\\SubstituteBindings.php(50): Illuminate\\Pipeline\\Pipeline->Illuminate\\Pipeline\\{closure}()
#18 C:\\Users\\r.asadullin\\Documents\\Обучения\\обучение PHP Laravel разработчик\\php\\task_manager\\laravel_base\\vendor\\laravel\\framework\\src\\Illuminate\\Pipeline\\Pipeline.php(183): Illuminate\\Routing\\Middleware\\SubstituteBindings->handle()
#19 C:\\Users\\r.asadullin\\Documents\\Обучения\\обучение PHP Laravel разработчик\\php\\task_manager\\laravel_base\\vendor\\laravel\\framework\\src\\Illuminate\\Foundation\\Http\\Middleware\\VerifyCsrfToken.php(78): Illuminate\\Pipeline\\Pipeline->Illuminate\\Pipeline\\{closure}()
#20 C:\\Users\\r.asadullin\\Documents\\Обучения\\обучение PHP Laravel разработчик\\php\\task_manager\\laravel_base\\vendor\\laravel\\framework\\src\\Illuminate\\Pipeline\\Pipeline.php(183): Illuminate\\Foundation\\Http\\Middleware\\VerifyCsrfToken->handle()
#21 C:\\Users\\r.asadullin\\Documents\\Обучения\\обучение PHP Laravel разработчик\\php\\task_manager\\laravel_base\\vendor\\laravel\\framework\\src\\Illuminate\\View\\Middleware\\ShareErrorsFromSession.php(49): Illuminate\\Pipeline\\Pipeline->Illuminate\\Pipeline\\{closure}()
#22 C:\\Users\\r.asadullin\\Documents\\Обучения\\обучение PHP Laravel разработчик\\php\\task_manager\\laravel_base\\vendor\\laravel\\framework\\src\\Illuminate\\Pipeline\\Pipeline.php(183): Illuminate\\View\\Middleware\\ShareErrorsFromSession->handle()
#23 C:\\Users\\r.asadullin\\Documents\\Обучения\\обучение PHP Laravel разработчик\\php\\task_manager\\laravel_base\\vendor\\laravel\\framework\\src\\Illuminate\\Session\\Middleware\\StartSession.php(121): Illuminate\\Pipeline\\Pipeline->Illuminate\\Pipeline\\{closure}()
#24 C:\\Users\\r.asadullin\\Documents\\Обучения\\обучение PHP Laravel разработчик\\php\\task_manager\\laravel_base\\vendor\\laravel\\framework\\src\\Illuminate\\Session\\Middleware\\StartSession.php(64): Illuminate\\Session\\Middleware\\StartSession->handleStatefulRequest()
#25 C:\\Users\\r.asadullin\\Documents\\Обучения\\обучение PHP Laravel разработчик\\php\\task_manager\\laravel_base\\vendor\\laravel\\framework\\src\\Illuminate\\Pipeline\\Pipeline.php(183): Illuminate\\Session\\Middleware\\StartSession->handle()
#26 C:\\Users\\r.asadullin\\Documents\\Обучения\\обучение PHP Laravel разработчик\\php\\task_manager\\laravel_base\\vendor\\laravel\\framework\\src\\Illuminate\\Cookie\\Middleware\\AddQueuedCookiesToResponse.php(37): Illuminate\\Pipeline\\Pipeline->Illuminate\\Pipeline\\{closure}()
#27 C:\\Users\\r.asadullin\\Documents\\Обучения\\обучение PHP Laravel разработчик\\php\\task_manager\\laravel_base\\vendor\\laravel\\framework\\src\\Illuminate\\Pipeline\\Pipeline.php(183): Illuminate\\Cookie\\Middleware\\AddQueuedCookiesToResponse->handle()
#28 C:\\Users\\r.asadullin\\Documents\\Обучения\\обучение PHP Laravel разработчик\\php\\task_manager\\laravel_base\\vendor\\laravel\\framework\\src\\Illuminate\\Cookie\\Middleware\\EncryptCookies.php(67): Illuminate\\Pipeline\\Pipeline->Illuminate\\Pipeline\\{closure}()
#29 C:\\Users\\r.asadullin\\Documents\\Обучения\\обучение PHP Laravel разработчик\\php\\task_manager\\laravel_base\\vendor\\laravel\\framework\\src\\Illuminate\\Pipeline\\Pipeline.php(183): Illuminate\\Cookie\\Middleware\\EncryptCookies->handle()
#30 C:\\Users\\r.asadullin\\Documents\\Обучения\\обучение PHP Laravel разработчик\\php\\task_manager\\laravel_base\\vendor\\laravel\\framework\\src\\Illuminate\\Pipeline\\Pipeline.php(119): Illuminate\\Pipeline\\Pipeline->Illuminate\\Pipeline\\{closure}()
#31 C:\\Users\\r.asadullin\\Documents\\Обучения\\обучение PHP Laravel разработчик\\php\\task_manager\\laravel_base\\vendor\\laravel\\framework\\src\\Illuminate\\Routing\\Router.php(805): Illuminate\\Pipeline\\Pipeline->then()
#32 C:\\Users\\r.asadullin\\Documents\\Обучения\\обучение PHP Laravel разработчик\\php\\task_manager\\laravel_base\\vendor\\laravel\\framework\\src\\Illuminate\\Routing\\Router.php(784): Illuminate\\Routing\\Router->runRouteWithinStack()
#33 C:\\Users\\r.asadullin\\Documents\\Обучения\\обучение PHP Laravel разработчик\\php\\task_manager\\laravel_base\\vendor\\laravel\\framework\\src\\Illuminate\\Routing\\Router.php(748): Illuminate\\Routing\\Router->runRoute()
#34 C:\\Users\\r.asadullin\\Documents\\Обучения\\обучение PHP Laravel разработчик\\php\\task_manager\\laravel_base\\vendor\\laravel\\framework\\src\\Illuminate\\Routing\\Router.php(737): Illuminate\\Routing\\Router->dispatchToRoute()
#35 C:\\Users\\r.asadullin\\Documents\\Обучения\\обучение PHP Laravel разработчик\\php\\task_manager\\laravel_base\\vendor\\laravel\\framework\\src\\Illuminate\\Foundation\\Http\\Kernel.php(200): Illuminate\\Routing\\Router->dispatch()
#36 C:\\Users\\r.asadullin\\Documents\\Обучения\\обучение PHP Laravel разработчик\\php\\task_manager\\laravel_base\\vendor\\laravel\\framework\\src\\Illuminate\\Pipeline\\Pipeline.php(144): Illuminate\\Foundation\\Http\\Kernel->Illuminate\\Foundation\\Http\\{closure}()
#37 C:\\Users\\r.asadullin\\Documents\\Обучения\\обучение PHP Laravel разработчик\\php\\task_manager\\laravel_base\\vendor\\laravel\\framework\\src\\Illuminate\\Foundation\\Http\\Middleware\\TransformsRequest.php(21): Illuminate\\Pipeline\\Pipeline->Illuminate\\Pipeline\\{closure}()
#38 C:\\Users\\r.asadullin\\Documents\\Обучения\\обучение PHP Laravel разработчик\\php\\task_manager\\laravel_base\\vendor\\laravel\\framework\\src\\Illuminate\\Foundation\\Http\\Middleware\\ConvertEmptyStringsToNull.php(31): Illuminate\\Foundation\\Http\\Middleware\\TransformsRequest->handle()
#39 C:\\Users\\r.asadullin\\Documents\\Обучения\\обучение PHP Laravel разработчик\\php\\task_manager\\laravel_base\\vendor\\laravel\\framework\\src\\Illuminate\\Pipeline\\Pipeline.php(183): Illuminate\\Foundation\\Http\\Middleware\\ConvertEmptyStringsToNull->handle()
#40 C:\\Users\\r.asadullin\\Documents\\Обучения\\обучение PHP Laravel разработчик\\php\\task_manager\\laravel_base\\vendor\\laravel\\framework\\src\\Illuminate\\Foundation\\Http\\Middleware\\TransformsRequest.php(21): Illuminate\\Pipeline\\Pipeline->Illuminate\\Pipeline\\{closure}()
#41 C:\\Users\\r.asadullin\\Documents\\Обучения\\обучение PHP Laravel разработчик\\php\\task_manager\\laravel_base\\vendor\\laravel\\framework\\src\\Illuminate\\Foundation\\Http\\Middleware\\TrimStrings.php(40): Illuminate\\Foundation\\Http\\Middleware\\TransformsRequest->handle()
#42 C:\\Users\\r.asadullin\\Documents\\Обучения\\обучение PHP Laravel разработчик\\php\\task_manager\\laravel_base\\vendor\\laravel\\framework\\src\\Illuminate\\Pipeline\\Pipeline.php(183): Illuminate\\Foundation\\Http\\Middleware\\TrimStrings->handle()
#43 C:\\Users\\r.asadullin\\Documents\\Обучения\\обучение PHP Laravel разработчик\\php\\task_manager\\laravel_base\\vendor\\laravel\\framework\\src\\Illuminate\\Foundation\\Http\\Middleware\\ValidatePostSize.php(27): Illuminate\\Pipeline\\Pipeline->Illuminate\\Pipeline\\{closure}()
#44 C:\\Users\\r.asadullin\\Documents\\Обучения\\обучение PHP Laravel разработчик\\php\\task_manager\\laravel_base\\vendor\\laravel\\framework\\src\\Illuminate\\Pipeline\\Pipeline.php(183): Illuminate\\Foundation\\Http\\Middleware\\ValidatePostSize->handle()
#45 C:\\Users\\r.asadullin\\Documents\\Обучения\\обучение PHP Laravel разработчик\\php\\task_manager\\laravel_base\\vendor\\laravel\\framework\\src\\Illuminate\\Foundation\\Http\\Middleware\\PreventRequestsDuringMaintenance.php(99): Illuminate\\Pipeline\\Pipeline->Illuminate\\Pipeline\\{closure}()
#46 C:\\Users\\r.asadullin\\Documents\\Обучения\\обучение PHP Laravel разработчик\\php\\task_manager\\laravel_base\\vendor\\laravel\\framework\\src\\Illuminate\\Pipeline\\Pipeline.php(183): Illuminate\\Foundation\\Http\\Middleware\\PreventRequestsDuringMaintenance->handle()
#47 C:\\Users\\r.asadullin\\Documents\\Обучения\\обучение PHP Laravel разработчик\\php\\task_manager\\laravel_base\\vendor\\laravel\\framework\\src\\Illuminate\\Http\\Middleware\\HandleCors.php(49): Illuminate\\Pipeline\\Pipeline->Illuminate\\Pipeline\\{closure}()
#48 C:\\Users\\r.asadullin\\Documents\\Обучения\\обучение PHP Laravel разработчик\\php\\task_manager\\laravel_base\\vendor\\laravel\\framework\\src\\Illuminate\\Pipeline\\Pipeline.php(183): Illuminate\\Http\\Middleware\\HandleCors->handle()
#49 C:\\Users\\r.asadullin\\Documents\\Обучения\\обучение PHP Laravel разработчик\\php\\task_manager\\laravel_base\\vendor\\laravel\\framework\\src\\Illuminate\\Http\\Middleware\\TrustProxies.php(39): Illuminate\\Pipeline\\Pipeline->Illuminate\\Pipeline\\{closure}()
#50 C:\\Users\\r.asadullin\\Documents\\Обучения\\обучение PHP Laravel разработчик\\php\\task_manager\\laravel_base\\vendor\\laravel\\framework\\src\\Illuminate\\Pipeline\\Pipeline.php(183): Illuminate\\Http\\Middleware\\TrustProxies->handle()
#51 C:\\Users\\r.asadullin\\Documents\\Обучения\\обучение PHP Laravel разработчик\\php\\task_manager\\laravel_base\\vendor\\laravel\\framework\\src\\Illuminate\\Pipeline\\Pipeline.php(119): Illuminate\\Pipeline\\Pipeline->Illuminate\\Pipeline\\{closure}()
#52 C:\\Users\\r.asadullin\\Documents\\Обучения\\обучение PHP Laravel разработчик\\php\\task_manager\\laravel_base\\vendor\\laravel\\framework\\src\\Illuminate\\Foundation\\Http\\Kernel.php(175): Illuminate\\Pipeline\\Pipeline->then()
#53 C:\\Users\\r.asadullin\\Documents\\Обучения\\обучение PHP Laravel разработчик\\php\\task_manager\\laravel_base\\vendor\\laravel\\framework\\src\\Illuminate\\Foundation\\Http\\Kernel.php(144): Illuminate\\Foundation\\Http\\Kernel->sendRequestThroughRouter()
#54 C:\\Users\\r.asadullin\\Documents\\Обучения\\обучение PHP Laravel разработчик\\php\\task_manager\\laravel_base\\public\\index.php(51): Illuminate\\Foundation\\Http\\Kernel->handle()
#55 C:\\Users\\r.asadullin\\Documents\\Обучения\\обучение PHP Laravel разработчик\\php\\task_manager\\laravel_base\\vendor\\laravel\\framework\\src\\Illuminate\\Foundation\\resources\\server.php(16): require_once('C:\\\\Users\\\\r.asad...')
#56 {main}
"} 
[2024-10-22 20:40:42] local.ERROR: App\Models\User::tasks must return a relationship instance, but "null" was returned. Was the "return" keyword used? {"exception":"[object] (LogicException(code: 0): App\\Models\\User::tasks must return a relationship instance, but \"null\" was returned. Was the \"return\" keyword used? at C:\\Users\\r.asadullin\\Documents\\Обучения\\обучение PHP Laravel разработчик\\php\\task_manager\\laravel_base\\vendor\\laravel\\framework\\src\\Illuminate\\Database\\Eloquent\\Concerns\\HasAttributes.php:581)
[stacktrace]
#0 C:\\Users\\r.asadullin\\Documents\\Обучения\\обучение PHP Laravel разработчик\\php\\task_manager\\laravel_base\\vendor\\laravel\\framework\\src\\Illuminate\\Database\\Eloquent\\Concerns\\HasAttributes.php(529): Illuminate\\Database\\Eloquent\\Model->getRelationshipFromMethod()
#1 C:\\Users\\r.asadullin\\Documents\\Обучения\\обучение PHP Laravel разработчик\\php\\task_manager\\laravel_base\\vendor\\laravel\\framework\\src\\Illuminate\\Database\\Eloquent\\Concerns\\HasAttributes.php(454): Illuminate\\Database\\Eloquent\\Model->getRelationValue()
#2 C:\\Users\\r.asadullin\\Documents\\Обучения\\обучение PHP Laravel разработчик\\php\\task_manager\\laravel_base\\vendor\\laravel\\framework\\src\\Illuminate\\Database\\Eloquent\\Model.php(2227): Illuminate\\Database\\Eloquent\\Model->getAttribute()
#3 C:\\Users\\r.asadullin\\Documents\\Обучения\\обучение PHP Laravel разработчик\\php\\task_manager\\laravel_base\\app\\Http\\Controllers\\UserController.php(12): Illuminate\\Database\\Eloquent\\Model->__get()
#4 C:\\Users\\r.asadullin\\Documents\\Обучения\\обучение PHP Laravel разработчик\\php\\task_manager\\laravel_base\\vendor\\laravel\\framework\\src\\Illuminate\\Routing\\Controller.php(54): App\\Http\\Controllers\\UserController->index()
#5 C:\\Users\\r.asadullin\\Documents\\Обучения\\обучение PHP Laravel разработчик\\php\\task_manager\\laravel_base\\vendor\\laravel\\framework\\src\\Illuminate\\Routing\\ControllerDispatcher.php(43): Illuminate\\Routing\\Controller->callAction()
#6 C:\\Users\\r.asadullin\\Documents\\Обучения\\обучение PHP Laravel разработчик\\php\\task_manager\\laravel_base\\vendor\\laravel\\framework\\src\\Illuminate\\Routing\\Route.php(259): Illuminate\\Routing\\ControllerDispatcher->dispatch()
#7 C:\\Users\\r.asadullin\\Documents\\Обучения\\обучение PHP Laravel разработчик\\php\\task_manager\\laravel_base\\vendor\\laravel\\framework\\src\\Illuminate\\Routing\\Route.php(205): Illuminate\\Routing\\Route->runController()
#8 C:\\Users\\r.asadullin\\Documents\\Обучения\\обучение PHP Laravel разработчик\\php\\task_manager\\laravel_base\\vendor\\laravel\\framework\\src\\Illuminate\\Routing\\Router.php(806): Illuminate\\Routing\\Route->run()
#9 C:\\Users\\r.asadullin\\Documents\\Обучения\\обучение PHP Laravel разработчик\\php\\task_manager\\laravel_base\\vendor\\laravel\\framework\\src\\Illuminate\\Pipeline\\Pipeline.php(144): Illuminate\\Routing\\Router->Illuminate\\Routing\\{closure}()
#10 C:\\Users\\r.asadullin\\Documents\\Обучения\\обучение PHP Laravel разработчик\\php\\task_manager\\laravel_base\\vendor\\laravel\\framework\\src\\Illuminate\\Routing\\Middleware\\SubstituteBindings.php(50): Illuminate\\Pipeline\\Pipeline->Illuminate\\Pipeline\\{closure}()
#11 C:\\Users\\r.asadullin\\Documents\\Обучения\\обучение PHP Laravel разработчик\\php\\task_manager\\laravel_base\\vendor\\laravel\\framework\\src\\Illuminate\\Pipeline\\Pipeline.php(183): Illuminate\\Routing\\Middleware\\SubstituteBindings->handle()
#12 C:\\Users\\r.asadullin\\Documents\\Обучения\\обучение PHP Laravel разработчик\\php\\task_manager\\laravel_base\\vendor\\laravel\\framework\\src\\Illuminate\\Foundation\\Http\\Middleware\\VerifyCsrfToken.php(78): Illuminate\\Pipeline\\Pipeline->Illuminate\\Pipeline\\{closure}()
#13 C:\\Users\\r.asadullin\\Documents\\Обучения\\обучение PHP Laravel разработчик\\php\\task_manager\\laravel_base\\vendor\\laravel\\framework\\src\\Illuminate\\Pipeline\\Pipeline.php(183): Illuminate\\Foundation\\Http\\Middleware\\VerifyCsrfToken->handle()
#14 C:\\Users\\r.asadullin\\Documents\\Обучения\\обучение PHP Laravel разработчик\\php\\task_manager\\laravel_base\\vendor\\laravel\\framework\\src\\Illuminate\\View\\Middleware\\ShareErrorsFromSession.php(49): Illuminate\\Pipeline\\Pipeline->Illuminate\\Pipeline\\{closure}()
#15 C:\\Users\\r.asadullin\\Documents\\Обучения\\обучение PHP Laravel разработчик\\php\\task_manager\\laravel_base\\vendor\\laravel\\framework\\src\\Illuminate\\Pipeline\\Pipeline.php(183): Illuminate\\View\\Middleware\\ShareErrorsFromSession->handle()
#16 C:\\Users\\r.asadullin\\Documents\\Обучения\\обучение PHP Laravel разработчик\\php\\task_manager\\laravel_base\\vendor\\laravel\\framework\\src\\Illuminate\\Session\\Middleware\\StartSession.php(121): Illuminate\\Pipeline\\Pipeline->Illuminate\\Pipeline\\{closure}()
#17 C:\\Users\\r.asadullin\\Documents\\Обучения\\обучение PHP Laravel разработчик\\php\\task_manager\\laravel_base\\vendor\\laravel\\framework\\src\\Illuminate\\Session\\Middleware\\StartSession.php(64): Illuminate\\Session\\Middleware\\StartSession->handleStatefulRequest()
#18 C:\\Users\\r.asadullin\\Documents\\Обучения\\обучение PHP Laravel разработчик\\php\\task_manager\\laravel_base\\vendor\\laravel\\framework\\src\\Illuminate\\Pipeline\\Pipeline.php(183): Illuminate\\Session\\Middleware\\StartSession->handle()
#19 C:\\Users\\r.asadullin\\Documents\\Обучения\\обучение PHP Laravel разработчик\\php\\task_manager\\laravel_base\\vendor\\laravel\\framework\\src\\Illuminate\\Cookie\\Middleware\\AddQueuedCookiesToResponse.php(37): Illuminate\\Pipeline\\Pipeline->Illuminate\\Pipeline\\{closure}()
#20 C:\\Users\\r.asadullin\\Documents\\Обучения\\обучение PHP Laravel разработчик\\php\\task_manager\\laravel_base\\vendor\\laravel\\framework\\src\\Illuminate\\Pipeline\\Pipeline.php(183): Illuminate\\Cookie\\Middleware\\AddQueuedCookiesToResponse->handle()
#21 C:\\Users\\r.asadullin\\Documents\\Обучения\\обучение PHP Laravel разработчик\\php\\task_manager\\laravel_base\\vendor\\laravel\\framework\\src\\Illuminate\\Cookie\\Middleware\\EncryptCookies.php(67): Illuminate\\Pipeline\\Pipeline->Illuminate\\Pipeline\\{closure}()
#22 C:\\Users\\r.asadullin\\Documents\\Обучения\\обучение PHP Laravel разработчик\\php\\task_manager\\laravel_base\\vendor\\laravel\\framework\\src\\Illuminate\\Pipeline\\Pipeline.php(183): Illuminate\\Cookie\\Middleware\\EncryptCookies->handle()
#23 C:\\Users\\r.asadullin\\Documents\\Обучения\\обучение PHP Laravel разработчик\\php\\task_manager\\laravel_base\\vendor\\laravel\\framework\\src\\Illuminate\\Pipeline\\Pipeline.php(119): Illuminate\\Pipeline\\Pipeline->Illuminate\\Pipeline\\{closure}()
#24 C:\\Users\\r.asadullin\\Documents\\Обучения\\обучение PHP Laravel разработчик\\php\\task_manager\\laravel_base\\vendor\\laravel\\framework\\src\\Illuminate\\Routing\\Router.php(805): Illuminate\\Pipeline\\Pipeline->then()
#25 C:\\Users\\r.asadullin\\Documents\\Обучения\\обучение PHP Laravel разработчик\\php\\task_manager\\laravel_base\\vendor\\laravel\\framework\\src\\Illuminate\\Routing\\Router.php(784): Illuminate\\Routing\\Router->runRouteWithinStack()
#26 C:\\Users\\r.asadullin\\Documents\\Обучения\\обучение PHP Laravel разработчик\\php\\task_manager\\laravel_base\\vendor\\laravel\\framework\\src\\Illuminate\\Routing\\Router.php(748): Illuminate\\Routing\\Router->runRoute()
#27 C:\\Users\\r.asadullin\\Documents\\Обучения\\обучение PHP Laravel разработчик\\php\\task_manager\\laravel_base\\vendor\\laravel\\framework\\src\\Illuminate\\Routing\\Router.php(737): Illuminate\\Routing\\Router->dispatchToRoute()
#28 C:\\Users\\r.asadullin\\Documents\\Обучения\\обучение PHP Laravel разработчик\\php\\task_manager\\laravel_base\\vendor\\laravel\\framework\\src\\Illuminate\\Foundation\\Http\\Kernel.php(200): Illuminate\\Routing\\Router->dispatch()
#29 C:\\Users\\r.asadullin\\Documents\\Обучения\\обучение PHP Laravel разработчик\\php\\task_manager\\laravel_base\\vendor\\laravel\\framework\\src\\Illuminate\\Pipeline\\Pipeline.php(144): Illuminate\\Foundation\\Http\\Kernel->Illuminate\\Foundation\\Http\\{closure}()
#30 C:\\Users\\r.asadullin\\Documents\\Обучения\\обучение PHP Laravel разработчик\\php\\task_manager\\laravel_base\\vendor\\laravel\\framework\\src\\Illuminate\\Foundation\\Http\\Middleware\\TransformsRequest.php(21): Illuminate\\Pipeline\\Pipeline->Illuminate\\Pipeline\\{closure}()
#31 C:\\Users\\r.asadullin\\Documents\\Обучения\\обучение PHP Laravel разработчик\\php\\task_manager\\laravel_base\\vendor\\laravel\\framework\\src\\Illuminate\\Foundation\\Http\\Middleware\\ConvertEmptyStringsToNull.php(31): Illuminate\\Foundation\\Http\\Middleware\\TransformsRequest->handle()
#32 C:\\Users\\r.asadullin\\Documents\\Обучения\\обучение PHP Laravel разработчик\\php\\task_manager\\laravel_base\\vendor\\laravel\\framework\\src\\Illuminate\\Pipeline\\Pipeline.php(183): Illuminate\\Foundation\\Http\\Middleware\\ConvertEmptyStringsToNull->handle()
#33 C:\\Users\\r.asadullin\\Documents\\Обучения\\обучение PHP Laravel разработчик\\php\\task_manager\\laravel_base\\vendor\\laravel\\framework\\src\\Illuminate\\Foundation\\Http\\Middleware\\TransformsRequest.php(21): Illuminate\\Pipeline\\Pipeline->Illuminate\\Pipeline\\{closure}()
#34 C:\\Users\\r.asadullin\\Documents\\Обучения\\обучение PHP Laravel разработчик\\php\\task_manager\\laravel_base\\vendor\\laravel\\framework\\src\\Illuminate\\Foundation\\Http\\Middleware\\TrimStrings.php(40): Illuminate\\Foundation\\Http\\Middleware\\TransformsRequest->handle()
#35 C:\\Users\\r.asadullin\\Documents\\Обучения\\обучение PHP Laravel разработчик\\php\\task_manager\\laravel_base\\vendor\\laravel\\framework\\src\\Illuminate\\Pipeline\\Pipeline.php(183): Illuminate\\Foundation\\Http\\Middleware\\TrimStrings->handle()
#36 C:\\Users\\r.asadullin\\Documents\\Обучения\\обучение PHP Laravel разработчик\\php\\task_manager\\laravel_base\\vendor\\laravel\\framework\\src\\Illuminate\\Foundation\\Http\\Middleware\\ValidatePostSize.php(27): Illuminate\\Pipeline\\Pipeline->Illuminate\\Pipeline\\{closure}()
#37 C:\\Users\\r.asadullin\\Documents\\Обучения\\обучение PHP Laravel разработчик\\php\\task_manager\\laravel_base\\vendor\\laravel\\framework\\src\\Illuminate\\Pipeline\\Pipeline.php(183): Illuminate\\Foundation\\Http\\Middleware\\ValidatePostSize->handle()
#38 C:\\Users\\r.asadullin\\Documents\\Обучения\\обучение PHP Laravel разработчик\\php\\task_manager\\laravel_base\\vendor\\laravel\\framework\\src\\Illuminate\\Foundation\\Http\\Middleware\\PreventRequestsDuringMaintenance.php(99): Illuminate\\Pipeline\\Pipeline->Illuminate\\Pipeline\\{closure}()
#39 C:\\Users\\r.asadullin\\Documents\\Обучения\\обучение PHP Laravel разработчик\\php\\task_manager\\laravel_base\\vendor\\laravel\\framework\\src\\Illuminate\\Pipeline\\Pipeline.php(183): Illuminate\\Foundation\\Http\\Middleware\\PreventRequestsDuringMaintenance->handle()
#40 C:\\Users\\r.asadullin\\Documents\\Обучения\\обучение PHP Laravel разработчик\\php\\task_manager\\laravel_base\\vendor\\laravel\\framework\\src\\Illuminate\\Http\\Middleware\\HandleCors.php(49): Illuminate\\Pipeline\\Pipeline->Illuminate\\Pipeline\\{closure}()
#41 C:\\Users\\r.asadullin\\Documents\\Обучения\\обучение PHP Laravel разработчик\\php\\task_manager\\laravel_base\\vendor\\laravel\\framework\\src\\Illuminate\\Pipeline\\Pipeline.php(183): Illuminate\\Http\\Middleware\\HandleCors->handle()
#42 C:\\Users\\r.asadullin\\Documents\\Обучения\\обучение PHP Laravel разработчик\\php\\task_manager\\laravel_base\\vendor\\laravel\\framework\\src\\Illuminate\\Http\\Middleware\\TrustProxies.php(39): Illuminate\\Pipeline\\Pipeline->Illuminate\\Pipeline\\{closure}()
#43 C:\\Users\\r.asadullin\\Documents\\Обучения\\обучение PHP Laravel разработчик\\php\\task_manager\\laravel_base\\vendor\\laravel\\framework\\src\\Illuminate\\Pipeline\\Pipeline.php(183): Illuminate\\Http\\Middleware\\TrustProxies->handle()
#44 C:\\Users\\r.asadullin\\Documents\\Обучения\\обучение PHP Laravel разработчик\\php\\task_manager\\laravel_base\\vendor\\laravel\\framework\\src\\Illuminate\\Pipeline\\Pipeline.php(119): Illuminate\\Pipeline\\Pipeline->Illuminate\\Pipeline\\{closure}()
#45 C:\\Users\\r.asadullin\\Documents\\Обучения\\обучение PHP Laravel разработчик\\php\\task_manager\\laravel_base\\vendor\\laravel\\framework\\src\\Illuminate\\Foundation\\Http\\Kernel.php(175): Illuminate\\Pipeline\\Pipeline->then()
#46 C:\\Users\\r.asadullin\\Documents\\Обучения\\обучение PHP Laravel разработчик\\php\\task_manager\\laravel_base\\vendor\\laravel\\framework\\src\\Illuminate\\Foundation\\Http\\Kernel.php(144): Illuminate\\Foundation\\Http\\Kernel->sendRequestThroughRouter()
#47 C:\\Users\\r.asadullin\\Documents\\Обучения\\обучение PHP Laravel разработчик\\php\\task_manager\\laravel_base\\public\\index.php(51): Illuminate\\Foundation\\Http\\Kernel->handle()
#48 C:\\Users\\r.asadullin\\Documents\\Обучения\\обучение PHP Laravel разработчик\\php\\task_manager\\laravel_base\\vendor\\laravel\\framework\\src\\Illuminate\\Foundation\\resources\\server.php(16): require_once('C:\\\\Users\\\\r.asad...')
#49 {main}
"} 
[2024-10-22 20:52:55] local.ERROR: Route [task.update] not defined. {"view":{"view":"C:\\Users\\r.asadullin\\Documents\\Обучения\\обучение PHP Laravel разработчик\\php\\task_manager\\laravel_base\\resources\\views\\tasks\\edit.blade.php","data":[]},"exception":"[object] (Spatie\\LaravelIgnition\\Exceptions\\ViewException(code: 0): Route [task.update] not defined. at C:\\Users\\r.asadullin\\Documents\\Обучения\\обучение PHP Laravel разработчик\\php\\task_manager\\laravel_base\\vendor\\laravel\\framework\\src\\Illuminate\\Routing\\UrlGenerator.php:477)
[stacktrace]
#0 C:\\Users\\r.asadullin\\Documents\\Обучения\\обучение PHP Laravel разработчик\\php\\task_manager\\laravel_base\\vendor\\laravel\\framework\\src\\Illuminate\\Foundation\\helpers.php(811): Illuminate\\Routing\\UrlGenerator->route()
#1 C:\\Users\\r.asadullin\\Documents\\Обучения\\обучение PHP Laravel разработчик\\php\\task_manager\\laravel_base\\resources\\views\\tasks\\edit.blade.php(12): route()
#2 C:\\Users\\r.asadullin\\Documents\\Обучения\\обучение PHP Laravel разработчик\\php\\task_manager\\laravel_base\\vendor\\laravel\\framework\\src\\Illuminate\\Filesystem\\Filesystem.php(123): require('C:\\\\Users\\\\r.asad...')
#3 C:\\Users\\r.asadullin\\Documents\\Обучения\\обучение PHP Laravel разработчик\\php\\task_manager\\laravel_base\\vendor\\laravel\\framework\\src\\Illuminate\\Filesystem\\Filesystem.php(124): Illuminate\\Filesystem\\Filesystem::Illuminate\\Filesystem\\{closure}()
#4 C:\\Users\\r.asadullin\\Documents\\Обучения\\обучение PHP Laravel разработчик\\php\\task_manager\\laravel_base\\vendor\\laravel\\framework\\src\\Illuminate\\View\\Engines\\PhpEngine.php(58): Illuminate\\Filesystem\\Filesystem->getRequire()
#5 C:\\Users\\r.asadullin\\Documents\\Обучения\\обучение PHP Laravel разработчик\\php\\task_manager\\laravel_base\\vendor\\laravel\\framework\\src\\Illuminate\\View\\Engines\\CompilerEngine.php(72): Illuminate\\View\\Engines\\PhpEngine->evaluatePath()
#6 C:\\Users\\r.asadullin\\Documents\\Обучения\\обучение PHP Laravel разработчик\\php\\task_manager\\laravel_base\\vendor\\laravel\\framework\\src\\Illuminate\\View\\View.php(207): Illuminate\\View\\Engines\\CompilerEngine->get()
#7 C:\\Users\\r.asadullin\\Documents\\Обучения\\обучение PHP Laravel разработчик\\php\\task_manager\\laravel_base\\vendor\\laravel\\framework\\src\\Illuminate\\View\\View.php(190): Illuminate\\View\\View->getContents()
#8 C:\\Users\\r.asadullin\\Documents\\Обучения\\обучение PHP Laravel разработчик\\php\\task_manager\\laravel_base\\vendor\\laravel\\framework\\src\\Illuminate\\View\\View.php(159): Illuminate\\View\\View->renderContents()
#9 C:\\Users\\r.asadullin\\Documents\\Обучения\\обучение PHP Laravel разработчик\\php\\task_manager\\laravel_base\\vendor\\laravel\\framework\\src\\Illuminate\\Http\\Response.php(69): Illuminate\\View\\View->render()
#10 C:\\Users\\r.asadullin\\Documents\\Обучения\\обучение PHP Laravel разработчик\\php\\task_manager\\laravel_base\\vendor\\laravel\\framework\\src\\Illuminate\\Http\\Response.php(35): Illuminate\\Http\\Response->setContent()
#11 C:\\Users\\r.asadullin\\Documents\\Обучения\\обучение PHP Laravel разработчик\\php\\task_manager\\laravel_base\\vendor\\laravel\\framework\\src\\Illuminate\\Routing\\Router.php(918): Illuminate\\Http\\Response->__construct()
#12 C:\\Users\\r.asadullin\\Documents\\Обучения\\обучение PHP Laravel разработчик\\php\\task_manager\\laravel_base\\vendor\\laravel\\framework\\src\\Illuminate\\Routing\\Router.php(885): Illuminate\\Routing\\Router::toResponse()
#13 C:\\Users\\r.asadullin\\Documents\\Обучения\\обучение PHP Laravel разработчик\\php\\task_manager\\laravel_base\\vendor\\laravel\\framework\\src\\Illuminate\\Routing\\Router.php(805): Illuminate\\Routing\\Router->prepareResponse()
#14 C:\\Users\\r.asadullin\\Documents\\Обучения\\обучение PHP Laravel разработчик\\php\\task_manager\\laravel_base\\vendor\\laravel\\framework\\src\\Illuminate\\Pipeline\\Pipeline.php(144): Illuminate\\Routing\\Router->Illuminate\\Routing\\{closure}()
#15 C:\\Users\\r.asadullin\\Documents\\Обучения\\обучение PHP Laravel разработчик\\php\\task_manager\\laravel_base\\vendor\\laravel\\framework\\src\\Illuminate\\Routing\\Middleware\\SubstituteBindings.php(50): Illuminate\\Pipeline\\Pipeline->Illuminate\\Pipeline\\{closure}()
#16 C:\\Users\\r.asadullin\\Documents\\Обучения\\обучение PHP Laravel разработчик\\php\\task_manager\\laravel_base\\vendor\\laravel\\framework\\src\\Illuminate\\Pipeline\\Pipeline.php(183): Illuminate\\Routing\\Middleware\\SubstituteBindings->handle()
#17 C:\\Users\\r.asadullin\\Documents\\Обучения\\обучение PHP Laravel разработчик\\php\\task_manager\\laravel_base\\vendor\\laravel\\framework\\src\\Illuminate\\Foundation\\Http\\Middleware\\VerifyCsrfToken.php(78): Illuminate\\Pipeline\\Pipeline->Illuminate\\Pipeline\\{closure}()
#18 C:\\Users\\r.asadullin\\Documents\\Обучения\\обучение PHP Laravel разработчик\\php\\task_manager\\laravel_base\\vendor\\laravel\\framework\\src\\Illuminate\\Pipeline\\Pipeline.php(183): Illuminate\\Foundation\\Http\\Middleware\\VerifyCsrfToken->handle()
#19 C:\\Users\\r.asadullin\\Documents\\Обучения\\обучение PHP Laravel разработчик\\php\\task_manager\\laravel_base\\vendor\\laravel\\framework\\src\\Illuminate\\View\\Middleware\\ShareErrorsFromSession.php(49): Illuminate\\Pipeline\\Pipeline->Illuminate\\Pipeline\\{closure}()
#20 C:\\Users\\r.asadullin\\Documents\\Обучения\\обучение PHP Laravel разработчик\\php\\task_manager\\laravel_base\\vendor\\laravel\\framework\\src\\Illuminate\\Pipeline\\Pipeline.php(183): Illuminate\\View\\Middleware\\ShareErrorsFromSession->handle()
#21 C:\\Users\\r.asadullin\\Documents\\Обучения\\обучение PHP Laravel разработчик\\php\\task_manager\\laravel_base\\vendor\\laravel\\framework\\src\\Illuminate\\Session\\Middleware\\StartSession.php(121): Illuminate\\Pipeline\\Pipeline->Illuminate\\Pipeline\\{closure}()
#22 C:\\Users\\r.asadullin\\Documents\\Обучения\\обучение PHP Laravel разработчик\\php\\task_manager\\laravel_base\\vendor\\laravel\\framework\\src\\Illuminate\\Session\\Middleware\\StartSession.php(64): Illuminate\\Session\\Middleware\\StartSession->handleStatefulRequest()
#23 C:\\Users\\r.asadullin\\Documents\\Обучения\\обучение PHP Laravel разработчик\\php\\task_manager\\laravel_base\\vendor\\laravel\\framework\\src\\Illuminate\\Pipeline\\Pipeline.php(183): Illuminate\\Session\\Middleware\\StartSession->handle()
#24 C:\\Users\\r.asadullin\\Documents\\Обучения\\обучение PHP Laravel разработчик\\php\\task_manager\\laravel_base\\vendor\\laravel\\framework\\src\\Illuminate\\Cookie\\Middleware\\AddQueuedCookiesToResponse.php(37): Illuminate\\Pipeline\\Pipeline->Illuminate\\Pipeline\\{closure}()
#25 C:\\Users\\r.asadullin\\Documents\\Обучения\\обучение PHP Laravel разработчик\\php\\task_manager\\laravel_base\\vendor\\laravel\\framework\\src\\Illuminate\\Pipeline\\Pipeline.php(183): Illuminate\\Cookie\\Middleware\\AddQueuedCookiesToResponse->handle()
#26 C:\\Users\\r.asadullin\\Documents\\Обучения\\обучение PHP Laravel разработчик\\php\\task_manager\\laravel_base\\vendor\\laravel\\framework\\src\\Illuminate\\Cookie\\Middleware\\EncryptCookies.php(67): Illuminate\\Pipeline\\Pipeline->Illuminate\\Pipeline\\{closure}()
#27 C:\\Users\\r.asadullin\\Documents\\Обучения\\обучение PHP Laravel разработчик\\php\\task_manager\\laravel_base\\vendor\\laravel\\framework\\src\\Illuminate\\Pipeline\\Pipeline.php(183): Illuminate\\Cookie\\Middleware\\EncryptCookies->handle()
#28 C:\\Users\\r.asadullin\\Documents\\Обучения\\обучение PHP Laravel разработчик\\php\\task_manager\\laravel_base\\vendor\\laravel\\framework\\src\\Illuminate\\Pipeline\\Pipeline.php(119): Illuminate\\Pipeline\\Pipeline->Illuminate\\Pipeline\\{closure}()
#29 C:\\Users\\r.asadullin\\Documents\\Обучения\\обучение PHP Laravel разработчик\\php\\task_manager\\laravel_base\\vendor\\laravel\\framework\\src\\Illuminate\\Routing\\Router.php(805): Illuminate\\Pipeline\\Pipeline->then()
#30 C:\\Users\\r.asadullin\\Documents\\Обучения\\обучение PHP Laravel разработчик\\php\\task_manager\\laravel_base\\vendor\\laravel\\framework\\src\\Illuminate\\Routing\\Router.php(784): Illuminate\\Routing\\Router->runRouteWithinStack()
#31 C:\\Users\\r.asadullin\\Documents\\Обучения\\обучение PHP Laravel разработчик\\php\\task_manager\\laravel_base\\vendor\\laravel\\framework\\src\\Illuminate\\Routing\\Router.php(748): Illuminate\\Routing\\Router->runRoute()
#32 C:\\Users\\r.asadullin\\Documents\\Обучения\\обучение PHP Laravel разработчик\\php\\task_manager\\laravel_base\\vendor\\laravel\\framework\\src\\Illuminate\\Routing\\Router.php(737): Illuminate\\Routing\\Router->dispatchToRoute()
#33 C:\\Users\\r.asadullin\\Documents\\Обучения\\обучение PHP Laravel разработчик\\php\\task_manager\\laravel_base\\vendor\\laravel\\framework\\src\\Illuminate\\Foundation\\Http\\Kernel.php(200): Illuminate\\Routing\\Router->dispatch()
#34 C:\\Users\\r.asadullin\\Documents\\Обучения\\обучение PHP Laravel разработчик\\php\\task_manager\\laravel_base\\vendor\\laravel\\framework\\src\\Illuminate\\Pipeline\\Pipeline.php(144): Illuminate\\Foundation\\Http\\Kernel->Illuminate\\Foundation\\Http\\{closure}()
#35 C:\\Users\\r.asadullin\\Documents\\Обучения\\обучение PHP Laravel разработчик\\php\\task_manager\\laravel_base\\vendor\\laravel\\framework\\src\\Illuminate\\Foundation\\Http\\Middleware\\TransformsRequest.php(21): Illuminate\\Pipeline\\Pipeline->Illuminate\\Pipeline\\{closure}()
#36 C:\\Users\\r.asadullin\\Documents\\Обучения\\обучение PHP Laravel разработчик\\php\\task_manager\\laravel_base\\vendor\\laravel\\framework\\src\\Illuminate\\Foundation\\Http\\Middleware\\ConvertEmptyStringsToNull.php(31): Illuminate\\Foundation\\Http\\Middleware\\TransformsRequest->handle()
#37 C:\\Users\\r.asadullin\\Documents\\Обучения\\обучение PHP Laravel разработчик\\php\\task_manager\\laravel_base\\vendor\\laravel\\framework\\src\\Illuminate\\Pipeline\\Pipeline.php(183): Illuminate\\Foundation\\Http\\Middleware\\ConvertEmptyStringsToNull->handle()
#38 C:\\Users\\r.asadullin\\Documents\\Обучения\\обучение PHP Laravel разработчик\\php\\task_manager\\laravel_base\\vendor\\laravel\\framework\\src\\Illuminate\\Foundation\\Http\\Middleware\\TransformsRequest.php(21): Illuminate\\Pipeline\\Pipeline->Illuminate\\Pipeline\\{closure}()
#39 C:\\Users\\r.asadullin\\Documents\\Обучения\\обучение PHP Laravel разработчик\\php\\task_manager\\laravel_base\\vendor\\laravel\\framework\\src\\Illuminate\\Foundation\\Http\\Middleware\\TrimStrings.php(40): Illuminate\\Foundation\\Http\\Middleware\\TransformsRequest->handle()
#40 C:\\Users\\r.asadullin\\Documents\\Обучения\\обучение PHP Laravel разработчик\\php\\task_manager\\laravel_base\\vendor\\laravel\\framework\\src\\Illuminate\\Pipeline\\Pipeline.php(183): Illuminate\\Foundation\\Http\\Middleware\\TrimStrings->handle()
#41 C:\\Users\\r.asadullin\\Documents\\Обучения\\обучение PHP Laravel разработчик\\php\\task_manager\\laravel_base\\vendor\\laravel\\framework\\src\\Illuminate\\Foundation\\Http\\Middleware\\ValidatePostSize.php(27): Illuminate\\Pipeline\\Pipeline->Illuminate\\Pipeline\\{closure}()
#42 C:\\Users\\r.asadullin\\Documents\\Обучения\\обучение PHP Laravel разработчик\\php\\task_manager\\laravel_base\\vendor\\laravel\\framework\\src\\Illuminate\\Pipeline\\Pipeline.php(183): Illuminate\\Foundation\\Http\\Middleware\\ValidatePostSize->handle()
#43 C:\\Users\\r.asadullin\\Documents\\Обучения\\обучение PHP Laravel разработчик\\php\\task_manager\\laravel_base\\vendor\\laravel\\framework\\src\\Illuminate\\Foundation\\Http\\Middleware\\PreventRequestsDuringMaintenance.php(99): Illuminate\\Pipeline\\Pipeline->Illuminate\\Pipeline\\{closure}()
#44 C:\\Users\\r.asadullin\\Documents\\Обучения\\обучение PHP Laravel разработчик\\php\\task_manager\\laravel_base\\vendor\\laravel\\framework\\src\\Illuminate\\Pipeline\\Pipeline.php(183): Illuminate\\Foundation\\Http\\Middleware\\PreventRequestsDuringMaintenance->handle()
#45 C:\\Users\\r.asadullin\\Documents\\Обучения\\обучение PHP Laravel разработчик\\php\\task_manager\\laravel_base\\vendor\\laravel\\framework\\src\\Illuminate\\Http\\Middleware\\HandleCors.php(49): Illuminate\\Pipeline\\Pipeline->Illuminate\\Pipeline\\{closure}()
#46 C:\\Users\\r.asadullin\\Documents\\Обучения\\обучение PHP Laravel разработчик\\php\\task_manager\\laravel_base\\vendor\\laravel\\framework\\src\\Illuminate\\Pipeline\\Pipeline.php(183): Illuminate\\Http\\Middleware\\HandleCors->handle()
#47 C:\\Users\\r.asadullin\\Documents\\Обучения\\обучение PHP Laravel разработчик\\php\\task_manager\\laravel_base\\vendor\\laravel\\framework\\src\\Illuminate\\Http\\Middleware\\TrustProxies.php(39): Illuminate\\Pipeline\\Pipeline->Illuminate\\Pipeline\\{closure}()
#48 C:\\Users\\r.asadullin\\Documents\\Обучения\\обучение PHP Laravel разработчик\\php\\task_manager\\laravel_base\\vendor\\laravel\\framework\\src\\Illuminate\\Pipeline\\Pipeline.php(183): Illuminate\\Http\\Middleware\\TrustProxies->handle()
#49 C:\\Users\\r.asadullin\\Documents\\Обучения\\обучение PHP Laravel разработчик\\php\\task_manager\\laravel_base\\vendor\\laravel\\framework\\src\\Illuminate\\Pipeline\\Pipeline.php(119): Illuminate\\Pipeline\\Pipeline->Illuminate\\Pipeline\\{closure}()
#50 C:\\Users\\r.asadullin\\Documents\\Обучения\\обучение PHP Laravel разработчик\\php\\task_manager\\laravel_base\\vendor\\laravel\\framework\\src\\Illuminate\\Foundation\\Http\\Kernel.php(175): Illuminate\\Pipeline\\Pipeline->then()
#51 C:\\Users\\r.asadullin\\Documents\\Обучения\\обучение PHP Laravel разработчик\\php\\task_manager\\laravel_base\\vendor\\laravel\\framework\\src\\Illuminate\\Foundation\\Http\\Kernel.php(144): Illuminate\\Foundation\\Http\\Kernel->sendRequestThroughRouter()
#52 C:\\Users\\r.asadullin\\Documents\\Обучения\\обучение PHP Laravel разработчик\\php\\task_manager\\laravel_base\\public\\index.php(51): Illuminate\\Foundation\\Http\\Kernel->handle()
#53 C:\\Users\\r.asadullin\\Documents\\Обучения\\обучение PHP Laravel разработчик\\php\\task_manager\\laravel_base\\vendor\\laravel\\framework\\src\\Illuminate\\Foundation\\resources\\server.php(16): require_once('C:\\\\Users\\\\r.asad...')
#54 {main}

[previous exception] [object] (Symfony\\Component\\Routing\\Exception\\RouteNotFoundException(code: 0): Route [task.update] not defined. at C:\\Users\\r.asadullin\\Documents\\Обучения\\обучение PHP Laravel разработчик\\php\\task_manager\\laravel_base\\vendor\\laravel\\framework\\src\\Illuminate\\Routing\\UrlGenerator.php:477)
[stacktrace]
#0 C:\\Users\\r.asadullin\\Documents\\Обучения\\обучение PHP Laravel разработчик\\php\\task_manager\\laravel_base\\vendor\\laravel\\framework\\src\\Illuminate\\Foundation\\helpers.php(811): Illuminate\\Routing\\UrlGenerator->route()
#1 C:\\Users\\r.asadullin\\Documents\\Обучения\\обучение PHP Laravel разработчик\\php\\task_manager\\laravel_base\\storage\\framework\\views\\4e2a0f25d167a33863af7897a6dcc107.php(12): route()
#2 C:\\Users\\r.asadullin\\Documents\\Обучения\\обучение PHP Laravel разработчик\\php\\task_manager\\laravel_base\\vendor\\laravel\\framework\\src\\Illuminate\\Filesystem\\Filesystem.php(123): require('C:\\\\Users\\\\r.asad...')
#3 C:\\Users\\r.asadullin\\Documents\\Обучения\\обучение PHP Laravel разработчик\\php\\task_manager\\laravel_base\\vendor\\laravel\\framework\\src\\Illuminate\\Filesystem\\Filesystem.php(124): Illuminate\\Filesystem\\Filesystem::Illuminate\\Filesystem\\{closure}()
#4 C:\\Users\\r.asadullin\\Documents\\Обучения\\обучение PHP Laravel разработчик\\php\\task_manager\\laravel_base\\vendor\\laravel\\framework\\src\\Illuminate\\View\\Engines\\PhpEngine.php(58): Illuminate\\Filesystem\\Filesystem->getRequire()
#5 C:\\Users\\r.asadullin\\Documents\\Обучения\\обучение PHP Laravel разработчик\\php\\task_manager\\laravel_base\\vendor\\laravel\\framework\\src\\Illuminate\\View\\Engines\\CompilerEngine.php(72): Illuminate\\View\\Engines\\PhpEngine->evaluatePath()
#6 C:\\Users\\r.asadullin\\Documents\\Обучения\\обучение PHP Laravel разработчик\\php\\task_manager\\laravel_base\\vendor\\laravel\\framework\\src\\Illuminate\\View\\View.php(207): Illuminate\\View\\Engines\\CompilerEngine->get()
#7 C:\\Users\\r.asadullin\\Documents\\Обучения\\обучение PHP Laravel разработчик\\php\\task_manager\\laravel_base\\vendor\\laravel\\framework\\src\\Illuminate\\View\\View.php(190): Illuminate\\View\\View->getContents()
#8 C:\\Users\\r.asadullin\\Documents\\Обучения\\обучение PHP Laravel разработчик\\php\\task_manager\\laravel_base\\vendor\\laravel\\framework\\src\\Illuminate\\View\\View.php(159): Illuminate\\View\\View->renderContents()
#9 C:\\Users\\r.asadullin\\Documents\\Обучения\\обучение PHP Laravel разработчик\\php\\task_manager\\laravel_base\\vendor\\laravel\\framework\\src\\Illuminate\\Http\\Response.php(69): Illuminate\\View\\View->render()
#10 C:\\Users\\r.asadullin\\Documents\\Обучения\\обучение PHP Laravel разработчик\\php\\task_manager\\laravel_base\\vendor\\laravel\\framework\\src\\Illuminate\\Http\\Response.php(35): Illuminate\\Http\\Response->setContent()
#11 C:\\Users\\r.asadullin\\Documents\\Обучения\\обучение PHP Laravel разработчик\\php\\task_manager\\laravel_base\\vendor\\laravel\\framework\\src\\Illuminate\\Routing\\Router.php(918): Illuminate\\Http\\Response->__construct()
#12 C:\\Users\\r.asadullin\\Documents\\Обучения\\обучение PHP Laravel разработчик\\php\\task_manager\\laravel_base\\vendor\\laravel\\framework\\src\\Illuminate\\Routing\\Router.php(885): Illuminate\\Routing\\Router::toResponse()
#13 C:\\Users\\r.asadullin\\Documents\\Обучения\\обучение PHP Laravel разработчик\\php\\task_manager\\laravel_base\\vendor\\laravel\\framework\\src\\Illuminate\\Routing\\Router.php(805): Illuminate\\Routing\\Router->prepareResponse()
#14 C:\\Users\\r.asadullin\\Documents\\Обучения\\обучение PHP Laravel разработчик\\php\\task_manager\\laravel_base\\vendor\\laravel\\framework\\src\\Illuminate\\Pipeline\\Pipeline.php(144): Illuminate\\Routing\\Router->Illuminate\\Routing\\{closure}()
#15 C:\\Users\\r.asadullin\\Documents\\Обучения\\обучение PHP Laravel разработчик\\php\\task_manager\\laravel_base\\vendor\\laravel\\framework\\src\\Illuminate\\Routing\\Middleware\\SubstituteBindings.php(50): Illuminate\\Pipeline\\Pipeline->Illuminate\\Pipeline\\{closure}()
#16 C:\\Users\\r.asadullin\\Documents\\Обучения\\обучение PHP Laravel разработчик\\php\\task_manager\\laravel_base\\vendor\\laravel\\framework\\src\\Illuminate\\Pipeline\\Pipeline.php(183): Illuminate\\Routing\\Middleware\\SubstituteBindings->handle()
#17 C:\\Users\\r.asadullin\\Documents\\Обучения\\обучение PHP Laravel разработчик\\php\\task_manager\\laravel_base\\vendor\\laravel\\framework\\src\\Illuminate\\Foundation\\Http\\Middleware\\VerifyCsrfToken.php(78): Illuminate\\Pipeline\\Pipeline->Illuminate\\Pipeline\\{closure}()
#18 C:\\Users\\r.asadullin\\Documents\\Обучения\\обучение PHP Laravel разработчик\\php\\task_manager\\laravel_base\\vendor\\laravel\\framework\\src\\Illuminate\\Pipeline\\Pipeline.php(183): Illuminate\\Foundation\\Http\\Middleware\\VerifyCsrfToken->handle()
#19 C:\\Users\\r.asadullin\\Documents\\Обучения\\обучение PHP Laravel разработчик\\php\\task_manager\\laravel_base\\vendor\\laravel\\framework\\src\\Illuminate\\View\\Middleware\\ShareErrorsFromSession.php(49): Illuminate\\Pipeline\\Pipeline->Illuminate\\Pipeline\\{closure}()
#20 C:\\Users\\r.asadullin\\Documents\\Обучения\\обучение PHP Laravel разработчик\\php\\task_manager\\laravel_base\\vendor\\laravel\\framework\\src\\Illuminate\\Pipeline\\Pipeline.php(183): Illuminate\\View\\Middleware\\ShareErrorsFromSession->handle()
#21 C:\\Users\\r.asadullin\\Documents\\Обучения\\обучение PHP Laravel разработчик\\php\\task_manager\\laravel_base\\vendor\\laravel\\framework\\src\\Illuminate\\Session\\Middleware\\StartSession.php(121): Illuminate\\Pipeline\\Pipeline->Illuminate\\Pipeline\\{closure}()
#22 C:\\Users\\r.asadullin\\Documents\\Обучения\\обучение PHP Laravel разработчик\\php\\task_manager\\laravel_base\\vendor\\laravel\\framework\\src\\Illuminate\\Session\\Middleware\\StartSession.php(64): Illuminate\\Session\\Middleware\\StartSession->handleStatefulRequest()
#23 C:\\Users\\r.asadullin\\Documents\\Обучения\\обучение PHP Laravel разработчик\\php\\task_manager\\laravel_base\\vendor\\laravel\\framework\\src\\Illuminate\\Pipeline\\Pipeline.php(183): Illuminate\\Session\\Middleware\\StartSession->handle()
#24 C:\\Users\\r.asadullin\\Documents\\Обучения\\обучение PHP Laravel разработчик\\php\\task_manager\\laravel_base\\vendor\\laravel\\framework\\src\\Illuminate\\Cookie\\Middleware\\AddQueuedCookiesToResponse.php(37): Illuminate\\Pipeline\\Pipeline->Illuminate\\Pipeline\\{closure}()
#25 C:\\Users\\r.asadullin\\Documents\\Обучения\\обучение PHP Laravel разработчик\\php\\task_manager\\laravel_base\\vendor\\laravel\\framework\\src\\Illuminate\\Pipeline\\Pipeline.php(183): Illuminate\\Cookie\\Middleware\\AddQueuedCookiesToResponse->handle()
#26 C:\\Users\\r.asadullin\\Documents\\Обучения\\обучение PHP Laravel разработчик\\php\\task_manager\\laravel_base\\vendor\\laravel\\framework\\src\\Illuminate\\Cookie\\Middleware\\EncryptCookies.php(67): Illuminate\\Pipeline\\Pipeline->Illuminate\\Pipeline\\{closure}()
#27 C:\\Users\\r.asadullin\\Documents\\Обучения\\обучение PHP Laravel разработчик\\php\\task_manager\\laravel_base\\vendor\\laravel\\framework\\src\\Illuminate\\Pipeline\\Pipeline.php(183): Illuminate\\Cookie\\Middleware\\EncryptCookies->handle()
#28 C:\\Users\\r.asadullin\\Documents\\Обучения\\обучение PHP Laravel разработчик\\php\\task_manager\\laravel_base\\vendor\\laravel\\framework\\src\\Illuminate\\Pipeline\\Pipeline.php(119): Illuminate\\Pipeline\\Pipeline->Illuminate\\Pipeline\\{closure}()
#29 C:\\Users\\r.asadullin\\Documents\\Обучения\\обучение PHP Laravel разработчик\\php\\task_manager\\laravel_base\\vendor\\laravel\\framework\\src\\Illuminate\\Routing\\Router.php(805): Illuminate\\Pipeline\\Pipeline->then()
#30 C:\\Users\\r.asadullin\\Documents\\Обучения\\обучение PHP Laravel разработчик\\php\\task_manager\\laravel_base\\vendor\\laravel\\framework\\src\\Illuminate\\Routing\\Router.php(784): Illuminate\\Routing\\Router->runRouteWithinStack()
#31 C:\\Users\\r.asadullin\\Documents\\Обучения\\обучение PHP Laravel разработчик\\php\\task_manager\\laravel_base\\vendor\\laravel\\framework\\src\\Illuminate\\Routing\\Router.php(748): Illuminate\\Routing\\Router->runRoute()
#32 C:\\Users\\r.asadullin\\Documents\\Обучения\\обучение PHP Laravel разработчик\\php\\task_manager\\laravel_base\\vendor\\laravel\\framework\\src\\Illuminate\\Routing\\Router.php(737): Illuminate\\Routing\\Router->dispatchToRoute()
#33 C:\\Users\\r.asadullin\\Documents\\Обучения\\обучение PHP Laravel разработчик\\php\\task_manager\\laravel_base\\vendor\\laravel\\framework\\src\\Illuminate\\Foundation\\Http\\Kernel.php(200): Illuminate\\Routing\\Router->dispatch()
#34 C:\\Users\\r.asadullin\\Documents\\Обучения\\обучение PHP Laravel разработчик\\php\\task_manager\\laravel_base\\vendor\\laravel\\framework\\src\\Illuminate\\Pipeline\\Pipeline.php(144): Illuminate\\Foundation\\Http\\Kernel->Illuminate\\Foundation\\Http\\{closure}()
#35 C:\\Users\\r.asadullin\\Documents\\Обучения\\обучение PHP Laravel разработчик\\php\\task_manager\\laravel_base\\vendor\\laravel\\framework\\src\\Illuminate\\Foundation\\Http\\Middleware\\TransformsRequest.php(21): Illuminate\\Pipeline\\Pipeline->Illuminate\\Pipeline\\{closure}()
#36 C:\\Users\\r.asadullin\\Documents\\Обучения\\обучение PHP Laravel разработчик\\php\\task_manager\\laravel_base\\vendor\\laravel\\framework\\src\\Illuminate\\Foundation\\Http\\Middleware\\ConvertEmptyStringsToNull.php(31): Illuminate\\Foundation\\Http\\Middleware\\TransformsRequest->handle()
#37 C:\\Users\\r.asadullin\\Documents\\Обучения\\обучение PHP Laravel разработчик\\php\\task_manager\\laravel_base\\vendor\\laravel\\framework\\src\\Illuminate\\Pipeline\\Pipeline.php(183): Illuminate\\Foundation\\Http\\Middleware\\ConvertEmptyStringsToNull->handle()
#38 C:\\Users\\r.asadullin\\Documents\\Обучения\\обучение PHP Laravel разработчик\\php\\task_manager\\laravel_base\\vendor\\laravel\\framework\\src\\Illuminate\\Foundation\\Http\\Middleware\\TransformsRequest.php(21): Illuminate\\Pipeline\\Pipeline->Illuminate\\Pipeline\\{closure}()
#39 C:\\Users\\r.asadullin\\Documents\\Обучения\\обучение PHP Laravel разработчик\\php\\task_manager\\laravel_base\\vendor\\laravel\\framework\\src\\Illuminate\\Foundation\\Http\\Middleware\\TrimStrings.php(40): Illuminate\\Foundation\\Http\\Middleware\\TransformsRequest->handle()
#40 C:\\Users\\r.asadullin\\Documents\\Обучения\\обучение PHP Laravel разработчик\\php\\task_manager\\laravel_base\\vendor\\laravel\\framework\\src\\Illuminate\\Pipeline\\Pipeline.php(183): Illuminate\\Foundation\\Http\\Middleware\\TrimStrings->handle()
#41 C:\\Users\\r.asadullin\\Documents\\Обучения\\обучение PHP Laravel разработчик\\php\\task_manager\\laravel_base\\vendor\\laravel\\framework\\src\\Illuminate\\Foundation\\Http\\Middleware\\ValidatePostSize.php(27): Illuminate\\Pipeline\\Pipeline->Illuminate\\Pipeline\\{closure}()
#42 C:\\Users\\r.asadullin\\Documents\\Обучения\\обучение PHP Laravel разработчик\\php\\task_manager\\laravel_base\\vendor\\laravel\\framework\\src\\Illuminate\\Pipeline\\Pipeline.php(183): Illuminate\\Foundation\\Http\\Middleware\\ValidatePostSize->handle()
#43 C:\\Users\\r.asadullin\\Documents\\Обучения\\обучение PHP Laravel разработчик\\php\\task_manager\\laravel_base\\vendor\\laravel\\framework\\src\\Illuminate\\Foundation\\Http\\Middleware\\PreventRequestsDuringMaintenance.php(99): Illuminate\\Pipeline\\Pipeline->Illuminate\\Pipeline\\{closure}()
#44 C:\\Users\\r.asadullin\\Documents\\Обучения\\обучение PHP Laravel разработчик\\php\\task_manager\\laravel_base\\vendor\\laravel\\framework\\src\\Illuminate\\Pipeline\\Pipeline.php(183): Illuminate\\Foundation\\Http\\Middleware\\PreventRequestsDuringMaintenance->handle()
#45 C:\\Users\\r.asadullin\\Documents\\Обучения\\обучение PHP Laravel разработчик\\php\\task_manager\\laravel_base\\vendor\\laravel\\framework\\src\\Illuminate\\Http\\Middleware\\HandleCors.php(49): Illuminate\\Pipeline\\Pipeline->Illuminate\\Pipeline\\{closure}()
#46 C:\\Users\\r.asadullin\\Documents\\Обучения\\обучение PHP Laravel разработчик\\php\\task_manager\\laravel_base\\vendor\\laravel\\framework\\src\\Illuminate\\Pipeline\\Pipeline.php(183): Illuminate\\Http\\Middleware\\HandleCors->handle()
#47 C:\\Users\\r.asadullin\\Documents\\Обучения\\обучение PHP Laravel разработчик\\php\\task_manager\\laravel_base\\vendor\\laravel\\framework\\src\\Illuminate\\Http\\Middleware\\TrustProxies.php(39): Illuminate\\Pipeline\\Pipeline->Illuminate\\Pipeline\\{closure}()
#48 C:\\Users\\r.asadullin\\Documents\\Обучения\\обучение PHP Laravel разработчик\\php\\task_manager\\laravel_base\\vendor\\laravel\\framework\\src\\Illuminate\\Pipeline\\Pipeline.php(183): Illuminate\\Http\\Middleware\\TrustProxies->handle()
#49 C:\\Users\\r.asadullin\\Documents\\Обучения\\обучение PHP Laravel разработчик\\php\\task_manager\\laravel_base\\vendor\\laravel\\framework\\src\\Illuminate\\Pipeline\\Pipeline.php(119): Illuminate\\Pipeline\\Pipeline->Illuminate\\Pipeline\\{closure}()
#50 C:\\Users\\r.asadullin\\Documents\\Обучения\\обучение PHP Laravel разработчик\\php\\task_manager\\laravel_base\\vendor\\laravel\\framework\\src\\Illuminate\\Foundation\\Http\\Kernel.php(175): Illuminate\\Pipeline\\Pipeline->then()
#51 C:\\Users\\r.asadullin\\Documents\\Обучения\\обучение PHP Laravel разработчик\\php\\task_manager\\laravel_base\\vendor\\laravel\\framework\\src\\Illuminate\\Foundation\\Http\\Kernel.php(144): Illuminate\\Foundation\\Http\\Kernel->sendRequestThroughRouter()
#52 C:\\Users\\r.asadullin\\Documents\\Обучения\\обучение PHP Laravel разработчик\\php\\task_manager\\laravel_base\\public\\index.php(51): Illuminate\\Foundation\\Http\\Kernel->handle()
#53 C:\\Users\\r.asadullin\\Documents\\Обучения\\обучение PHP Laravel разработчик\\php\\task_manager\\laravel_base\\vendor\\laravel\\framework\\src\\Illuminate\\Foundation\\resources\\server.php(16): require_once('C:\\\\Users\\\\r.asad...')
#54 {main}
"} 
[2024-10-22 21:00:38] local.ERROR: Route [task.update] not defined. {"view":{"view":"C:\\Users\\r.asadullin\\Documents\\Обучения\\обучение PHP Laravel разработчик\\php\\task_manager\\laravel_base\\resources\\views\\tasks\\edit.blade.php","data":[]},"exception":"[object] (Spatie\\LaravelIgnition\\Exceptions\\ViewException(code: 0): Route [task.update] not defined. at C:\\Users\\r.asadullin\\Documents\\Обучения\\обучение PHP Laravel разработчик\\php\\task_manager\\laravel_base\\vendor\\laravel\\framework\\src\\Illuminate\\Routing\\UrlGenerator.php:477)
[stacktrace]
#0 C:\\Users\\r.asadullin\\Documents\\Обучения\\обучение PHP Laravel разработчик\\php\\task_manager\\laravel_base\\vendor\\laravel\\framework\\src\\Illuminate\\Foundation\\helpers.php(811): Illuminate\\Routing\\UrlGenerator->route()
#1 C:\\Users\\r.asadullin\\Documents\\Обучения\\обучение PHP Laravel разработчик\\php\\task_manager\\laravel_base\\resources\\views\\tasks\\edit.blade.php(12): route()
#2 C:\\Users\\r.asadullin\\Documents\\Обучения\\обучение PHP Laravel разработчик\\php\\task_manager\\laravel_base\\vendor\\laravel\\framework\\src\\Illuminate\\Filesystem\\Filesystem.php(123): require('C:\\\\Users\\\\r.asad...')
#3 C:\\Users\\r.asadullin\\Documents\\Обучения\\обучение PHP Laravel разработчик\\php\\task_manager\\laravel_base\\vendor\\laravel\\framework\\src\\Illuminate\\Filesystem\\Filesystem.php(124): Illuminate\\Filesystem\\Filesystem::Illuminate\\Filesystem\\{closure}()
#4 C:\\Users\\r.asadullin\\Documents\\Обучения\\обучение PHP Laravel разработчик\\php\\task_manager\\laravel_base\\vendor\\laravel\\framework\\src\\Illuminate\\View\\Engines\\PhpEngine.php(58): Illuminate\\Filesystem\\Filesystem->getRequire()
#5 C:\\Users\\r.asadullin\\Documents\\Обучения\\обучение PHP Laravel разработчик\\php\\task_manager\\laravel_base\\vendor\\laravel\\framework\\src\\Illuminate\\View\\Engines\\CompilerEngine.php(72): Illuminate\\View\\Engines\\PhpEngine->evaluatePath()
#6 C:\\Users\\r.asadullin\\Documents\\Обучения\\обучение PHP Laravel разработчик\\php\\task_manager\\laravel_base\\vendor\\laravel\\framework\\src\\Illuminate\\View\\View.php(207): Illuminate\\View\\Engines\\CompilerEngine->get()
#7 C:\\Users\\r.asadullin\\Documents\\Обучения\\обучение PHP Laravel разработчик\\php\\task_manager\\laravel_base\\vendor\\laravel\\framework\\src\\Illuminate\\View\\View.php(190): Illuminate\\View\\View->getContents()
#8 C:\\Users\\r.asadullin\\Documents\\Обучения\\обучение PHP Laravel разработчик\\php\\task_manager\\laravel_base\\vendor\\laravel\\framework\\src\\Illuminate\\View\\View.php(159): Illuminate\\View\\View->renderContents()
#9 C:\\Users\\r.asadullin\\Documents\\Обучения\\обучение PHP Laravel разработчик\\php\\task_manager\\laravel_base\\vendor\\laravel\\framework\\src\\Illuminate\\Http\\Response.php(69): Illuminate\\View\\View->render()
#10 C:\\Users\\r.asadullin\\Documents\\Обучения\\обучение PHP Laravel разработчик\\php\\task_manager\\laravel_base\\vendor\\laravel\\framework\\src\\Illuminate\\Http\\Response.php(35): Illuminate\\Http\\Response->setContent()
#11 C:\\Users\\r.asadullin\\Documents\\Обучения\\обучение PHP Laravel разработчик\\php\\task_manager\\laravel_base\\vendor\\laravel\\framework\\src\\Illuminate\\Routing\\Router.php(918): Illuminate\\Http\\Response->__construct()
#12 C:\\Users\\r.asadullin\\Documents\\Обучения\\обучение PHP Laravel разработчик\\php\\task_manager\\laravel_base\\vendor\\laravel\\framework\\src\\Illuminate\\Routing\\Router.php(885): Illuminate\\Routing\\Router::toResponse()
#13 C:\\Users\\r.asadullin\\Documents\\Обучения\\обучение PHP Laravel разработчик\\php\\task_manager\\laravel_base\\vendor\\laravel\\framework\\src\\Illuminate\\Routing\\Router.php(805): Illuminate\\Routing\\Router->prepareResponse()
#14 C:\\Users\\r.asadullin\\Documents\\Обучения\\обучение PHP Laravel разработчик\\php\\task_manager\\laravel_base\\vendor\\laravel\\framework\\src\\Illuminate\\Pipeline\\Pipeline.php(144): Illuminate\\Routing\\Router->Illuminate\\Routing\\{closure}()
#15 C:\\Users\\r.asadullin\\Documents\\Обучения\\обучение PHP Laravel разработчик\\php\\task_manager\\laravel_base\\vendor\\laravel\\framework\\src\\Illuminate\\Routing\\Middleware\\SubstituteBindings.php(50): Illuminate\\Pipeline\\Pipeline->Illuminate\\Pipeline\\{closure}()
#16 C:\\Users\\r.asadullin\\Documents\\Обучения\\обучение PHP Laravel разработчик\\php\\task_manager\\laravel_base\\vendor\\laravel\\framework\\src\\Illuminate\\Pipeline\\Pipeline.php(183): Illuminate\\Routing\\Middleware\\SubstituteBindings->handle()
#17 C:\\Users\\r.asadullin\\Documents\\Обучения\\обучение PHP Laravel разработчик\\php\\task_manager\\laravel_base\\vendor\\laravel\\framework\\src\\Illuminate\\Foundation\\Http\\Middleware\\VerifyCsrfToken.php(78): Illuminate\\Pipeline\\Pipeline->Illuminate\\Pipeline\\{closure}()
#18 C:\\Users\\r.asadullin\\Documents\\Обучения\\обучение PHP Laravel разработчик\\php\\task_manager\\laravel_base\\vendor\\laravel\\framework\\src\\Illuminate\\Pipeline\\Pipeline.php(183): Illuminate\\Foundation\\Http\\Middleware\\VerifyCsrfToken->handle()
#19 C:\\Users\\r.asadullin\\Documents\\Обучения\\обучение PHP Laravel разработчик\\php\\task_manager\\laravel_base\\vendor\\laravel\\framework\\src\\Illuminate\\View\\Middleware\\ShareErrorsFromSession.php(49): Illuminate\\Pipeline\\Pipeline->Illuminate\\Pipeline\\{closure}()
#20 C:\\Users\\r.asadullin\\Documents\\Обучения\\обучение PHP Laravel разработчик\\php\\task_manager\\laravel_base\\vendor\\laravel\\framework\\src\\Illuminate\\Pipeline\\Pipeline.php(183): Illuminate\\View\\Middleware\\ShareErrorsFromSession->handle()
#21 C:\\Users\\r.asadullin\\Documents\\Обучения\\обучение PHP Laravel разработчик\\php\\task_manager\\laravel_base\\vendor\\laravel\\framework\\src\\Illuminate\\Session\\Middleware\\StartSession.php(121): Illuminate\\Pipeline\\Pipeline->Illuminate\\Pipeline\\{closure}()
#22 C:\\Users\\r.asadullin\\Documents\\Обучения\\обучение PHP Laravel разработчик\\php\\task_manager\\laravel_base\\vendor\\laravel\\framework\\src\\Illuminate\\Session\\Middleware\\StartSession.php(64): Illuminate\\Session\\Middleware\\StartSession->handleStatefulRequest()
#23 C:\\Users\\r.asadullin\\Documents\\Обучения\\обучение PHP Laravel разработчик\\php\\task_manager\\laravel_base\\vendor\\laravel\\framework\\src\\Illuminate\\Pipeline\\Pipeline.php(183): Illuminate\\Session\\Middleware\\StartSession->handle()
#24 C:\\Users\\r.asadullin\\Documents\\Обучения\\обучение PHP Laravel разработчик\\php\\task_manager\\laravel_base\\vendor\\laravel\\framework\\src\\Illuminate\\Cookie\\Middleware\\AddQueuedCookiesToResponse.php(37): Illuminate\\Pipeline\\Pipeline->Illuminate\\Pipeline\\{closure}()
#25 C:\\Users\\r.asadullin\\Documents\\Обучения\\обучение PHP Laravel разработчик\\php\\task_manager\\laravel_base\\vendor\\laravel\\framework\\src\\Illuminate\\Pipeline\\Pipeline.php(183): Illuminate\\Cookie\\Middleware\\AddQueuedCookiesToResponse->handle()
#26 C:\\Users\\r.asadullin\\Documents\\Обучения\\обучение PHP Laravel разработчик\\php\\task_manager\\laravel_base\\vendor\\laravel\\framework\\src\\Illuminate\\Cookie\\Middleware\\EncryptCookies.php(67): Illuminate\\Pipeline\\Pipeline->Illuminate\\Pipeline\\{closure}()
#27 C:\\Users\\r.asadullin\\Documents\\Обучения\\обучение PHP Laravel разработчик\\php\\task_manager\\laravel_base\\vendor\\laravel\\framework\\src\\Illuminate\\Pipeline\\Pipeline.php(183): Illuminate\\Cookie\\Middleware\\EncryptCookies->handle()
#28 C:\\Users\\r.asadullin\\Documents\\Обучения\\обучение PHP Laravel разработчик\\php\\task_manager\\laravel_base\\vendor\\laravel\\framework\\src\\Illuminate\\Pipeline\\Pipeline.php(119): Illuminate\\Pipeline\\Pipeline->Illuminate\\Pipeline\\{closure}()
#29 C:\\Users\\r.asadullin\\Documents\\Обучения\\обучение PHP Laravel разработчик\\php\\task_manager\\laravel_base\\vendor\\laravel\\framework\\src\\Illuminate\\Routing\\Router.php(805): Illuminate\\Pipeline\\Pipeline->then()
#30 C:\\Users\\r.asadullin\\Documents\\Обучения\\обучение PHP Laravel разработчик\\php\\task_manager\\laravel_base\\vendor\\laravel\\framework\\src\\Illuminate\\Routing\\Router.php(784): Illuminate\\Routing\\Router->runRouteWithinStack()
#31 C:\\Users\\r.asadullin\\Documents\\Обучения\\обучение PHP Laravel разработчик\\php\\task_manager\\laravel_base\\vendor\\laravel\\framework\\src\\Illuminate\\Routing\\Router.php(748): Illuminate\\Routing\\Router->runRoute()
#32 C:\\Users\\r.asadullin\\Documents\\Обучения\\обучение PHP Laravel разработчик\\php\\task_manager\\laravel_base\\vendor\\laravel\\framework\\src\\Illuminate\\Routing\\Router.php(737): Illuminate\\Routing\\Router->dispatchToRoute()
#33 C:\\Users\\r.asadullin\\Documents\\Обучения\\обучение PHP Laravel разработчик\\php\\task_manager\\laravel_base\\vendor\\laravel\\framework\\src\\Illuminate\\Foundation\\Http\\Kernel.php(200): Illuminate\\Routing\\Router->dispatch()
#34 C:\\Users\\r.asadullin\\Documents\\Обучения\\обучение PHP Laravel разработчик\\php\\task_manager\\laravel_base\\vendor\\laravel\\framework\\src\\Illuminate\\Pipeline\\Pipeline.php(144): Illuminate\\Foundation\\Http\\Kernel->Illuminate\\Foundation\\Http\\{closure}()
#35 C:\\Users\\r.asadullin\\Documents\\Обучения\\обучение PHP Laravel разработчик\\php\\task_manager\\laravel_base\\vendor\\laravel\\framework\\src\\Illuminate\\Foundation\\Http\\Middleware\\TransformsRequest.php(21): Illuminate\\Pipeline\\Pipeline->Illuminate\\Pipeline\\{closure}()
#36 C:\\Users\\r.asadullin\\Documents\\Обучения\\обучение PHP Laravel разработчик\\php\\task_manager\\laravel_base\\vendor\\laravel\\framework\\src\\Illuminate\\Foundation\\Http\\Middleware\\ConvertEmptyStringsToNull.php(31): Illuminate\\Foundation\\Http\\Middleware\\TransformsRequest->handle()
#37 C:\\Users\\r.asadullin\\Documents\\Обучения\\обучение PHP Laravel разработчик\\php\\task_manager\\laravel_base\\vendor\\laravel\\framework\\src\\Illuminate\\Pipeline\\Pipeline.php(183): Illuminate\\Foundation\\Http\\Middleware\\ConvertEmptyStringsToNull->handle()
#38 C:\\Users\\r.asadullin\\Documents\\Обучения\\обучение PHP Laravel разработчик\\php\\task_manager\\laravel_base\\vendor\\laravel\\framework\\src\\Illuminate\\Foundation\\Http\\Middleware\\TransformsRequest.php(21): Illuminate\\Pipeline\\Pipeline->Illuminate\\Pipeline\\{closure}()
#39 C:\\Users\\r.asadullin\\Documents\\Обучения\\обучение PHP Laravel разработчик\\php\\task_manager\\laravel_base\\vendor\\laravel\\framework\\src\\Illuminate\\Foundation\\Http\\Middleware\\TrimStrings.php(40): Illuminate\\Foundation\\Http\\Middleware\\TransformsRequest->handle()
#40 C:\\Users\\r.asadullin\\Documents\\Обучения\\обучение PHP Laravel разработчик\\php\\task_manager\\laravel_base\\vendor\\laravel\\framework\\src\\Illuminate\\Pipeline\\Pipeline.php(183): Illuminate\\Foundation\\Http\\Middleware\\TrimStrings->handle()
#41 C:\\Users\\r.asadullin\\Documents\\Обучения\\обучение PHP Laravel разработчик\\php\\task_manager\\laravel_base\\vendor\\laravel\\framework\\src\\Illuminate\\Foundation\\Http\\Middleware\\ValidatePostSize.php(27): Illuminate\\Pipeline\\Pipeline->Illuminate\\Pipeline\\{closure}()
#42 C:\\Users\\r.asadullin\\Documents\\Обучения\\обучение PHP Laravel разработчик\\php\\task_manager\\laravel_base\\vendor\\laravel\\framework\\src\\Illuminate\\Pipeline\\Pipeline.php(183): Illuminate\\Foundation\\Http\\Middleware\\ValidatePostSize->handle()
#43 C:\\Users\\r.asadullin\\Documents\\Обучения\\обучение PHP Laravel разработчик\\php\\task_manager\\laravel_base\\vendor\\laravel\\framework\\src\\Illuminate\\Foundation\\Http\\Middleware\\PreventRequestsDuringMaintenance.php(99): Illuminate\\Pipeline\\Pipeline->Illuminate\\Pipeline\\{closure}()
#44 C:\\Users\\r.asadullin\\Documents\\Обучения\\обучение PHP Laravel разработчик\\php\\task_manager\\laravel_base\\vendor\\laravel\\framework\\src\\Illuminate\\Pipeline\\Pipeline.php(183): Illuminate\\Foundation\\Http\\Middleware\\PreventRequestsDuringMaintenance->handle()
#45 C:\\Users\\r.asadullin\\Documents\\Обучения\\обучение PHP Laravel разработчик\\php\\task_manager\\laravel_base\\vendor\\laravel\\framework\\src\\Illuminate\\Http\\Middleware\\HandleCors.php(49): Illuminate\\Pipeline\\Pipeline->Illuminate\\Pipeline\\{closure}()
#46 C:\\Users\\r.asadullin\\Documents\\Обучения\\обучение PHP Laravel разработчик\\php\\task_manager\\laravel_base\\vendor\\laravel\\framework\\src\\Illuminate\\Pipeline\\Pipeline.php(183): Illuminate\\Http\\Middleware\\HandleCors->handle()
#47 C:\\Users\\r.asadullin\\Documents\\Обучения\\обучение PHP Laravel разработчик\\php\\task_manager\\laravel_base\\vendor\\laravel\\framework\\src\\Illuminate\\Http\\Middleware\\TrustProxies.php(39): Illuminate\\Pipeline\\Pipeline->Illuminate\\Pipeline\\{closure}()
#48 C:\\Users\\r.asadullin\\Documents\\Обучения\\обучение PHP Laravel разработчик\\php\\task_manager\\laravel_base\\vendor\\laravel\\framework\\src\\Illuminate\\Pipeline\\Pipeline.php(183): Illuminate\\Http\\Middleware\\TrustProxies->handle()
#49 C:\\Users\\r.asadullin\\Documents\\Обучения\\обучение PHP Laravel разработчик\\php\\task_manager\\laravel_base\\vendor\\laravel\\framework\\src\\Illuminate\\Pipeline\\Pipeline.php(119): Illuminate\\Pipeline\\Pipeline->Illuminate\\Pipeline\\{closure}()
#50 C:\\Users\\r.asadullin\\Documents\\Обучения\\обучение PHP Laravel разработчик\\php\\task_manager\\laravel_base\\vendor\\laravel\\framework\\src\\Illuminate\\Foundation\\Http\\Kernel.php(175): Illuminate\\Pipeline\\Pipeline->then()
#51 C:\\Users\\r.asadullin\\Documents\\Обучения\\обучение PHP Laravel разработчик\\php\\task_manager\\laravel_base\\vendor\\laravel\\framework\\src\\Illuminate\\Foundation\\Http\\Kernel.php(144): Illuminate\\Foundation\\Http\\Kernel->sendRequestThroughRouter()
#52 C:\\Users\\r.asadullin\\Documents\\Обучения\\обучение PHP Laravel разработчик\\php\\task_manager\\laravel_base\\public\\index.php(51): Illuminate\\Foundation\\Http\\Kernel->handle()
#53 C:\\Users\\r.asadullin\\Documents\\Обучения\\обучение PHP Laravel разработчик\\php\\task_manager\\laravel_base\\vendor\\laravel\\framework\\src\\Illuminate\\Foundation\\resources\\server.php(16): require_once('C:\\\\Users\\\\r.asad...')
#54 {main}

[previous exception] [object] (Symfony\\Component\\Routing\\Exception\\RouteNotFoundException(code: 0): Route [task.update] not defined. at C:\\Users\\r.asadullin\\Documents\\Обучения\\обучение PHP Laravel разработчик\\php\\task_manager\\laravel_base\\vendor\\laravel\\framework\\src\\Illuminate\\Routing\\UrlGenerator.php:477)
[stacktrace]
#0 C:\\Users\\r.asadullin\\Documents\\Обучения\\обучение PHP Laravel разработчик\\php\\task_manager\\laravel_base\\vendor\\laravel\\framework\\src\\Illuminate\\Foundation\\helpers.php(811): Illuminate\\Routing\\UrlGenerator->route()
#1 C:\\Users\\r.asadullin\\Documents\\Обучения\\обучение PHP Laravel разработчик\\php\\task_manager\\laravel_base\\storage\\framework\\views\\4e2a0f25d167a33863af7897a6dcc107.php(12): route()
#2 C:\\Users\\r.asadullin\\Documents\\Обучения\\обучение PHP Laravel разработчик\\php\\task_manager\\laravel_base\\vendor\\laravel\\framework\\src\\Illuminate\\Filesystem\\Filesystem.php(123): require('C:\\\\Users\\\\r.asad...')
#3 C:\\Users\\r.asadullin\\Documents\\Обучения\\обучение PHP Laravel разработчик\\php\\task_manager\\laravel_base\\vendor\\laravel\\framework\\src\\Illuminate\\Filesystem\\Filesystem.php(124): Illuminate\\Filesystem\\Filesystem::Illuminate\\Filesystem\\{closure}()
#4 C:\\Users\\r.asadullin\\Documents\\Обучения\\обучение PHP Laravel разработчик\\php\\task_manager\\laravel_base\\vendor\\laravel\\framework\\src\\Illuminate\\View\\Engines\\PhpEngine.php(58): Illuminate\\Filesystem\\Filesystem->getRequire()
#5 C:\\Users\\r.asadullin\\Documents\\Обучения\\обучение PHP Laravel разработчик\\php\\task_manager\\laravel_base\\vendor\\laravel\\framework\\src\\Illuminate\\View\\Engines\\CompilerEngine.php(72): Illuminate\\View\\Engines\\PhpEngine->evaluatePath()
#6 C:\\Users\\r.asadullin\\Documents\\Обучения\\обучение PHP Laravel разработчик\\php\\task_manager\\laravel_base\\vendor\\laravel\\framework\\src\\Illuminate\\View\\View.php(207): Illuminate\\View\\Engines\\CompilerEngine->get()
#7 C:\\Users\\r.asadullin\\Documents\\Обучения\\обучение PHP Laravel разработчик\\php\\task_manager\\laravel_base\\vendor\\laravel\\framework\\src\\Illuminate\\View\\View.php(190): Illuminate\\View\\View->getContents()
#8 C:\\Users\\r.asadullin\\Documents\\Обучения\\обучение PHP Laravel разработчик\\php\\task_manager\\laravel_base\\vendor\\laravel\\framework\\src\\Illuminate\\View\\View.php(159): Illuminate\\View\\View->renderContents()
#9 C:\\Users\\r.asadullin\\Documents\\Обучения\\обучение PHP Laravel разработчик\\php\\task_manager\\laravel_base\\vendor\\laravel\\framework\\src\\Illuminate\\Http\\Response.php(69): Illuminate\\View\\View->render()
#10 C:\\Users\\r.asadullin\\Documents\\Обучения\\обучение PHP Laravel разработчик\\php\\task_manager\\laravel_base\\vendor\\laravel\\framework\\src\\Illuminate\\Http\\Response.php(35): Illuminate\\Http\\Response->setContent()
#11 C:\\Users\\r.asadullin\\Documents\\Обучения\\обучение PHP Laravel разработчик\\php\\task_manager\\laravel_base\\vendor\\laravel\\framework\\src\\Illuminate\\Routing\\Router.php(918): Illuminate\\Http\\Response->__construct()
#12 C:\\Users\\r.asadullin\\Documents\\Обучения\\обучение PHP Laravel разработчик\\php\\task_manager\\laravel_base\\vendor\\laravel\\framework\\src\\Illuminate\\Routing\\Router.php(885): Illuminate\\Routing\\Router::toResponse()
#13 C:\\Users\\r.asadullin\\Documents\\Обучения\\обучение PHP Laravel разработчик\\php\\task_manager\\laravel_base\\vendor\\laravel\\framework\\src\\Illuminate\\Routing\\Router.php(805): Illuminate\\Routing\\Router->prepareResponse()
#14 C:\\Users\\r.asadullin\\Documents\\Обучения\\обучение PHP Laravel разработчик\\php\\task_manager\\laravel_base\\vendor\\laravel\\framework\\src\\Illuminate\\Pipeline\\Pipeline.php(144): Illuminate\\Routing\\Router->Illuminate\\Routing\\{closure}()
#15 C:\\Users\\r.asadullin\\Documents\\Обучения\\обучение PHP Laravel разработчик\\php\\task_manager\\laravel_base\\vendor\\laravel\\framework\\src\\Illuminate\\Routing\\Middleware\\SubstituteBindings.php(50): Illuminate\\Pipeline\\Pipeline->Illuminate\\Pipeline\\{closure}()
#16 C:\\Users\\r.asadullin\\Documents\\Обучения\\обучение PHP Laravel разработчик\\php\\task_manager\\laravel_base\\vendor\\laravel\\framework\\src\\Illuminate\\Pipeline\\Pipeline.php(183): Illuminate\\Routing\\Middleware\\SubstituteBindings->handle()
#17 C:\\Users\\r.asadullin\\Documents\\Обучения\\обучение PHP Laravel разработчик\\php\\task_manager\\laravel_base\\vendor\\laravel\\framework\\src\\Illuminate\\Foundation\\Http\\Middleware\\VerifyCsrfToken.php(78): Illuminate\\Pipeline\\Pipeline->Illuminate\\Pipeline\\{closure}()
#18 C:\\Users\\r.asadullin\\Documents\\Обучения\\обучение PHP Laravel разработчик\\php\\task_manager\\laravel_base\\vendor\\laravel\\framework\\src\\Illuminate\\Pipeline\\Pipeline.php(183): Illuminate\\Foundation\\Http\\Middleware\\VerifyCsrfToken->handle()
#19 C:\\Users\\r.asadullin\\Documents\\Обучения\\обучение PHP Laravel разработчик\\php\\task_manager\\laravel_base\\vendor\\laravel\\framework\\src\\Illuminate\\View\\Middleware\\ShareErrorsFromSession.php(49): Illuminate\\Pipeline\\Pipeline->Illuminate\\Pipeline\\{closure}()
#20 C:\\Users\\r.asadullin\\Documents\\Обучения\\обучение PHP Laravel разработчик\\php\\task_manager\\laravel_base\\vendor\\laravel\\framework\\src\\Illuminate\\Pipeline\\Pipeline.php(183): Illuminate\\View\\Middleware\\ShareErrorsFromSession->handle()
#21 C:\\Users\\r.asadullin\\Documents\\Обучения\\обучение PHP Laravel разработчик\\php\\task_manager\\laravel_base\\vendor\\laravel\\framework\\src\\Illuminate\\Session\\Middleware\\StartSession.php(121): Illuminate\\Pipeline\\Pipeline->Illuminate\\Pipeline\\{closure}()
#22 C:\\Users\\r.asadullin\\Documents\\Обучения\\обучение PHP Laravel разработчик\\php\\task_manager\\laravel_base\\vendor\\laravel\\framework\\src\\Illuminate\\Session\\Middleware\\StartSession.php(64): Illuminate\\Session\\Middleware\\StartSession->handleStatefulRequest()
#23 C:\\Users\\r.asadullin\\Documents\\Обучения\\обучение PHP Laravel разработчик\\php\\task_manager\\laravel_base\\vendor\\laravel\\framework\\src\\Illuminate\\Pipeline\\Pipeline.php(183): Illuminate\\Session\\Middleware\\StartSession->handle()
#24 C:\\Users\\r.asadullin\\Documents\\Обучения\\обучение PHP Laravel разработчик\\php\\task_manager\\laravel_base\\vendor\\laravel\\framework\\src\\Illuminate\\Cookie\\Middleware\\AddQueuedCookiesToResponse.php(37): Illuminate\\Pipeline\\Pipeline->Illuminate\\Pipeline\\{closure}()
#25 C:\\Users\\r.asadullin\\Documents\\Обучения\\обучение PHP Laravel разработчик\\php\\task_manager\\laravel_base\\vendor\\laravel\\framework\\src\\Illuminate\\Pipeline\\Pipeline.php(183): Illuminate\\Cookie\\Middleware\\AddQueuedCookiesToResponse->handle()
#26 C:\\Users\\r.asadullin\\Documents\\Обучения\\обучение PHP Laravel разработчик\\php\\task_manager\\laravel_base\\vendor\\laravel\\framework\\src\\Illuminate\\Cookie\\Middleware\\EncryptCookies.php(67): Illuminate\\Pipeline\\Pipeline->Illuminate\\Pipeline\\{closure}()
#27 C:\\Users\\r.asadullin\\Documents\\Обучения\\обучение PHP Laravel разработчик\\php\\task_manager\\laravel_base\\vendor\\laravel\\framework\\src\\Illuminate\\Pipeline\\Pipeline.php(183): Illuminate\\Cookie\\Middleware\\EncryptCookies->handle()
#28 C:\\Users\\r.asadullin\\Documents\\Обучения\\обучение PHP Laravel разработчик\\php\\task_manager\\laravel_base\\vendor\\laravel\\framework\\src\\Illuminate\\Pipeline\\Pipeline.php(119): Illuminate\\Pipeline\\Pipeline->Illuminate\\Pipeline\\{closure}()
#29 C:\\Users\\r.asadullin\\Documents\\Обучения\\обучение PHP Laravel разработчик\\php\\task_manager\\laravel_base\\vendor\\laravel\\framework\\src\\Illuminate\\Routing\\Router.php(805): Illuminate\\Pipeline\\Pipeline->then()
#30 C:\\Users\\r.asadullin\\Documents\\Обучения\\обучение PHP Laravel разработчик\\php\\task_manager\\laravel_base\\vendor\\laravel\\framework\\src\\Illuminate\\Routing\\Router.php(784): Illuminate\\Routing\\Router->runRouteWithinStack()
#31 C:\\Users\\r.asadullin\\Documents\\Обучения\\обучение PHP Laravel разработчик\\php\\task_manager\\laravel_base\\vendor\\laravel\\framework\\src\\Illuminate\\Routing\\Router.php(748): Illuminate\\Routing\\Router->runRoute()
#32 C:\\Users\\r.asadullin\\Documents\\Обучения\\обучение PHP Laravel разработчик\\php\\task_manager\\laravel_base\\vendor\\laravel\\framework\\src\\Illuminate\\Routing\\Router.php(737): Illuminate\\Routing\\Router->dispatchToRoute()
#33 C:\\Users\\r.asadullin\\Documents\\Обучения\\обучение PHP Laravel разработчик\\php\\task_manager\\laravel_base\\vendor\\laravel\\framework\\src\\Illuminate\\Foundation\\Http\\Kernel.php(200): Illuminate\\Routing\\Router->dispatch()
#34 C:\\Users\\r.asadullin\\Documents\\Обучения\\обучение PHP Laravel разработчик\\php\\task_manager\\laravel_base\\vendor\\laravel\\framework\\src\\Illuminate\\Pipeline\\Pipeline.php(144): Illuminate\\Foundation\\Http\\Kernel->Illuminate\\Foundation\\Http\\{closure}()
#35 C:\\Users\\r.asadullin\\Documents\\Обучения\\обучение PHP Laravel разработчик\\php\\task_manager\\laravel_base\\vendor\\laravel\\framework\\src\\Illuminate\\Foundation\\Http\\Middleware\\TransformsRequest.php(21): Illuminate\\Pipeline\\Pipeline->Illuminate\\Pipeline\\{closure}()
#36 C:\\Users\\r.asadullin\\Documents\\Обучения\\обучение PHP Laravel разработчик\\php\\task_manager\\laravel_base\\vendor\\laravel\\framework\\src\\Illuminate\\Foundation\\Http\\Middleware\\ConvertEmptyStringsToNull.php(31): Illuminate\\Foundation\\Http\\Middleware\\TransformsRequest->handle()
#37 C:\\Users\\r.asadullin\\Documents\\Обучения\\обучение PHP Laravel разработчик\\php\\task_manager\\laravel_base\\vendor\\laravel\\framework\\src\\Illuminate\\Pipeline\\Pipeline.php(183): Illuminate\\Foundation\\Http\\Middleware\\ConvertEmptyStringsToNull->handle()
#38 C:\\Users\\r.asadullin\\Documents\\Обучения\\обучение PHP Laravel разработчик\\php\\task_manager\\laravel_base\\vendor\\laravel\\framework\\src\\Illuminate\\Foundation\\Http\\Middleware\\TransformsRequest.php(21): Illuminate\\Pipeline\\Pipeline->Illuminate\\Pipeline\\{closure}()
#39 C:\\Users\\r.asadullin\\Documents\\Обучения\\обучение PHP Laravel разработчик\\php\\task_manager\\laravel_base\\vendor\\laravel\\framework\\src\\Illuminate\\Foundation\\Http\\Middleware\\TrimStrings.php(40): Illuminate\\Foundation\\Http\\Middleware\\TransformsRequest->handle()
#40 C:\\Users\\r.asadullin\\Documents\\Обучения\\обучение PHP Laravel разработчик\\php\\task_manager\\laravel_base\\vendor\\laravel\\framework\\src\\Illuminate\\Pipeline\\Pipeline.php(183): Illuminate\\Foundation\\Http\\Middleware\\TrimStrings->handle()
#41 C:\\Users\\r.asadullin\\Documents\\Обучения\\обучение PHP Laravel разработчик\\php\\task_manager\\laravel_base\\vendor\\laravel\\framework\\src\\Illuminate\\Foundation\\Http\\Middleware\\ValidatePostSize.php(27): Illuminate\\Pipeline\\Pipeline->Illuminate\\Pipeline\\{closure}()
#42 C:\\Users\\r.asadullin\\Documents\\Обучения\\обучение PHP Laravel разработчик\\php\\task_manager\\laravel_base\\vendor\\laravel\\framework\\src\\Illuminate\\Pipeline\\Pipeline.php(183): Illuminate\\Foundation\\Http\\Middleware\\ValidatePostSize->handle()
#43 C:\\Users\\r.asadullin\\Documents\\Обучения\\обучение PHP Laravel разработчик\\php\\task_manager\\laravel_base\\vendor\\laravel\\framework\\src\\Illuminate\\Foundation\\Http\\Middleware\\PreventRequestsDuringMaintenance.php(99): Illuminate\\Pipeline\\Pipeline->Illuminate\\Pipeline\\{closure}()
#44 C:\\Users\\r.asadullin\\Documents\\Обучения\\обучение PHP Laravel разработчик\\php\\task_manager\\laravel_base\\vendor\\laravel\\framework\\src\\Illuminate\\Pipeline\\Pipeline.php(183): Illuminate\\Foundation\\Http\\Middleware\\PreventRequestsDuringMaintenance->handle()
#45 C:\\Users\\r.asadullin\\Documents\\Обучения\\обучение PHP Laravel разработчик\\php\\task_manager\\laravel_base\\vendor\\laravel\\framework\\src\\Illuminate\\Http\\Middleware\\HandleCors.php(49): Illuminate\\Pipeline\\Pipeline->Illuminate\\Pipeline\\{closure}()
#46 C:\\Users\\r.asadullin\\Documents\\Обучения\\обучение PHP Laravel разработчик\\php\\task_manager\\laravel_base\\vendor\\laravel\\framework\\src\\Illuminate\\Pipeline\\Pipeline.php(183): Illuminate\\Http\\Middleware\\HandleCors->handle()
#47 C:\\Users\\r.asadullin\\Documents\\Обучения\\обучение PHP Laravel разработчик\\php\\task_manager\\laravel_base\\vendor\\laravel\\framework\\src\\Illuminate\\Http\\Middleware\\TrustProxies.php(39): Illuminate\\Pipeline\\Pipeline->Illuminate\\Pipeline\\{closure}()
#48 C:\\Users\\r.asadullin\\Documents\\Обучения\\обучение PHP Laravel разработчик\\php\\task_manager\\laravel_base\\vendor\\laravel\\framework\\src\\Illuminate\\Pipeline\\Pipeline.php(183): Illuminate\\Http\\Middleware\\TrustProxies->handle()
#49 C:\\Users\\r.asadullin\\Documents\\Обучения\\обучение PHP Laravel разработчик\\php\\task_manager\\laravel_base\\vendor\\laravel\\framework\\src\\Illuminate\\Pipeline\\Pipeline.php(119): Illuminate\\Pipeline\\Pipeline->Illuminate\\Pipeline\\{closure}()
#50 C:\\Users\\r.asadullin\\Documents\\Обучения\\обучение PHP Laravel разработчик\\php\\task_manager\\laravel_base\\vendor\\laravel\\framework\\src\\Illuminate\\Foundation\\Http\\Kernel.php(175): Illuminate\\Pipeline\\Pipeline->then()
#51 C:\\Users\\r.asadullin\\Documents\\Обучения\\обучение PHP Laravel разработчик\\php\\task_manager\\laravel_base\\vendor\\laravel\\framework\\src\\Illuminate\\Foundation\\Http\\Kernel.php(144): Illuminate\\Foundation\\Http\\Kernel->sendRequestThroughRouter()
#52 C:\\Users\\r.asadullin\\Documents\\Обучения\\обучение PHP Laravel разработчик\\php\\task_manager\\laravel_base\\public\\index.php(51): Illuminate\\Foundation\\Http\\Kernel->handle()
#53 C:\\Users\\r.asadullin\\Documents\\Обучения\\обучение PHP Laravel разработчик\\php\\task_manager\\laravel_base\\vendor\\laravel\\framework\\src\\Illuminate\\Foundation\\resources\\server.php(16): require_once('C:\\\\Users\\\\r.asad...')
#54 {main}
"} 
[2024-10-22 21:00:50] local.ERROR: Missing required parameter for [Route: tasks.update] [URI: tasks/update/{task}] [Missing parameter: task]. {"view":{"view":"C:\\Users\\r.asadullin\\Documents\\Обучения\\обучение PHP Laravel разработчик\\php\\task_manager\\laravel_base\\resources\\views\\tasks\\edit.blade.php","data":[]},"exception":"[object] (Spatie\\LaravelIgnition\\Exceptions\\ViewException(code: 0): Missing required parameter for [Route: tasks.update] [URI: tasks/update/{task}] [Missing parameter: task]. at C:\\Users\\r.asadullin\\Documents\\Обучения\\обучение PHP Laravel разработчик\\php\\task_manager\\laravel_base\\vendor\\laravel\\framework\\src\\Illuminate\\Routing\\Exceptions\\UrlGenerationException.php:35)
[stacktrace]
#0 C:\\Users\\r.asadullin\\Documents\\Обучения\\обучение PHP Laravel разработчик\\php\\task_manager\\laravel_base\\vendor\\laravel\\framework\\src\\Illuminate\\Routing\\RouteUrlGenerator.php(90): Illuminate\\Routing\\Exceptions\\UrlGenerationException::forMissingParameters()
#1 C:\\Users\\r.asadullin\\Documents\\Обучения\\обучение PHP Laravel разработчик\\php\\task_manager\\laravel_base\\vendor\\laravel\\framework\\src\\Illuminate\\Routing\\UrlGenerator.php(500): Illuminate\\Routing\\RouteUrlGenerator->to()
#2 C:\\Users\\r.asadullin\\Documents\\Обучения\\обучение PHP Laravel разработчик\\php\\task_manager\\laravel_base\\vendor\\laravel\\framework\\src\\Illuminate\\Routing\\UrlGenerator.php(469): Illuminate\\Routing\\UrlGenerator->toRoute()
#3 C:\\Users\\r.asadullin\\Documents\\Обучения\\обучение PHP Laravel разработчик\\php\\task_manager\\laravel_base\\vendor\\laravel\\framework\\src\\Illuminate\\Foundation\\helpers.php(811): Illuminate\\Routing\\UrlGenerator->route()
#4 C:\\Users\\r.asadullin\\Documents\\Обучения\\обучение PHP Laravel разработчик\\php\\task_manager\\laravel_base\\resources\\views\\tasks\\edit.blade.php(12): route()
#5 C:\\Users\\r.asadullin\\Documents\\Обучения\\обучение PHP Laravel разработчик\\php\\task_manager\\laravel_base\\vendor\\laravel\\framework\\src\\Illuminate\\Filesystem\\Filesystem.php(123): require('C:\\\\Users\\\\r.asad...')
#6 C:\\Users\\r.asadullin\\Documents\\Обучения\\обучение PHP Laravel разработчик\\php\\task_manager\\laravel_base\\vendor\\laravel\\framework\\src\\Illuminate\\Filesystem\\Filesystem.php(124): Illuminate\\Filesystem\\Filesystem::Illuminate\\Filesystem\\{closure}()
#7 C:\\Users\\r.asadullin\\Documents\\Обучения\\обучение PHP Laravel разработчик\\php\\task_manager\\laravel_base\\vendor\\laravel\\framework\\src\\Illuminate\\View\\Engines\\PhpEngine.php(58): Illuminate\\Filesystem\\Filesystem->getRequire()
#8 C:\\Users\\r.asadullin\\Documents\\Обучения\\обучение PHP Laravel разработчик\\php\\task_manager\\laravel_base\\vendor\\laravel\\framework\\src\\Illuminate\\View\\Engines\\CompilerEngine.php(72): Illuminate\\View\\Engines\\PhpEngine->evaluatePath()
#9 C:\\Users\\r.asadullin\\Documents\\Обучения\\обучение PHP Laravel разработчик\\php\\task_manager\\laravel_base\\vendor\\laravel\\framework\\src\\Illuminate\\View\\View.php(207): Illuminate\\View\\Engines\\CompilerEngine->get()
#10 C:\\Users\\r.asadullin\\Documents\\Обучения\\обучение PHP Laravel разработчик\\php\\task_manager\\laravel_base\\vendor\\laravel\\framework\\src\\Illuminate\\View\\View.php(190): Illuminate\\View\\View->getContents()
#11 C:\\Users\\r.asadullin\\Documents\\Обучения\\обучение PHP Laravel разработчик\\php\\task_manager\\laravel_base\\vendor\\laravel\\framework\\src\\Illuminate\\View\\View.php(159): Illuminate\\View\\View->renderContents()
#12 C:\\Users\\r.asadullin\\Documents\\Обучения\\обучение PHP Laravel разработчик\\php\\task_manager\\laravel_base\\vendor\\laravel\\framework\\src\\Illuminate\\Http\\Response.php(69): Illuminate\\View\\View->render()
#13 C:\\Users\\r.asadullin\\Documents\\Обучения\\обучение PHP Laravel разработчик\\php\\task_manager\\laravel_base\\vendor\\laravel\\framework\\src\\Illuminate\\Http\\Response.php(35): Illuminate\\Http\\Response->setContent()
#14 C:\\Users\\r.asadullin\\Documents\\Обучения\\обучение PHP Laravel разработчик\\php\\task_manager\\laravel_base\\vendor\\laravel\\framework\\src\\Illuminate\\Routing\\Router.php(918): Illuminate\\Http\\Response->__construct()
#15 C:\\Users\\r.asadullin\\Documents\\Обучения\\обучение PHP Laravel разработчик\\php\\task_manager\\laravel_base\\vendor\\laravel\\framework\\src\\Illuminate\\Routing\\Router.php(885): Illuminate\\Routing\\Router::toResponse()
#16 C:\\Users\\r.asadullin\\Documents\\Обучения\\обучение PHP Laravel разработчик\\php\\task_manager\\laravel_base\\vendor\\laravel\\framework\\src\\Illuminate\\Routing\\Router.php(805): Illuminate\\Routing\\Router->prepareResponse()
#17 C:\\Users\\r.asadullin\\Documents\\Обучения\\обучение PHP Laravel разработчик\\php\\task_manager\\laravel_base\\vendor\\laravel\\framework\\src\\Illuminate\\Pipeline\\Pipeline.php(144): Illuminate\\Routing\\Router->Illuminate\\Routing\\{closure}()
#18 C:\\Users\\r.asadullin\\Documents\\Обучения\\обучение PHP Laravel разработчик\\php\\task_manager\\laravel_base\\vendor\\laravel\\framework\\src\\Illuminate\\Routing\\Middleware\\SubstituteBindings.php(50): Illuminate\\Pipeline\\Pipeline->Illuminate\\Pipeline\\{closure}()
#19 C:\\Users\\r.asadullin\\Documents\\Обучения\\обучение PHP Laravel разработчик\\php\\task_manager\\laravel_base\\vendor\\laravel\\framework\\src\\Illuminate\\Pipeline\\Pipeline.php(183): Illuminate\\Routing\\Middleware\\SubstituteBindings->handle()
#20 C:\\Users\\r.asadullin\\Documents\\Обучения\\обучение PHP Laravel разработчик\\php\\task_manager\\laravel_base\\vendor\\laravel\\framework\\src\\Illuminate\\Foundation\\Http\\Middleware\\VerifyCsrfToken.php(78): Illuminate\\Pipeline\\Pipeline->Illuminate\\Pipeline\\{closure}()
#21 C:\\Users\\r.asadullin\\Documents\\Обучения\\обучение PHP Laravel разработчик\\php\\task_manager\\laravel_base\\vendor\\laravel\\framework\\src\\Illuminate\\Pipeline\\Pipeline.php(183): Illuminate\\Foundation\\Http\\Middleware\\VerifyCsrfToken->handle()
#22 C:\\Users\\r.asadullin\\Documents\\Обучения\\обучение PHP Laravel разработчик\\php\\task_manager\\laravel_base\\vendor\\laravel\\framework\\src\\Illuminate\\View\\Middleware\\ShareErrorsFromSession.php(49): Illuminate\\Pipeline\\Pipeline->Illuminate\\Pipeline\\{closure}()
#23 C:\\Users\\r.asadullin\\Documents\\Обучения\\обучение PHP Laravel разработчик\\php\\task_manager\\laravel_base\\vendor\\laravel\\framework\\src\\Illuminate\\Pipeline\\Pipeline.php(183): Illuminate\\View\\Middleware\\ShareErrorsFromSession->handle()
#24 C:\\Users\\r.asadullin\\Documents\\Обучения\\обучение PHP Laravel разработчик\\php\\task_manager\\laravel_base\\vendor\\laravel\\framework\\src\\Illuminate\\Session\\Middleware\\StartSession.php(121): Illuminate\\Pipeline\\Pipeline->Illuminate\\Pipeline\\{closure}()
#25 C:\\Users\\r.asadullin\\Documents\\Обучения\\обучение PHP Laravel разработчик\\php\\task_manager\\laravel_base\\vendor\\laravel\\framework\\src\\Illuminate\\Session\\Middleware\\StartSession.php(64): Illuminate\\Session\\Middleware\\StartSession->handleStatefulRequest()
#26 C:\\Users\\r.asadullin\\Documents\\Обучения\\обучение PHP Laravel разработчик\\php\\task_manager\\laravel_base\\vendor\\laravel\\framework\\src\\Illuminate\\Pipeline\\Pipeline.php(183): Illuminate\\Session\\Middleware\\StartSession->handle()
#27 C:\\Users\\r.asadullin\\Documents\\Обучения\\обучение PHP Laravel разработчик\\php\\task_manager\\laravel_base\\vendor\\laravel\\framework\\src\\Illuminate\\Cookie\\Middleware\\AddQueuedCookiesToResponse.php(37): Illuminate\\Pipeline\\Pipeline->Illuminate\\Pipeline\\{closure}()
#28 C:\\Users\\r.asadullin\\Documents\\Обучения\\обучение PHP Laravel разработчик\\php\\task_manager\\laravel_base\\vendor\\laravel\\framework\\src\\Illuminate\\Pipeline\\Pipeline.php(183): Illuminate\\Cookie\\Middleware\\AddQueuedCookiesToResponse->handle()
#29 C:\\Users\\r.asadullin\\Documents\\Обучения\\обучение PHP Laravel разработчик\\php\\task_manager\\laravel_base\\vendor\\laravel\\framework\\src\\Illuminate\\Cookie\\Middleware\\EncryptCookies.php(67): Illuminate\\Pipeline\\Pipeline->Illuminate\\Pipeline\\{closure}()
#30 C:\\Users\\r.asadullin\\Documents\\Обучения\\обучение PHP Laravel разработчик\\php\\task_manager\\laravel_base\\vendor\\laravel\\framework\\src\\Illuminate\\Pipeline\\Pipeline.php(183): Illuminate\\Cookie\\Middleware\\EncryptCookies->handle()
#31 C:\\Users\\r.asadullin\\Documents\\Обучения\\обучение PHP Laravel разработчик\\php\\task_manager\\laravel_base\\vendor\\laravel\\framework\\src\\Illuminate\\Pipeline\\Pipeline.php(119): Illuminate\\Pipeline\\Pipeline->Illuminate\\Pipeline\\{closure}()
#32 C:\\Users\\r.asadullin\\Documents\\Обучения\\обучение PHP Laravel разработчик\\php\\task_manager\\laravel_base\\vendor\\laravel\\framework\\src\\Illuminate\\Routing\\Router.php(805): Illuminate\\Pipeline\\Pipeline->then()
#33 C:\\Users\\r.asadullin\\Documents\\Обучения\\обучение PHP Laravel разработчик\\php\\task_manager\\laravel_base\\vendor\\laravel\\framework\\src\\Illuminate\\Routing\\Router.php(784): Illuminate\\Routing\\Router->runRouteWithinStack()
#34 C:\\Users\\r.asadullin\\Documents\\Обучения\\обучение PHP Laravel разработчик\\php\\task_manager\\laravel_base\\vendor\\laravel\\framework\\src\\Illuminate\\Routing\\Router.php(748): Illuminate\\Routing\\Router->runRoute()
#35 C:\\Users\\r.asadullin\\Documents\\Обучения\\обучение PHP Laravel разработчик\\php\\task_manager\\laravel_base\\vendor\\laravel\\framework\\src\\Illuminate\\Routing\\Router.php(737): Illuminate\\Routing\\Router->dispatchToRoute()
#36 C:\\Users\\r.asadullin\\Documents\\Обучения\\обучение PHP Laravel разработчик\\php\\task_manager\\laravel_base\\vendor\\laravel\\framework\\src\\Illuminate\\Foundation\\Http\\Kernel.php(200): Illuminate\\Routing\\Router->dispatch()
#37 C:\\Users\\r.asadullin\\Documents\\Обучения\\обучение PHP Laravel разработчик\\php\\task_manager\\laravel_base\\vendor\\laravel\\framework\\src\\Illuminate\\Pipeline\\Pipeline.php(144): Illuminate\\Foundation\\Http\\Kernel->Illuminate\\Foundation\\Http\\{closure}()
#38 C:\\Users\\r.asadullin\\Documents\\Обучения\\обучение PHP Laravel разработчик\\php\\task_manager\\laravel_base\\vendor\\laravel\\framework\\src\\Illuminate\\Foundation\\Http\\Middleware\\TransformsRequest.php(21): Illuminate\\Pipeline\\Pipeline->Illuminate\\Pipeline\\{closure}()
#39 C:\\Users\\r.asadullin\\Documents\\Обучения\\обучение PHP Laravel разработчик\\php\\task_manager\\laravel_base\\vendor\\laravel\\framework\\src\\Illuminate\\Foundation\\Http\\Middleware\\ConvertEmptyStringsToNull.php(31): Illuminate\\Foundation\\Http\\Middleware\\TransformsRequest->handle()
#40 C:\\Users\\r.asadullin\\Documents\\Обучения\\обучение PHP Laravel разработчик\\php\\task_manager\\laravel_base\\vendor\\laravel\\framework\\src\\Illuminate\\Pipeline\\Pipeline.php(183): Illuminate\\Foundation\\Http\\Middleware\\ConvertEmptyStringsToNull->handle()
#41 C:\\Users\\r.asadullin\\Documents\\Обучения\\обучение PHP Laravel разработчик\\php\\task_manager\\laravel_base\\vendor\\laravel\\framework\\src\\Illuminate\\Foundation\\Http\\Middleware\\TransformsRequest.php(21): Illuminate\\Pipeline\\Pipeline->Illuminate\\Pipeline\\{closure}()
#42 C:\\Users\\r.asadullin\\Documents\\Обучения\\обучение PHP Laravel разработчик\\php\\task_manager\\laravel_base\\vendor\\laravel\\framework\\src\\Illuminate\\Foundation\\Http\\Middleware\\TrimStrings.php(40): Illuminate\\Foundation\\Http\\Middleware\\TransformsRequest->handle()
#43 C:\\Users\\r.asadullin\\Documents\\Обучения\\обучение PHP Laravel разработчик\\php\\task_manager\\laravel_base\\vendor\\laravel\\framework\\src\\Illuminate\\Pipeline\\Pipeline.php(183): Illuminate\\Foundation\\Http\\Middleware\\TrimStrings->handle()
#44 C:\\Users\\r.asadullin\\Documents\\Обучения\\обучение PHP Laravel разработчик\\php\\task_manager\\laravel_base\\vendor\\laravel\\framework\\src\\Illuminate\\Foundation\\Http\\Middleware\\ValidatePostSize.php(27): Illuminate\\Pipeline\\Pipeline->Illuminate\\Pipeline\\{closure}()
#45 C:\\Users\\r.asadullin\\Documents\\Обучения\\обучение PHP Laravel разработчик\\php\\task_manager\\laravel_base\\vendor\\laravel\\framework\\src\\Illuminate\\Pipeline\\Pipeline.php(183): Illuminate\\Foundation\\Http\\Middleware\\ValidatePostSize->handle()
#46 C:\\Users\\r.asadullin\\Documents\\Обучения\\обучение PHP Laravel разработчик\\php\\task_manager\\laravel_base\\vendor\\laravel\\framework\\src\\Illuminate\\Foundation\\Http\\Middleware\\PreventRequestsDuringMaintenance.php(99): Illuminate\\Pipeline\\Pipeline->Illuminate\\Pipeline\\{closure}()
#47 C:\\Users\\r.asadullin\\Documents\\Обучения\\обучение PHP Laravel разработчик\\php\\task_manager\\laravel_base\\vendor\\laravel\\framework\\src\\Illuminate\\Pipeline\\Pipeline.php(183): Illuminate\\Foundation\\Http\\Middleware\\PreventRequestsDuringMaintenance->handle()
#48 C:\\Users\\r.asadullin\\Documents\\Обучения\\обучение PHP Laravel разработчик\\php\\task_manager\\laravel_base\\vendor\\laravel\\framework\\src\\Illuminate\\Http\\Middleware\\HandleCors.php(49): Illuminate\\Pipeline\\Pipeline->Illuminate\\Pipeline\\{closure}()
#49 C:\\Users\\r.asadullin\\Documents\\Обучения\\обучение PHP Laravel разработчик\\php\\task_manager\\laravel_base\\vendor\\laravel\\framework\\src\\Illuminate\\Pipeline\\Pipeline.php(183): Illuminate\\Http\\Middleware\\HandleCors->handle()
#50 C:\\Users\\r.asadullin\\Documents\\Обучения\\обучение PHP Laravel разработчик\\php\\task_manager\\laravel_base\\vendor\\laravel\\framework\\src\\Illuminate\\Http\\Middleware\\TrustProxies.php(39): Illuminate\\Pipeline\\Pipeline->Illuminate\\Pipeline\\{closure}()
#51 C:\\Users\\r.asadullin\\Documents\\Обучения\\обучение PHP Laravel разработчик\\php\\task_manager\\laravel_base\\vendor\\laravel\\framework\\src\\Illuminate\\Pipeline\\Pipeline.php(183): Illuminate\\Http\\Middleware\\TrustProxies->handle()
#52 C:\\Users\\r.asadullin\\Documents\\Обучения\\обучение PHP Laravel разработчик\\php\\task_manager\\laravel_base\\vendor\\laravel\\framework\\src\\Illuminate\\Pipeline\\Pipeline.php(119): Illuminate\\Pipeline\\Pipeline->Illuminate\\Pipeline\\{closure}()
#53 C:\\Users\\r.asadullin\\Documents\\Обучения\\обучение PHP Laravel разработчик\\php\\task_manager\\laravel_base\\vendor\\laravel\\framework\\src\\Illuminate\\Foundation\\Http\\Kernel.php(175): Illuminate\\Pipeline\\Pipeline->then()
#54 C:\\Users\\r.asadullin\\Documents\\Обучения\\обучение PHP Laravel разработчик\\php\\task_manager\\laravel_base\\vendor\\laravel\\framework\\src\\Illuminate\\Foundation\\Http\\Kernel.php(144): Illuminate\\Foundation\\Http\\Kernel->sendRequestThroughRouter()
#55 C:\\Users\\r.asadullin\\Documents\\Обучения\\обучение PHP Laravel разработчик\\php\\task_manager\\laravel_base\\public\\index.php(51): Illuminate\\Foundation\\Http\\Kernel->handle()
#56 C:\\Users\\r.asadullin\\Documents\\Обучения\\обучение PHP Laravel разработчик\\php\\task_manager\\laravel_base\\vendor\\laravel\\framework\\src\\Illuminate\\Foundation\\resources\\server.php(16): require_once('C:\\\\Users\\\\r.asad...')
#57 {main}

[previous exception] [object] (Illuminate\\Routing\\Exceptions\\UrlGenerationException(code: 0): Missing required parameter for [Route: tasks.update] [URI: tasks/update/{task}] [Missing parameter: task]. at C:\\Users\\r.asadullin\\Documents\\Обучения\\обучение PHP Laravel разработчик\\php\\task_manager\\laravel_base\\vendor\\laravel\\framework\\src\\Illuminate\\Routing\\Exceptions\\UrlGenerationException.php:35)
[stacktrace]
#0 C:\\Users\\r.asadullin\\Documents\\Обучения\\обучение PHP Laravel разработчик\\php\\task_manager\\laravel_base\\vendor\\laravel\\framework\\src\\Illuminate\\Routing\\RouteUrlGenerator.php(90): Illuminate\\Routing\\Exceptions\\UrlGenerationException::forMissingParameters()
#1 C:\\Users\\r.asadullin\\Documents\\Обучения\\обучение PHP Laravel разработчик\\php\\task_manager\\laravel_base\\vendor\\laravel\\framework\\src\\Illuminate\\Routing\\UrlGenerator.php(500): Illuminate\\Routing\\RouteUrlGenerator->to()
#2 C:\\Users\\r.asadullin\\Documents\\Обучения\\обучение PHP Laravel разработчик\\php\\task_manager\\laravel_base\\vendor\\laravel\\framework\\src\\Illuminate\\Routing\\UrlGenerator.php(469): Illuminate\\Routing\\UrlGenerator->toRoute()
#3 C:\\Users\\r.asadullin\\Documents\\Обучения\\обучение PHP Laravel разработчик\\php\\task_manager\\laravel_base\\vendor\\laravel\\framework\\src\\Illuminate\\Foundation\\helpers.php(811): Illuminate\\Routing\\UrlGenerator->route()
#4 C:\\Users\\r.asadullin\\Documents\\Обучения\\обучение PHP Laravel разработчик\\php\\task_manager\\laravel_base\\storage\\framework\\views\\4e2a0f25d167a33863af7897a6dcc107.php(12): route()
#5 C:\\Users\\r.asadullin\\Documents\\Обучения\\обучение PHP Laravel разработчик\\php\\task_manager\\laravel_base\\vendor\\laravel\\framework\\src\\Illuminate\\Filesystem\\Filesystem.php(123): require('C:\\\\Users\\\\r.asad...')
#6 C:\\Users\\r.asadullin\\Documents\\Обучения\\обучение PHP Laravel разработчик\\php\\task_manager\\laravel_base\\vendor\\laravel\\framework\\src\\Illuminate\\Filesystem\\Filesystem.php(124): Illuminate\\Filesystem\\Filesystem::Illuminate\\Filesystem\\{closure}()
#7 C:\\Users\\r.asadullin\\Documents\\Обучения\\обучение PHP Laravel разработчик\\php\\task_manager\\laravel_base\\vendor\\laravel\\framework\\src\\Illuminate\\View\\Engines\\PhpEngine.php(58): Illuminate\\Filesystem\\Filesystem->getRequire()
#8 C:\\Users\\r.asadullin\\Documents\\Обучения\\обучение PHP Laravel разработчик\\php\\task_manager\\laravel_base\\vendor\\laravel\\framework\\src\\Illuminate\\View\\Engines\\CompilerEngine.php(72): Illuminate\\View\\Engines\\PhpEngine->evaluatePath()
#9 C:\\Users\\r.asadullin\\Documents\\Обучения\\обучение PHP Laravel разработчик\\php\\task_manager\\laravel_base\\vendor\\laravel\\framework\\src\\Illuminate\\View\\View.php(207): Illuminate\\View\\Engines\\CompilerEngine->get()
#10 C:\\Users\\r.asadullin\\Documents\\Обучения\\обучение PHP Laravel разработчик\\php\\task_manager\\laravel_base\\vendor\\laravel\\framework\\src\\Illuminate\\View\\View.php(190): Illuminate\\View\\View->getContents()
#11 C:\\Users\\r.asadullin\\Documents\\Обучения\\обучение PHP Laravel разработчик\\php\\task_manager\\laravel_base\\vendor\\laravel\\framework\\src\\Illuminate\\View\\View.php(159): Illuminate\\View\\View->renderContents()
#12 C:\\Users\\r.asadullin\\Documents\\Обучения\\обучение PHP Laravel разработчик\\php\\task_manager\\laravel_base\\vendor\\laravel\\framework\\src\\Illuminate\\Http\\Response.php(69): Illuminate\\View\\View->render()
#13 C:\\Users\\r.asadullin\\Documents\\Обучения\\обучение PHP Laravel разработчик\\php\\task_manager\\laravel_base\\vendor\\laravel\\framework\\src\\Illuminate\\Http\\Response.php(35): Illuminate\\Http\\Response->setContent()
#14 C:\\Users\\r.asadullin\\Documents\\Обучения\\обучение PHP Laravel разработчик\\php\\task_manager\\laravel_base\\vendor\\laravel\\framework\\src\\Illuminate\\Routing\\Router.php(918): Illuminate\\Http\\Response->__construct()
#15 C:\\Users\\r.asadullin\\Documents\\Обучения\\обучение PHP Laravel разработчик\\php\\task_manager\\laravel_base\\vendor\\laravel\\framework\\src\\Illuminate\\Routing\\Router.php(885): Illuminate\\Routing\\Router::toResponse()
#16 C:\\Users\\r.asadullin\\Documents\\Обучения\\обучение PHP Laravel разработчик\\php\\task_manager\\laravel_base\\vendor\\laravel\\framework\\src\\Illuminate\\Routing\\Router.php(805): Illuminate\\Routing\\Router->prepareResponse()
#17 C:\\Users\\r.asadullin\\Documents\\Обучения\\обучение PHP Laravel разработчик\\php\\task_manager\\laravel_base\\vendor\\laravel\\framework\\src\\Illuminate\\Pipeline\\Pipeline.php(144): Illuminate\\Routing\\Router->Illuminate\\Routing\\{closure}()
#18 C:\\Users\\r.asadullin\\Documents\\Обучения\\обучение PHP Laravel разработчик\\php\\task_manager\\laravel_base\\vendor\\laravel\\framework\\src\\Illuminate\\Routing\\Middleware\\SubstituteBindings.php(50): Illuminate\\Pipeline\\Pipeline->Illuminate\\Pipeline\\{closure}()
#19 C:\\Users\\r.asadullin\\Documents\\Обучения\\обучение PHP Laravel разработчик\\php\\task_manager\\laravel_base\\vendor\\laravel\\framework\\src\\Illuminate\\Pipeline\\Pipeline.php(183): Illuminate\\Routing\\Middleware\\SubstituteBindings->handle()
#20 C:\\Users\\r.asadullin\\Documents\\Обучения\\обучение PHP Laravel разработчик\\php\\task_manager\\laravel_base\\vendor\\laravel\\framework\\src\\Illuminate\\Foundation\\Http\\Middleware\\VerifyCsrfToken.php(78): Illuminate\\Pipeline\\Pipeline->Illuminate\\Pipeline\\{closure}()
#21 C:\\Users\\r.asadullin\\Documents\\Обучения\\обучение PHP Laravel разработчик\\php\\task_manager\\laravel_base\\vendor\\laravel\\framework\\src\\Illuminate\\Pipeline\\Pipeline.php(183): Illuminate\\Foundation\\Http\\Middleware\\VerifyCsrfToken->handle()
#22 C:\\Users\\r.asadullin\\Documents\\Обучения\\обучение PHP Laravel разработчик\\php\\task_manager\\laravel_base\\vendor\\laravel\\framework\\src\\Illuminate\\View\\Middleware\\ShareErrorsFromSession.php(49): Illuminate\\Pipeline\\Pipeline->Illuminate\\Pipeline\\{closure}()
#23 C:\\Users\\r.asadullin\\Documents\\Обучения\\обучение PHP Laravel разработчик\\php\\task_manager\\laravel_base\\vendor\\laravel\\framework\\src\\Illuminate\\Pipeline\\Pipeline.php(183): Illuminate\\View\\Middleware\\ShareErrorsFromSession->handle()
#24 C:\\Users\\r.asadullin\\Documents\\Обучения\\обучение PHP Laravel разработчик\\php\\task_manager\\laravel_base\\vendor\\laravel\\framework\\src\\Illuminate\\Session\\Middleware\\StartSession.php(121): Illuminate\\Pipeline\\Pipeline->Illuminate\\Pipeline\\{closure}()
#25 C:\\Users\\r.asadullin\\Documents\\Обучения\\обучение PHP Laravel разработчик\\php\\task_manager\\laravel_base\\vendor\\laravel\\framework\\src\\Illuminate\\Session\\Middleware\\StartSession.php(64): Illuminate\\Session\\Middleware\\StartSession->handleStatefulRequest()
#26 C:\\Users\\r.asadullin\\Documents\\Обучения\\обучение PHP Laravel разработчик\\php\\task_manager\\laravel_base\\vendor\\laravel\\framework\\src\\Illuminate\\Pipeline\\Pipeline.php(183): Illuminate\\Session\\Middleware\\StartSession->handle()
#27 C:\\Users\\r.asadullin\\Documents\\Обучения\\обучение PHP Laravel разработчик\\php\\task_manager\\laravel_base\\vendor\\laravel\\framework\\src\\Illuminate\\Cookie\\Middleware\\AddQueuedCookiesToResponse.php(37): Illuminate\\Pipeline\\Pipeline->Illuminate\\Pipeline\\{closure}()
#28 C:\\Users\\r.asadullin\\Documents\\Обучения\\обучение PHP Laravel разработчик\\php\\task_manager\\laravel_base\\vendor\\laravel\\framework\\src\\Illuminate\\Pipeline\\Pipeline.php(183): Illuminate\\Cookie\\Middleware\\AddQueuedCookiesToResponse->handle()
#29 C:\\Users\\r.asadullin\\Documents\\Обучения\\обучение PHP Laravel разработчик\\php\\task_manager\\laravel_base\\vendor\\laravel\\framework\\src\\Illuminate\\Cookie\\Middleware\\EncryptCookies.php(67): Illuminate\\Pipeline\\Pipeline->Illuminate\\Pipeline\\{closure}()
#30 C:\\Users\\r.asadullin\\Documents\\Обучения\\обучение PHP Laravel разработчик\\php\\task_manager\\laravel_base\\vendor\\laravel\\framework\\src\\Illuminate\\Pipeline\\Pipeline.php(183): Illuminate\\Cookie\\Middleware\\EncryptCookies->handle()
#31 C:\\Users\\r.asadullin\\Documents\\Обучения\\обучение PHP Laravel разработчик\\php\\task_manager\\laravel_base\\vendor\\laravel\\framework\\src\\Illuminate\\Pipeline\\Pipeline.php(119): Illuminate\\Pipeline\\Pipeline->Illuminate\\Pipeline\\{closure}()
#32 C:\\Users\\r.asadullin\\Documents\\Обучения\\обучение PHP Laravel разработчик\\php\\task_manager\\laravel_base\\vendor\\laravel\\framework\\src\\Illuminate\\Routing\\Router.php(805): Illuminate\\Pipeline\\Pipeline->then()
#33 C:\\Users\\r.asadullin\\Documents\\Обучения\\обучение PHP Laravel разработчик\\php\\task_manager\\laravel_base\\vendor\\laravel\\framework\\src\\Illuminate\\Routing\\Router.php(784): Illuminate\\Routing\\Router->runRouteWithinStack()
#34 C:\\Users\\r.asadullin\\Documents\\Обучения\\обучение PHP Laravel разработчик\\php\\task_manager\\laravel_base\\vendor\\laravel\\framework\\src\\Illuminate\\Routing\\Router.php(748): Illuminate\\Routing\\Router->runRoute()
#35 C:\\Users\\r.asadullin\\Documents\\Обучения\\обучение PHP Laravel разработчик\\php\\task_manager\\laravel_base\\vendor\\laravel\\framework\\src\\Illuminate\\Routing\\Router.php(737): Illuminate\\Routing\\Router->dispatchToRoute()
#36 C:\\Users\\r.asadullin\\Documents\\Обучения\\обучение PHP Laravel разработчик\\php\\task_manager\\laravel_base\\vendor\\laravel\\framework\\src\\Illuminate\\Foundation\\Http\\Kernel.php(200): Illuminate\\Routing\\Router->dispatch()
#37 C:\\Users\\r.asadullin\\Documents\\Обучения\\обучение PHP Laravel разработчик\\php\\task_manager\\laravel_base\\vendor\\laravel\\framework\\src\\Illuminate\\Pipeline\\Pipeline.php(144): Illuminate\\Foundation\\Http\\Kernel->Illuminate\\Foundation\\Http\\{closure}()
#38 C:\\Users\\r.asadullin\\Documents\\Обучения\\обучение PHP Laravel разработчик\\php\\task_manager\\laravel_base\\vendor\\laravel\\framework\\src\\Illuminate\\Foundation\\Http\\Middleware\\TransformsRequest.php(21): Illuminate\\Pipeline\\Pipeline->Illuminate\\Pipeline\\{closure}()
#39 C:\\Users\\r.asadullin\\Documents\\Обучения\\обучение PHP Laravel разработчик\\php\\task_manager\\laravel_base\\vendor\\laravel\\framework\\src\\Illuminate\\Foundation\\Http\\Middleware\\ConvertEmptyStringsToNull.php(31): Illuminate\\Foundation\\Http\\Middleware\\TransformsRequest->handle()
#40 C:\\Users\\r.asadullin\\Documents\\Обучения\\обучение PHP Laravel разработчик\\php\\task_manager\\laravel_base\\vendor\\laravel\\framework\\src\\Illuminate\\Pipeline\\Pipeline.php(183): Illuminate\\Foundation\\Http\\Middleware\\ConvertEmptyStringsToNull->handle()
#41 C:\\Users\\r.asadullin\\Documents\\Обучения\\обучение PHP Laravel разработчик\\php\\task_manager\\laravel_base\\vendor\\laravel\\framework\\src\\Illuminate\\Foundation\\Http\\Middleware\\TransformsRequest.php(21): Illuminate\\Pipeline\\Pipeline->Illuminate\\Pipeline\\{closure}()
#42 C:\\Users\\r.asadullin\\Documents\\Обучения\\обучение PHP Laravel разработчик\\php\\task_manager\\laravel_base\\vendor\\laravel\\framework\\src\\Illuminate\\Foundation\\Http\\Middleware\\TrimStrings.php(40): Illuminate\\Foundation\\Http\\Middleware\\TransformsRequest->handle()
#43 C:\\Users\\r.asadullin\\Documents\\Обучения\\обучение PHP Laravel разработчик\\php\\task_manager\\laravel_base\\vendor\\laravel\\framework\\src\\Illuminate\\Pipeline\\Pipeline.php(183): Illuminate\\Foundation\\Http\\Middleware\\TrimStrings->handle()
#44 C:\\Users\\r.asadullin\\Documents\\Обучения\\обучение PHP Laravel разработчик\\php\\task_manager\\laravel_base\\vendor\\laravel\\framework\\src\\Illuminate\\Foundation\\Http\\Middleware\\ValidatePostSize.php(27): Illuminate\\Pipeline\\Pipeline->Illuminate\\Pipeline\\{closure}()
#45 C:\\Users\\r.asadullin\\Documents\\Обучения\\обучение PHP Laravel разработчик\\php\\task_manager\\laravel_base\\vendor\\laravel\\framework\\src\\Illuminate\\Pipeline\\Pipeline.php(183): Illuminate\\Foundation\\Http\\Middleware\\ValidatePostSize->handle()
#46 C:\\Users\\r.asadullin\\Documents\\Обучения\\обучение PHP Laravel разработчик\\php\\task_manager\\laravel_base\\vendor\\laravel\\framework\\src\\Illuminate\\Foundation\\Http\\Middleware\\PreventRequestsDuringMaintenance.php(99): Illuminate\\Pipeline\\Pipeline->Illuminate\\Pipeline\\{closure}()
#47 C:\\Users\\r.asadullin\\Documents\\Обучения\\обучение PHP Laravel разработчик\\php\\task_manager\\laravel_base\\vendor\\laravel\\framework\\src\\Illuminate\\Pipeline\\Pipeline.php(183): Illuminate\\Foundation\\Http\\Middleware\\PreventRequestsDuringMaintenance->handle()
#48 C:\\Users\\r.asadullin\\Documents\\Обучения\\обучение PHP Laravel разработчик\\php\\task_manager\\laravel_base\\vendor\\laravel\\framework\\src\\Illuminate\\Http\\Middleware\\HandleCors.php(49): Illuminate\\Pipeline\\Pipeline->Illuminate\\Pipeline\\{closure}()
#49 C:\\Users\\r.asadullin\\Documents\\Обучения\\обучение PHP Laravel разработчик\\php\\task_manager\\laravel_base\\vendor\\laravel\\framework\\src\\Illuminate\\Pipeline\\Pipeline.php(183): Illuminate\\Http\\Middleware\\HandleCors->handle()
#50 C:\\Users\\r.asadullin\\Documents\\Обучения\\обучение PHP Laravel разработчик\\php\\task_manager\\laravel_base\\vendor\\laravel\\framework\\src\\Illuminate\\Http\\Middleware\\TrustProxies.php(39): Illuminate\\Pipeline\\Pipeline->Illuminate\\Pipeline\\{closure}()
#51 C:\\Users\\r.asadullin\\Documents\\Обучения\\обучение PHP Laravel разработчик\\php\\task_manager\\laravel_base\\vendor\\laravel\\framework\\src\\Illuminate\\Pipeline\\Pipeline.php(183): Illuminate\\Http\\Middleware\\TrustProxies->handle()
#52 C:\\Users\\r.asadullin\\Documents\\Обучения\\обучение PHP Laravel разработчик\\php\\task_manager\\laravel_base\\vendor\\laravel\\framework\\src\\Illuminate\\Pipeline\\Pipeline.php(119): Illuminate\\Pipeline\\Pipeline->Illuminate\\Pipeline\\{closure}()
#53 C:\\Users\\r.asadullin\\Documents\\Обучения\\обучение PHP Laravel разработчик\\php\\task_manager\\laravel_base\\vendor\\laravel\\framework\\src\\Illuminate\\Foundation\\Http\\Kernel.php(175): Illuminate\\Pipeline\\Pipeline->then()
#54 C:\\Users\\r.asadullin\\Documents\\Обучения\\обучение PHP Laravel разработчик\\php\\task_manager\\laravel_base\\vendor\\laravel\\framework\\src\\Illuminate\\Foundation\\Http\\Kernel.php(144): Illuminate\\Foundation\\Http\\Kernel->sendRequestThroughRouter()
#55 C:\\Users\\r.asadullin\\Documents\\Обучения\\обучение PHP Laravel разработчик\\php\\task_manager\\laravel_base\\public\\index.php(51): Illuminate\\Foundation\\Http\\Kernel->handle()
#56 C:\\Users\\r.asadullin\\Documents\\Обучения\\обучение PHP Laravel разработчик\\php\\task_manager\\laravel_base\\vendor\\laravel\\framework\\src\\Illuminate\\Foundation\\resources\\server.php(16): require_once('C:\\\\Users\\\\r.asad...')
#57 {main}
"} 
[2024-10-22 21:01:21] local.ERROR: Missing required parameter for [Route: tasks.update] [URI: tasks/update/{task}] [Missing parameter: task]. {"view":{"view":"C:\\Users\\r.asadullin\\Documents\\Обучения\\обучение PHP Laravel разработчик\\php\\task_manager\\laravel_base\\resources\\views\\tasks\\edit.blade.php","data":[]},"exception":"[object] (Spatie\\LaravelIgnition\\Exceptions\\ViewException(code: 0): Missing required parameter for [Route: tasks.update] [URI: tasks/update/{task}] [Missing parameter: task]. at C:\\Users\\r.asadullin\\Documents\\Обучения\\обучение PHP Laravel разработчик\\php\\task_manager\\laravel_base\\vendor\\laravel\\framework\\src\\Illuminate\\Routing\\Exceptions\\UrlGenerationException.php:35)
[stacktrace]
#0 C:\\Users\\r.asadullin\\Documents\\Обучения\\обучение PHP Laravel разработчик\\php\\task_manager\\laravel_base\\vendor\\laravel\\framework\\src\\Illuminate\\Routing\\RouteUrlGenerator.php(90): Illuminate\\Routing\\Exceptions\\UrlGenerationException::forMissingParameters()
#1 C:\\Users\\r.asadullin\\Documents\\Обучения\\обучение PHP Laravel разработчик\\php\\task_manager\\laravel_base\\vendor\\laravel\\framework\\src\\Illuminate\\Routing\\UrlGenerator.php(500): Illuminate\\Routing\\RouteUrlGenerator->to()
#2 C:\\Users\\r.asadullin\\Documents\\Обучения\\обучение PHP Laravel разработчик\\php\\task_manager\\laravel_base\\vendor\\laravel\\framework\\src\\Illuminate\\Routing\\UrlGenerator.php(469): Illuminate\\Routing\\UrlGenerator->toRoute()
#3 C:\\Users\\r.asadullin\\Documents\\Обучения\\обучение PHP Laravel разработчик\\php\\task_manager\\laravel_base\\vendor\\laravel\\framework\\src\\Illuminate\\Foundation\\helpers.php(811): Illuminate\\Routing\\UrlGenerator->route()
#4 C:\\Users\\r.asadullin\\Documents\\Обучения\\обучение PHP Laravel разработчик\\php\\task_manager\\laravel_base\\resources\\views\\tasks\\edit.blade.php(12): route()
#5 C:\\Users\\r.asadullin\\Documents\\Обучения\\обучение PHP Laravel разработчик\\php\\task_manager\\laravel_base\\vendor\\laravel\\framework\\src\\Illuminate\\Filesystem\\Filesystem.php(123): require('C:\\\\Users\\\\r.asad...')
#6 C:\\Users\\r.asadullin\\Documents\\Обучения\\обучение PHP Laravel разработчик\\php\\task_manager\\laravel_base\\vendor\\laravel\\framework\\src\\Illuminate\\Filesystem\\Filesystem.php(124): Illuminate\\Filesystem\\Filesystem::Illuminate\\Filesystem\\{closure}()
#7 C:\\Users\\r.asadullin\\Documents\\Обучения\\обучение PHP Laravel разработчик\\php\\task_manager\\laravel_base\\vendor\\laravel\\framework\\src\\Illuminate\\View\\Engines\\PhpEngine.php(58): Illuminate\\Filesystem\\Filesystem->getRequire()
#8 C:\\Users\\r.asadullin\\Documents\\Обучения\\обучение PHP Laravel разработчик\\php\\task_manager\\laravel_base\\vendor\\laravel\\framework\\src\\Illuminate\\View\\Engines\\CompilerEngine.php(72): Illuminate\\View\\Engines\\PhpEngine->evaluatePath()
#9 C:\\Users\\r.asadullin\\Documents\\Обучения\\обучение PHP Laravel разработчик\\php\\task_manager\\laravel_base\\vendor\\laravel\\framework\\src\\Illuminate\\View\\View.php(207): Illuminate\\View\\Engines\\CompilerEngine->get()
#10 C:\\Users\\r.asadullin\\Documents\\Обучения\\обучение PHP Laravel разработчик\\php\\task_manager\\laravel_base\\vendor\\laravel\\framework\\src\\Illuminate\\View\\View.php(190): Illuminate\\View\\View->getContents()
#11 C:\\Users\\r.asadullin\\Documents\\Обучения\\обучение PHP Laravel разработчик\\php\\task_manager\\laravel_base\\vendor\\laravel\\framework\\src\\Illuminate\\View\\View.php(159): Illuminate\\View\\View->renderContents()
#12 C:\\Users\\r.asadullin\\Documents\\Обучения\\обучение PHP Laravel разработчик\\php\\task_manager\\laravel_base\\vendor\\laravel\\framework\\src\\Illuminate\\Http\\Response.php(69): Illuminate\\View\\View->render()
#13 C:\\Users\\r.asadullin\\Documents\\Обучения\\обучение PHP Laravel разработчик\\php\\task_manager\\laravel_base\\vendor\\laravel\\framework\\src\\Illuminate\\Http\\Response.php(35): Illuminate\\Http\\Response->setContent()
#14 C:\\Users\\r.asadullin\\Documents\\Обучения\\обучение PHP Laravel разработчик\\php\\task_manager\\laravel_base\\vendor\\laravel\\framework\\src\\Illuminate\\Routing\\Router.php(918): Illuminate\\Http\\Response->__construct()
#15 C:\\Users\\r.asadullin\\Documents\\Обучения\\обучение PHP Laravel разработчик\\php\\task_manager\\laravel_base\\vendor\\laravel\\framework\\src\\Illuminate\\Routing\\Router.php(885): Illuminate\\Routing\\Router::toResponse()
#16 C:\\Users\\r.asadullin\\Documents\\Обучения\\обучение PHP Laravel разработчик\\php\\task_manager\\laravel_base\\vendor\\laravel\\framework\\src\\Illuminate\\Routing\\Router.php(805): Illuminate\\Routing\\Router->prepareResponse()
#17 C:\\Users\\r.asadullin\\Documents\\Обучения\\обучение PHP Laravel разработчик\\php\\task_manager\\laravel_base\\vendor\\laravel\\framework\\src\\Illuminate\\Pipeline\\Pipeline.php(144): Illuminate\\Routing\\Router->Illuminate\\Routing\\{closure}()
#18 C:\\Users\\r.asadullin\\Documents\\Обучения\\обучение PHP Laravel разработчик\\php\\task_manager\\laravel_base\\vendor\\laravel\\framework\\src\\Illuminate\\Routing\\Middleware\\SubstituteBindings.php(50): Illuminate\\Pipeline\\Pipeline->Illuminate\\Pipeline\\{closure}()
#19 C:\\Users\\r.asadullin\\Documents\\Обучения\\обучение PHP Laravel разработчик\\php\\task_manager\\laravel_base\\vendor\\laravel\\framework\\src\\Illuminate\\Pipeline\\Pipeline.php(183): Illuminate\\Routing\\Middleware\\SubstituteBindings->handle()
#20 C:\\Users\\r.asadullin\\Documents\\Обучения\\обучение PHP Laravel разработчик\\php\\task_manager\\laravel_base\\vendor\\laravel\\framework\\src\\Illuminate\\Foundation\\Http\\Middleware\\VerifyCsrfToken.php(78): Illuminate\\Pipeline\\Pipeline->Illuminate\\Pipeline\\{closure}()
#21 C:\\Users\\r.asadullin\\Documents\\Обучения\\обучение PHP Laravel разработчик\\php\\task_manager\\laravel_base\\vendor\\laravel\\framework\\src\\Illuminate\\Pipeline\\Pipeline.php(183): Illuminate\\Foundation\\Http\\Middleware\\VerifyCsrfToken->handle()
#22 C:\\Users\\r.asadullin\\Documents\\Обучения\\обучение PHP Laravel разработчик\\php\\task_manager\\laravel_base\\vendor\\laravel\\framework\\src\\Illuminate\\View\\Middleware\\ShareErrorsFromSession.php(49): Illuminate\\Pipeline\\Pipeline->Illuminate\\Pipeline\\{closure}()
#23 C:\\Users\\r.asadullin\\Documents\\Обучения\\обучение PHP Laravel разработчик\\php\\task_manager\\laravel_base\\vendor\\laravel\\framework\\src\\Illuminate\\Pipeline\\Pipeline.php(183): Illuminate\\View\\Middleware\\ShareErrorsFromSession->handle()
#24 C:\\Users\\r.asadullin\\Documents\\Обучения\\обучение PHP Laravel разработчик\\php\\task_manager\\laravel_base\\vendor\\laravel\\framework\\src\\Illuminate\\Session\\Middleware\\StartSession.php(121): Illuminate\\Pipeline\\Pipeline->Illuminate\\Pipeline\\{closure}()
#25 C:\\Users\\r.asadullin\\Documents\\Обучения\\обучение PHP Laravel разработчик\\php\\task_manager\\laravel_base\\vendor\\laravel\\framework\\src\\Illuminate\\Session\\Middleware\\StartSession.php(64): Illuminate\\Session\\Middleware\\StartSession->handleStatefulRequest()
#26 C:\\Users\\r.asadullin\\Documents\\Обучения\\обучение PHP Laravel разработчик\\php\\task_manager\\laravel_base\\vendor\\laravel\\framework\\src\\Illuminate\\Pipeline\\Pipeline.php(183): Illuminate\\Session\\Middleware\\StartSession->handle()
#27 C:\\Users\\r.asadullin\\Documents\\Обучения\\обучение PHP Laravel разработчик\\php\\task_manager\\laravel_base\\vendor\\laravel\\framework\\src\\Illuminate\\Cookie\\Middleware\\AddQueuedCookiesToResponse.php(37): Illuminate\\Pipeline\\Pipeline->Illuminate\\Pipeline\\{closure}()
#28 C:\\Users\\r.asadullin\\Documents\\Обучения\\обучение PHP Laravel разработчик\\php\\task_manager\\laravel_base\\vendor\\laravel\\framework\\src\\Illuminate\\Pipeline\\Pipeline.php(183): Illuminate\\Cookie\\Middleware\\AddQueuedCookiesToResponse->handle()
#29 C:\\Users\\r.asadullin\\Documents\\Обучения\\обучение PHP Laravel разработчик\\php\\task_manager\\laravel_base\\vendor\\laravel\\framework\\src\\Illuminate\\Cookie\\Middleware\\EncryptCookies.php(67): Illuminate\\Pipeline\\Pipeline->Illuminate\\Pipeline\\{closure}()
#30 C:\\Users\\r.asadullin\\Documents\\Обучения\\обучение PHP Laravel разработчик\\php\\task_manager\\laravel_base\\vendor\\laravel\\framework\\src\\Illuminate\\Pipeline\\Pipeline.php(183): Illuminate\\Cookie\\Middleware\\EncryptCookies->handle()
#31 C:\\Users\\r.asadullin\\Documents\\Обучения\\обучение PHP Laravel разработчик\\php\\task_manager\\laravel_base\\vendor\\laravel\\framework\\src\\Illuminate\\Pipeline\\Pipeline.php(119): Illuminate\\Pipeline\\Pipeline->Illuminate\\Pipeline\\{closure}()
#32 C:\\Users\\r.asadullin\\Documents\\Обучения\\обучение PHP Laravel разработчик\\php\\task_manager\\laravel_base\\vendor\\laravel\\framework\\src\\Illuminate\\Routing\\Router.php(805): Illuminate\\Pipeline\\Pipeline->then()
#33 C:\\Users\\r.asadullin\\Documents\\Обучения\\обучение PHP Laravel разработчик\\php\\task_manager\\laravel_base\\vendor\\laravel\\framework\\src\\Illuminate\\Routing\\Router.php(784): Illuminate\\Routing\\Router->runRouteWithinStack()
#34 C:\\Users\\r.asadullin\\Documents\\Обучения\\обучение PHP Laravel разработчик\\php\\task_manager\\laravel_base\\vendor\\laravel\\framework\\src\\Illuminate\\Routing\\Router.php(748): Illuminate\\Routing\\Router->runRoute()
#35 C:\\Users\\r.asadullin\\Documents\\Обучения\\обучение PHP Laravel разработчик\\php\\task_manager\\laravel_base\\vendor\\laravel\\framework\\src\\Illuminate\\Routing\\Router.php(737): Illuminate\\Routing\\Router->dispatchToRoute()
#36 C:\\Users\\r.asadullin\\Documents\\Обучения\\обучение PHP Laravel разработчик\\php\\task_manager\\laravel_base\\vendor\\laravel\\framework\\src\\Illuminate\\Foundation\\Http\\Kernel.php(200): Illuminate\\Routing\\Router->dispatch()
#37 C:\\Users\\r.asadullin\\Documents\\Обучения\\обучение PHP Laravel разработчик\\php\\task_manager\\laravel_base\\vendor\\laravel\\framework\\src\\Illuminate\\Pipeline\\Pipeline.php(144): Illuminate\\Foundation\\Http\\Kernel->Illuminate\\Foundation\\Http\\{closure}()
#38 C:\\Users\\r.asadullin\\Documents\\Обучения\\обучение PHP Laravel разработчик\\php\\task_manager\\laravel_base\\vendor\\laravel\\framework\\src\\Illuminate\\Foundation\\Http\\Middleware\\TransformsRequest.php(21): Illuminate\\Pipeline\\Pipeline->Illuminate\\Pipeline\\{closure}()
#39 C:\\Users\\r.asadullin\\Documents\\Обучения\\обучение PHP Laravel разработчик\\php\\task_manager\\laravel_base\\vendor\\laravel\\framework\\src\\Illuminate\\Foundation\\Http\\Middleware\\ConvertEmptyStringsToNull.php(31): Illuminate\\Foundation\\Http\\Middleware\\TransformsRequest->handle()
#40 C:\\Users\\r.asadullin\\Documents\\Обучения\\обучение PHP Laravel разработчик\\php\\task_manager\\laravel_base\\vendor\\laravel\\framework\\src\\Illuminate\\Pipeline\\Pipeline.php(183): Illuminate\\Foundation\\Http\\Middleware\\ConvertEmptyStringsToNull->handle()
#41 C:\\Users\\r.asadullin\\Documents\\Обучения\\обучение PHP Laravel разработчик\\php\\task_manager\\laravel_base\\vendor\\laravel\\framework\\src\\Illuminate\\Foundation\\Http\\Middleware\\TransformsRequest.php(21): Illuminate\\Pipeline\\Pipeline->Illuminate\\Pipeline\\{closure}()
#42 C:\\Users\\r.asadullin\\Documents\\Обучения\\обучение PHP Laravel разработчик\\php\\task_manager\\laravel_base\\vendor\\laravel\\framework\\src\\Illuminate\\Foundation\\Http\\Middleware\\TrimStrings.php(40): Illuminate\\Foundation\\Http\\Middleware\\TransformsRequest->handle()
#43 C:\\Users\\r.asadullin\\Documents\\Обучения\\обучение PHP Laravel разработчик\\php\\task_manager\\laravel_base\\vendor\\laravel\\framework\\src\\Illuminate\\Pipeline\\Pipeline.php(183): Illuminate\\Foundation\\Http\\Middleware\\TrimStrings->handle()
#44 C:\\Users\\r.asadullin\\Documents\\Обучения\\обучение PHP Laravel разработчик\\php\\task_manager\\laravel_base\\vendor\\laravel\\framework\\src\\Illuminate\\Foundation\\Http\\Middleware\\ValidatePostSize.php(27): Illuminate\\Pipeline\\Pipeline->Illuminate\\Pipeline\\{closure}()
#45 C:\\Users\\r.asadullin\\Documents\\Обучения\\обучение PHP Laravel разработчик\\php\\task_manager\\laravel_base\\vendor\\laravel\\framework\\src\\Illuminate\\Pipeline\\Pipeline.php(183): Illuminate\\Foundation\\Http\\Middleware\\ValidatePostSize->handle()
#46 C:\\Users\\r.asadullin\\Documents\\Обучения\\обучение PHP Laravel разработчик\\php\\task_manager\\laravel_base\\vendor\\laravel\\framework\\src\\Illuminate\\Foundation\\Http\\Middleware\\PreventRequestsDuringMaintenance.php(99): Illuminate\\Pipeline\\Pipeline->Illuminate\\Pipeline\\{closure}()
#47 C:\\Users\\r.asadullin\\Documents\\Обучения\\обучение PHP Laravel разработчик\\php\\task_manager\\laravel_base\\vendor\\laravel\\framework\\src\\Illuminate\\Pipeline\\Pipeline.php(183): Illuminate\\Foundation\\Http\\Middleware\\PreventRequestsDuringMaintenance->handle()
#48 C:\\Users\\r.asadullin\\Documents\\Обучения\\обучение PHP Laravel разработчик\\php\\task_manager\\laravel_base\\vendor\\laravel\\framework\\src\\Illuminate\\Http\\Middleware\\HandleCors.php(49): Illuminate\\Pipeline\\Pipeline->Illuminate\\Pipeline\\{closure}()
#49 C:\\Users\\r.asadullin\\Documents\\Обучения\\обучение PHP Laravel разработчик\\php\\task_manager\\laravel_base\\vendor\\laravel\\framework\\src\\Illuminate\\Pipeline\\Pipeline.php(183): Illuminate\\Http\\Middleware\\HandleCors->handle()
#50 C:\\Users\\r.asadullin\\Documents\\Обучения\\обучение PHP Laravel разработчик\\php\\task_manager\\laravel_base\\vendor\\laravel\\framework\\src\\Illuminate\\Http\\Middleware\\TrustProxies.php(39): Illuminate\\Pipeline\\Pipeline->Illuminate\\Pipeline\\{closure}()
#51 C:\\Users\\r.asadullin\\Documents\\Обучения\\обучение PHP Laravel разработчик\\php\\task_manager\\laravel_base\\vendor\\laravel\\framework\\src\\Illuminate\\Pipeline\\Pipeline.php(183): Illuminate\\Http\\Middleware\\TrustProxies->handle()
#52 C:\\Users\\r.asadullin\\Documents\\Обучения\\обучение PHP Laravel разработчик\\php\\task_manager\\laravel_base\\vendor\\laravel\\framework\\src\\Illuminate\\Pipeline\\Pipeline.php(119): Illuminate\\Pipeline\\Pipeline->Illuminate\\Pipeline\\{closure}()
#53 C:\\Users\\r.asadullin\\Documents\\Обучения\\обучение PHP Laravel разработчик\\php\\task_manager\\laravel_base\\vendor\\laravel\\framework\\src\\Illuminate\\Foundation\\Http\\Kernel.php(175): Illuminate\\Pipeline\\Pipeline->then()
#54 C:\\Users\\r.asadullin\\Documents\\Обучения\\обучение PHP Laravel разработчик\\php\\task_manager\\laravel_base\\vendor\\laravel\\framework\\src\\Illuminate\\Foundation\\Http\\Kernel.php(144): Illuminate\\Foundation\\Http\\Kernel->sendRequestThroughRouter()
#55 C:\\Users\\r.asadullin\\Documents\\Обучения\\обучение PHP Laravel разработчик\\php\\task_manager\\laravel_base\\public\\index.php(51): Illuminate\\Foundation\\Http\\Kernel->handle()
#56 C:\\Users\\r.asadullin\\Documents\\Обучения\\обучение PHP Laravel разработчик\\php\\task_manager\\laravel_base\\vendor\\laravel\\framework\\src\\Illuminate\\Foundation\\resources\\server.php(16): require_once('C:\\\\Users\\\\r.asad...')
#57 {main}

[previous exception] [object] (Illuminate\\Routing\\Exceptions\\UrlGenerationException(code: 0): Missing required parameter for [Route: tasks.update] [URI: tasks/update/{task}] [Missing parameter: task]. at C:\\Users\\r.asadullin\\Documents\\Обучения\\обучение PHP Laravel разработчик\\php\\task_manager\\laravel_base\\vendor\\laravel\\framework\\src\\Illuminate\\Routing\\Exceptions\\UrlGenerationException.php:35)
[stacktrace]
#0 C:\\Users\\r.asadullin\\Documents\\Обучения\\обучение PHP Laravel разработчик\\php\\task_manager\\laravel_base\\vendor\\laravel\\framework\\src\\Illuminate\\Routing\\RouteUrlGenerator.php(90): Illuminate\\Routing\\Exceptions\\UrlGenerationException::forMissingParameters()
#1 C:\\Users\\r.asadullin\\Documents\\Обучения\\обучение PHP Laravel разработчик\\php\\task_manager\\laravel_base\\vendor\\laravel\\framework\\src\\Illuminate\\Routing\\UrlGenerator.php(500): Illuminate\\Routing\\RouteUrlGenerator->to()
#2 C:\\Users\\r.asadullin\\Documents\\Обучения\\обучение PHP Laravel разработчик\\php\\task_manager\\laravel_base\\vendor\\laravel\\framework\\src\\Illuminate\\Routing\\UrlGenerator.php(469): Illuminate\\Routing\\UrlGenerator->toRoute()
#3 C:\\Users\\r.asadullin\\Documents\\Обучения\\обучение PHP Laravel разработчик\\php\\task_manager\\laravel_base\\vendor\\laravel\\framework\\src\\Illuminate\\Foundation\\helpers.php(811): Illuminate\\Routing\\UrlGenerator->route()
#4 C:\\Users\\r.asadullin\\Documents\\Обучения\\обучение PHP Laravel разработчик\\php\\task_manager\\laravel_base\\storage\\framework\\views\\4e2a0f25d167a33863af7897a6dcc107.php(12): route()
#5 C:\\Users\\r.asadullin\\Documents\\Обучения\\обучение PHP Laravel разработчик\\php\\task_manager\\laravel_base\\vendor\\laravel\\framework\\src\\Illuminate\\Filesystem\\Filesystem.php(123): require('C:\\\\Users\\\\r.asad...')
#6 C:\\Users\\r.asadullin\\Documents\\Обучения\\обучение PHP Laravel разработчик\\php\\task_manager\\laravel_base\\vendor\\laravel\\framework\\src\\Illuminate\\Filesystem\\Filesystem.php(124): Illuminate\\Filesystem\\Filesystem::Illuminate\\Filesystem\\{closure}()
#7 C:\\Users\\r.asadullin\\Documents\\Обучения\\обучение PHP Laravel разработчик\\php\\task_manager\\laravel_base\\vendor\\laravel\\framework\\src\\Illuminate\\View\\Engines\\PhpEngine.php(58): Illuminate\\Filesystem\\Filesystem->getRequire()
#8 C:\\Users\\r.asadullin\\Documents\\Обучения\\обучение PHP Laravel разработчик\\php\\task_manager\\laravel_base\\vendor\\laravel\\framework\\src\\Illuminate\\View\\Engines\\CompilerEngine.php(72): Illuminate\\View\\Engines\\PhpEngine->evaluatePath()
#9 C:\\Users\\r.asadullin\\Documents\\Обучения\\обучение PHP Laravel разработчик\\php\\task_manager\\laravel_base\\vendor\\laravel\\framework\\src\\Illuminate\\View\\View.php(207): Illuminate\\View\\Engines\\CompilerEngine->get()
#10 C:\\Users\\r.asadullin\\Documents\\Обучения\\обучение PHP Laravel разработчик\\php\\task_manager\\laravel_base\\vendor\\laravel\\framework\\src\\Illuminate\\View\\View.php(190): Illuminate\\View\\View->getContents()
#11 C:\\Users\\r.asadullin\\Documents\\Обучения\\обучение PHP Laravel разработчик\\php\\task_manager\\laravel_base\\vendor\\laravel\\framework\\src\\Illuminate\\View\\View.php(159): Illuminate\\View\\View->renderContents()
#12 C:\\Users\\r.asadullin\\Documents\\Обучения\\обучение PHP Laravel разработчик\\php\\task_manager\\laravel_base\\vendor\\laravel\\framework\\src\\Illuminate\\Http\\Response.php(69): Illuminate\\View\\View->render()
#13 C:\\Users\\r.asadullin\\Documents\\Обучения\\обучение PHP Laravel разработчик\\php\\task_manager\\laravel_base\\vendor\\laravel\\framework\\src\\Illuminate\\Http\\Response.php(35): Illuminate\\Http\\Response->setContent()
#14 C:\\Users\\r.asadullin\\Documents\\Обучения\\обучение PHP Laravel разработчик\\php\\task_manager\\laravel_base\\vendor\\laravel\\framework\\src\\Illuminate\\Routing\\Router.php(918): Illuminate\\Http\\Response->__construct()
#15 C:\\Users\\r.asadullin\\Documents\\Обучения\\обучение PHP Laravel разработчик\\php\\task_manager\\laravel_base\\vendor\\laravel\\framework\\src\\Illuminate\\Routing\\Router.php(885): Illuminate\\Routing\\Router::toResponse()
#16 C:\\Users\\r.asadullin\\Documents\\Обучения\\обучение PHP Laravel разработчик\\php\\task_manager\\laravel_base\\vendor\\laravel\\framework\\src\\Illuminate\\Routing\\Router.php(805): Illuminate\\Routing\\Router->prepareResponse()
#17 C:\\Users\\r.asadullin\\Documents\\Обучения\\обучение PHP Laravel разработчик\\php\\task_manager\\laravel_base\\vendor\\laravel\\framework\\src\\Illuminate\\Pipeline\\Pipeline.php(144): Illuminate\\Routing\\Router->Illuminate\\Routing\\{closure}()
#18 C:\\Users\\r.asadullin\\Documents\\Обучения\\обучение PHP Laravel разработчик\\php\\task_manager\\laravel_base\\vendor\\laravel\\framework\\src\\Illuminate\\Routing\\Middleware\\SubstituteBindings.php(50): Illuminate\\Pipeline\\Pipeline->Illuminate\\Pipeline\\{closure}()
#19 C:\\Users\\r.asadullin\\Documents\\Обучения\\обучение PHP Laravel разработчик\\php\\task_manager\\laravel_base\\vendor\\laravel\\framework\\src\\Illuminate\\Pipeline\\Pipeline.php(183): Illuminate\\Routing\\Middleware\\SubstituteBindings->handle()
#20 C:\\Users\\r.asadullin\\Documents\\Обучения\\обучение PHP Laravel разработчик\\php\\task_manager\\laravel_base\\vendor\\laravel\\framework\\src\\Illuminate\\Foundation\\Http\\Middleware\\VerifyCsrfToken.php(78): Illuminate\\Pipeline\\Pipeline->Illuminate\\Pipeline\\{closure}()
#21 C:\\Users\\r.asadullin\\Documents\\Обучения\\обучение PHP Laravel разработчик\\php\\task_manager\\laravel_base\\vendor\\laravel\\framework\\src\\Illuminate\\Pipeline\\Pipeline.php(183): Illuminate\\Foundation\\Http\\Middleware\\VerifyCsrfToken->handle()
#22 C:\\Users\\r.asadullin\\Documents\\Обучения\\обучение PHP Laravel разработчик\\php\\task_manager\\laravel_base\\vendor\\laravel\\framework\\src\\Illuminate\\View\\Middleware\\ShareErrorsFromSession.php(49): Illuminate\\Pipeline\\Pipeline->Illuminate\\Pipeline\\{closure}()
#23 C:\\Users\\r.asadullin\\Documents\\Обучения\\обучение PHP Laravel разработчик\\php\\task_manager\\laravel_base\\vendor\\laravel\\framework\\src\\Illuminate\\Pipeline\\Pipeline.php(183): Illuminate\\View\\Middleware\\ShareErrorsFromSession->handle()
#24 C:\\Users\\r.asadullin\\Documents\\Обучения\\обучение PHP Laravel разработчик\\php\\task_manager\\laravel_base\\vendor\\laravel\\framework\\src\\Illuminate\\Session\\Middleware\\StartSession.php(121): Illuminate\\Pipeline\\Pipeline->Illuminate\\Pipeline\\{closure}()
#25 C:\\Users\\r.asadullin\\Documents\\Обучения\\обучение PHP Laravel разработчик\\php\\task_manager\\laravel_base\\vendor\\laravel\\framework\\src\\Illuminate\\Session\\Middleware\\StartSession.php(64): Illuminate\\Session\\Middleware\\StartSession->handleStatefulRequest()
#26 C:\\Users\\r.asadullin\\Documents\\Обучения\\обучение PHP Laravel разработчик\\php\\task_manager\\laravel_base\\vendor\\laravel\\framework\\src\\Illuminate\\Pipeline\\Pipeline.php(183): Illuminate\\Session\\Middleware\\StartSession->handle()
#27 C:\\Users\\r.asadullin\\Documents\\Обучения\\обучение PHP Laravel разработчик\\php\\task_manager\\laravel_base\\vendor\\laravel\\framework\\src\\Illuminate\\Cookie\\Middleware\\AddQueuedCookiesToResponse.php(37): Illuminate\\Pipeline\\Pipeline->Illuminate\\Pipeline\\{closure}()
#28 C:\\Users\\r.asadullin\\Documents\\Обучения\\обучение PHP Laravel разработчик\\php\\task_manager\\laravel_base\\vendor\\laravel\\framework\\src\\Illuminate\\Pipeline\\Pipeline.php(183): Illuminate\\Cookie\\Middleware\\AddQueuedCookiesToResponse->handle()
#29 C:\\Users\\r.asadullin\\Documents\\Обучения\\обучение PHP Laravel разработчик\\php\\task_manager\\laravel_base\\vendor\\laravel\\framework\\src\\Illuminate\\Cookie\\Middleware\\EncryptCookies.php(67): Illuminate\\Pipeline\\Pipeline->Illuminate\\Pipeline\\{closure}()
#30 C:\\Users\\r.asadullin\\Documents\\Обучения\\обучение PHP Laravel разработчик\\php\\task_manager\\laravel_base\\vendor\\laravel\\framework\\src\\Illuminate\\Pipeline\\Pipeline.php(183): Illuminate\\Cookie\\Middleware\\EncryptCookies->handle()
#31 C:\\Users\\r.asadullin\\Documents\\Обучения\\обучение PHP Laravel разработчик\\php\\task_manager\\laravel_base\\vendor\\laravel\\framework\\src\\Illuminate\\Pipeline\\Pipeline.php(119): Illuminate\\Pipeline\\Pipeline->Illuminate\\Pipeline\\{closure}()
#32 C:\\Users\\r.asadullin\\Documents\\Обучения\\обучение PHP Laravel разработчик\\php\\task_manager\\laravel_base\\vendor\\laravel\\framework\\src\\Illuminate\\Routing\\Router.php(805): Illuminate\\Pipeline\\Pipeline->then()
#33 C:\\Users\\r.asadullin\\Documents\\Обучения\\обучение PHP Laravel разработчик\\php\\task_manager\\laravel_base\\vendor\\laravel\\framework\\src\\Illuminate\\Routing\\Router.php(784): Illuminate\\Routing\\Router->runRouteWithinStack()
#34 C:\\Users\\r.asadullin\\Documents\\Обучения\\обучение PHP Laravel разработчик\\php\\task_manager\\laravel_base\\vendor\\laravel\\framework\\src\\Illuminate\\Routing\\Router.php(748): Illuminate\\Routing\\Router->runRoute()
#35 C:\\Users\\r.asadullin\\Documents\\Обучения\\обучение PHP Laravel разработчик\\php\\task_manager\\laravel_base\\vendor\\laravel\\framework\\src\\Illuminate\\Routing\\Router.php(737): Illuminate\\Routing\\Router->dispatchToRoute()
#36 C:\\Users\\r.asadullin\\Documents\\Обучения\\обучение PHP Laravel разработчик\\php\\task_manager\\laravel_base\\vendor\\laravel\\framework\\src\\Illuminate\\Foundation\\Http\\Kernel.php(200): Illuminate\\Routing\\Router->dispatch()
#37 C:\\Users\\r.asadullin\\Documents\\Обучения\\обучение PHP Laravel разработчик\\php\\task_manager\\laravel_base\\vendor\\laravel\\framework\\src\\Illuminate\\Pipeline\\Pipeline.php(144): Illuminate\\Foundation\\Http\\Kernel->Illuminate\\Foundation\\Http\\{closure}()
#38 C:\\Users\\r.asadullin\\Documents\\Обучения\\обучение PHP Laravel разработчик\\php\\task_manager\\laravel_base\\vendor\\laravel\\framework\\src\\Illuminate\\Foundation\\Http\\Middleware\\TransformsRequest.php(21): Illuminate\\Pipeline\\Pipeline->Illuminate\\Pipeline\\{closure}()
#39 C:\\Users\\r.asadullin\\Documents\\Обучения\\обучение PHP Laravel разработчик\\php\\task_manager\\laravel_base\\vendor\\laravel\\framework\\src\\Illuminate\\Foundation\\Http\\Middleware\\ConvertEmptyStringsToNull.php(31): Illuminate\\Foundation\\Http\\Middleware\\TransformsRequest->handle()
#40 C:\\Users\\r.asadullin\\Documents\\Обучения\\обучение PHP Laravel разработчик\\php\\task_manager\\laravel_base\\vendor\\laravel\\framework\\src\\Illuminate\\Pipeline\\Pipeline.php(183): Illuminate\\Foundation\\Http\\Middleware\\ConvertEmptyStringsToNull->handle()
#41 C:\\Users\\r.asadullin\\Documents\\Обучения\\обучение PHP Laravel разработчик\\php\\task_manager\\laravel_base\\vendor\\laravel\\framework\\src\\Illuminate\\Foundation\\Http\\Middleware\\TransformsRequest.php(21): Illuminate\\Pipeline\\Pipeline->Illuminate\\Pipeline\\{closure}()
#42 C:\\Users\\r.asadullin\\Documents\\Обучения\\обучение PHP Laravel разработчик\\php\\task_manager\\laravel_base\\vendor\\laravel\\framework\\src\\Illuminate\\Foundation\\Http\\Middleware\\TrimStrings.php(40): Illuminate\\Foundation\\Http\\Middleware\\TransformsRequest->handle()
#43 C:\\Users\\r.asadullin\\Documents\\Обучения\\обучение PHP Laravel разработчик\\php\\task_manager\\laravel_base\\vendor\\laravel\\framework\\src\\Illuminate\\Pipeline\\Pipeline.php(183): Illuminate\\Foundation\\Http\\Middleware\\TrimStrings->handle()
#44 C:\\Users\\r.asadullin\\Documents\\Обучения\\обучение PHP Laravel разработчик\\php\\task_manager\\laravel_base\\vendor\\laravel\\framework\\src\\Illuminate\\Foundation\\Http\\Middleware\\ValidatePostSize.php(27): Illuminate\\Pipeline\\Pipeline->Illuminate\\Pipeline\\{closure}()
#45 C:\\Users\\r.asadullin\\Documents\\Обучения\\обучение PHP Laravel разработчик\\php\\task_manager\\laravel_base\\vendor\\laravel\\framework\\src\\Illuminate\\Pipeline\\Pipeline.php(183): Illuminate\\Foundation\\Http\\Middleware\\ValidatePostSize->handle()
#46 C:\\Users\\r.asadullin\\Documents\\Обучения\\обучение PHP Laravel разработчик\\php\\task_manager\\laravel_base\\vendor\\laravel\\framework\\src\\Illuminate\\Foundation\\Http\\Middleware\\PreventRequestsDuringMaintenance.php(99): Illuminate\\Pipeline\\Pipeline->Illuminate\\Pipeline\\{closure}()
#47 C:\\Users\\r.asadullin\\Documents\\Обучения\\обучение PHP Laravel разработчик\\php\\task_manager\\laravel_base\\vendor\\laravel\\framework\\src\\Illuminate\\Pipeline\\Pipeline.php(183): Illuminate\\Foundation\\Http\\Middleware\\PreventRequestsDuringMaintenance->handle()
#48 C:\\Users\\r.asadullin\\Documents\\Обучения\\обучение PHP Laravel разработчик\\php\\task_manager\\laravel_base\\vendor\\laravel\\framework\\src\\Illuminate\\Http\\Middleware\\HandleCors.php(49): Illuminate\\Pipeline\\Pipeline->Illuminate\\Pipeline\\{closure}()
#49 C:\\Users\\r.asadullin\\Documents\\Обучения\\обучение PHP Laravel разработчик\\php\\task_manager\\laravel_base\\vendor\\laravel\\framework\\src\\Illuminate\\Pipeline\\Pipeline.php(183): Illuminate\\Http\\Middleware\\HandleCors->handle()
#50 C:\\Users\\r.asadullin\\Documents\\Обучения\\обучение PHP Laravel разработчик\\php\\task_manager\\laravel_base\\vendor\\laravel\\framework\\src\\Illuminate\\Http\\Middleware\\TrustProxies.php(39): Illuminate\\Pipeline\\Pipeline->Illuminate\\Pipeline\\{closure}()
#51 C:\\Users\\r.asadullin\\Documents\\Обучения\\обучение PHP Laravel разработчик\\php\\task_manager\\laravel_base\\vendor\\laravel\\framework\\src\\Illuminate\\Pipeline\\Pipeline.php(183): Illuminate\\Http\\Middleware\\TrustProxies->handle()
#52 C:\\Users\\r.asadullin\\Documents\\Обучения\\обучение PHP Laravel разработчик\\php\\task_manager\\laravel_base\\vendor\\laravel\\framework\\src\\Illuminate\\Pipeline\\Pipeline.php(119): Illuminate\\Pipeline\\Pipeline->Illuminate\\Pipeline\\{closure}()
#53 C:\\Users\\r.asadullin\\Documents\\Обучения\\обучение PHP Laravel разработчик\\php\\task_manager\\laravel_base\\vendor\\laravel\\framework\\src\\Illuminate\\Foundation\\Http\\Kernel.php(175): Illuminate\\Pipeline\\Pipeline->then()
#54 C:\\Users\\r.asadullin\\Documents\\Обучения\\обучение PHP Laravel разработчик\\php\\task_manager\\laravel_base\\vendor\\laravel\\framework\\src\\Illuminate\\Foundation\\Http\\Kernel.php(144): Illuminate\\Foundation\\Http\\Kernel->sendRequestThroughRouter()
#55 C:\\Users\\r.asadullin\\Documents\\Обучения\\обучение PHP Laravel разработчик\\php\\task_manager\\laravel_base\\public\\index.php(51): Illuminate\\Foundation\\Http\\Kernel->handle()
#56 C:\\Users\\r.asadullin\\Documents\\Обучения\\обучение PHP Laravel разработчик\\php\\task_manager\\laravel_base\\vendor\\laravel\\framework\\src\\Illuminate\\Foundation\\resources\\server.php(16): require_once('C:\\\\Users\\\\r.asad...')
#57 {main}
"} 
[2024-10-22 21:01:54] local.ERROR: Illuminate\Database\Eloquent\Model::update(): Argument #1 ($attributes) must be of type array, null given, called in C:\Users\r.asadullin\Documents\Обучения\обучение PHP Laravel разработчик\php\task_manager\laravel_base\app\Http\Controllers\TaskController.php on line 15 {"exception":"[object] (TypeError(code: 0): Illuminate\\Database\\Eloquent\\Model::update(): Argument #1 ($attributes) must be of type array, null given, called in C:\\Users\\r.asadullin\\Documents\\Обучения\\обучение PHP Laravel разработчик\\php\\task_manager\\laravel_base\\app\\Http\\Controllers\\TaskController.php on line 15 at C:\\Users\\r.asadullin\\Documents\\Обучения\\обучение PHP Laravel разработчик\\php\\task_manager\\laravel_base\\vendor\\laravel\\framework\\src\\Illuminate\\Database\\Eloquent\\Model.php:985)
[stacktrace]
#0 C:\\Users\\r.asadullin\\Documents\\Обучения\\обучение PHP Laravel разработчик\\php\\task_manager\\laravel_base\\app\\Http\\Controllers\\TaskController.php(15): Illuminate\\Database\\Eloquent\\Model->update()
#1 C:\\Users\\r.asadullin\\Documents\\Обучения\\обучение PHP Laravel разработчик\\php\\task_manager\\laravel_base\\vendor\\laravel\\framework\\src\\Illuminate\\Routing\\Controller.php(54): App\\Http\\Controllers\\TaskController->update()
#2 C:\\Users\\r.asadullin\\Documents\\Обучения\\обучение PHP Laravel разработчик\\php\\task_manager\\laravel_base\\vendor\\laravel\\framework\\src\\Illuminate\\Routing\\ControllerDispatcher.php(43): Illuminate\\Routing\\Controller->callAction()
#3 C:\\Users\\r.asadullin\\Documents\\Обучения\\обучение PHP Laravel разработчик\\php\\task_manager\\laravel_base\\vendor\\laravel\\framework\\src\\Illuminate\\Routing\\Route.php(259): Illuminate\\Routing\\ControllerDispatcher->dispatch()
#4 C:\\Users\\r.asadullin\\Documents\\Обучения\\обучение PHP Laravel разработчик\\php\\task_manager\\laravel_base\\vendor\\laravel\\framework\\src\\Illuminate\\Routing\\Route.php(205): Illuminate\\Routing\\Route->runController()
#5 C:\\Users\\r.asadullin\\Documents\\Обучения\\обучение PHP Laravel разработчик\\php\\task_manager\\laravel_base\\vendor\\laravel\\framework\\src\\Illuminate\\Routing\\Router.php(806): Illuminate\\Routing\\Route->run()
#6 C:\\Users\\r.asadullin\\Documents\\Обучения\\обучение PHP Laravel разработчик\\php\\task_manager\\laravel_base\\vendor\\laravel\\framework\\src\\Illuminate\\Pipeline\\Pipeline.php(144): Illuminate\\Routing\\Router->Illuminate\\Routing\\{closure}()
#7 C:\\Users\\r.asadullin\\Documents\\Обучения\\обучение PHP Laravel разработчик\\php\\task_manager\\laravel_base\\vendor\\laravel\\framework\\src\\Illuminate\\Routing\\Middleware\\SubstituteBindings.php(50): Illuminate\\Pipeline\\Pipeline->Illuminate\\Pipeline\\{closure}()
#8 C:\\Users\\r.asadullin\\Documents\\Обучения\\обучение PHP Laravel разработчик\\php\\task_manager\\laravel_base\\vendor\\laravel\\framework\\src\\Illuminate\\Pipeline\\Pipeline.php(183): Illuminate\\Routing\\Middleware\\SubstituteBindings->handle()
#9 C:\\Users\\r.asadullin\\Documents\\Обучения\\обучение PHP Laravel разработчик\\php\\task_manager\\laravel_base\\vendor\\laravel\\framework\\src\\Illuminate\\Foundation\\Http\\Middleware\\VerifyCsrfToken.php(78): Illuminate\\Pipeline\\Pipeline->Illuminate\\Pipeline\\{closure}()
#10 C:\\Users\\r.asadullin\\Documents\\Обучения\\обучение PHP Laravel разработчик\\php\\task_manager\\laravel_base\\vendor\\laravel\\framework\\src\\Illuminate\\Pipeline\\Pipeline.php(183): Illuminate\\Foundation\\Http\\Middleware\\VerifyCsrfToken->handle()
#11 C:\\Users\\r.asadullin\\Documents\\Обучения\\обучение PHP Laravel разработчик\\php\\task_manager\\laravel_base\\vendor\\laravel\\framework\\src\\Illuminate\\View\\Middleware\\ShareErrorsFromSession.php(49): Illuminate\\Pipeline\\Pipeline->Illuminate\\Pipeline\\{closure}()
#12 C:\\Users\\r.asadullin\\Documents\\Обучения\\обучение PHP Laravel разработчик\\php\\task_manager\\laravel_base\\vendor\\laravel\\framework\\src\\Illuminate\\Pipeline\\Pipeline.php(183): Illuminate\\View\\Middleware\\ShareErrorsFromSession->handle()
#13 C:\\Users\\r.asadullin\\Documents\\Обучения\\обучение PHP Laravel разработчик\\php\\task_manager\\laravel_base\\vendor\\laravel\\framework\\src\\Illuminate\\Session\\Middleware\\StartSession.php(121): Illuminate\\Pipeline\\Pipeline->Illuminate\\Pipeline\\{closure}()
#14 C:\\Users\\r.asadullin\\Documents\\Обучения\\обучение PHP Laravel разработчик\\php\\task_manager\\laravel_base\\vendor\\laravel\\framework\\src\\Illuminate\\Session\\Middleware\\StartSession.php(64): Illuminate\\Session\\Middleware\\StartSession->handleStatefulRequest()
#15 C:\\Users\\r.asadullin\\Documents\\Обучения\\обучение PHP Laravel разработчик\\php\\task_manager\\laravel_base\\vendor\\laravel\\framework\\src\\Illuminate\\Pipeline\\Pipeline.php(183): Illuminate\\Session\\Middleware\\StartSession->handle()
#16 C:\\Users\\r.asadullin\\Documents\\Обучения\\обучение PHP Laravel разработчик\\php\\task_manager\\laravel_base\\vendor\\laravel\\framework\\src\\Illuminate\\Cookie\\Middleware\\AddQueuedCookiesToResponse.php(37): Illuminate\\Pipeline\\Pipeline->Illuminate\\Pipeline\\{closure}()
#17 C:\\Users\\r.asadullin\\Documents\\Обучения\\обучение PHP Laravel разработчик\\php\\task_manager\\laravel_base\\vendor\\laravel\\framework\\src\\Illuminate\\Pipeline\\Pipeline.php(183): Illuminate\\Cookie\\Middleware\\AddQueuedCookiesToResponse->handle()
#18 C:\\Users\\r.asadullin\\Documents\\Обучения\\обучение PHP Laravel разработчик\\php\\task_manager\\laravel_base\\vendor\\laravel\\framework\\src\\Illuminate\\Cookie\\Middleware\\EncryptCookies.php(67): Illuminate\\Pipeline\\Pipeline->Illuminate\\Pipeline\\{closure}()
#19 C:\\Users\\r.asadullin\\Documents\\Обучения\\обучение PHP Laravel разработчик\\php\\task_manager\\laravel_base\\vendor\\laravel\\framework\\src\\Illuminate\\Pipeline\\Pipeline.php(183): Illuminate\\Cookie\\Middleware\\EncryptCookies->handle()
#20 C:\\Users\\r.asadullin\\Documents\\Обучения\\обучение PHP Laravel разработчик\\php\\task_manager\\laravel_base\\vendor\\laravel\\framework\\src\\Illuminate\\Pipeline\\Pipeline.php(119): Illuminate\\Pipeline\\Pipeline->Illuminate\\Pipeline\\{closure}()
#21 C:\\Users\\r.asadullin\\Documents\\Обучения\\обучение PHP Laravel разработчик\\php\\task_manager\\laravel_base\\vendor\\laravel\\framework\\src\\Illuminate\\Routing\\Router.php(805): Illuminate\\Pipeline\\Pipeline->then()
#22 C:\\Users\\r.asadullin\\Documents\\Обучения\\обучение PHP Laravel разработчик\\php\\task_manager\\laravel_base\\vendor\\laravel\\framework\\src\\Illuminate\\Routing\\Router.php(784): Illuminate\\Routing\\Router->runRouteWithinStack()
#23 C:\\Users\\r.asadullin\\Documents\\Обучения\\обучение PHP Laravel разработчик\\php\\task_manager\\laravel_base\\vendor\\laravel\\framework\\src\\Illuminate\\Routing\\Router.php(748): Illuminate\\Routing\\Router->runRoute()
#24 C:\\Users\\r.asadullin\\Documents\\Обучения\\обучение PHP Laravel разработчик\\php\\task_manager\\laravel_base\\vendor\\laravel\\framework\\src\\Illuminate\\Routing\\Router.php(737): Illuminate\\Routing\\Router->dispatchToRoute()
#25 C:\\Users\\r.asadullin\\Documents\\Обучения\\обучение PHP Laravel разработчик\\php\\task_manager\\laravel_base\\vendor\\laravel\\framework\\src\\Illuminate\\Foundation\\Http\\Kernel.php(200): Illuminate\\Routing\\Router->dispatch()
#26 C:\\Users\\r.asadullin\\Documents\\Обучения\\обучение PHP Laravel разработчик\\php\\task_manager\\laravel_base\\vendor\\laravel\\framework\\src\\Illuminate\\Pipeline\\Pipeline.php(144): Illuminate\\Foundation\\Http\\Kernel->Illuminate\\Foundation\\Http\\{closure}()
#27 C:\\Users\\r.asadullin\\Documents\\Обучения\\обучение PHP Laravel разработчик\\php\\task_manager\\laravel_base\\vendor\\laravel\\framework\\src\\Illuminate\\Foundation\\Http\\Middleware\\TransformsRequest.php(21): Illuminate\\Pipeline\\Pipeline->Illuminate\\Pipeline\\{closure}()
#28 C:\\Users\\r.asadullin\\Documents\\Обучения\\обучение PHP Laravel разработчик\\php\\task_manager\\laravel_base\\vendor\\laravel\\framework\\src\\Illuminate\\Foundation\\Http\\Middleware\\ConvertEmptyStringsToNull.php(31): Illuminate\\Foundation\\Http\\Middleware\\TransformsRequest->handle()
#29 C:\\Users\\r.asadullin\\Documents\\Обучения\\обучение PHP Laravel разработчик\\php\\task_manager\\laravel_base\\vendor\\laravel\\framework\\src\\Illuminate\\Pipeline\\Pipeline.php(183): Illuminate\\Foundation\\Http\\Middleware\\ConvertEmptyStringsToNull->handle()
#30 C:\\Users\\r.asadullin\\Documents\\Обучения\\обучение PHP Laravel разработчик\\php\\task_manager\\laravel_base\\vendor\\laravel\\framework\\src\\Illuminate\\Foundation\\Http\\Middleware\\TransformsRequest.php(21): Illuminate\\Pipeline\\Pipeline->Illuminate\\Pipeline\\{closure}()
#31 C:\\Users\\r.asadullin\\Documents\\Обучения\\обучение PHP Laravel разработчик\\php\\task_manager\\laravel_base\\vendor\\laravel\\framework\\src\\Illuminate\\Foundation\\Http\\Middleware\\TrimStrings.php(40): Illuminate\\Foundation\\Http\\Middleware\\TransformsRequest->handle()
#32 C:\\Users\\r.asadullin\\Documents\\Обучения\\обучение PHP Laravel разработчик\\php\\task_manager\\laravel_base\\vendor\\laravel\\framework\\src\\Illuminate\\Pipeline\\Pipeline.php(183): Illuminate\\Foundation\\Http\\Middleware\\TrimStrings->handle()
#33 C:\\Users\\r.asadullin\\Documents\\Обучения\\обучение PHP Laravel разработчик\\php\\task_manager\\laravel_base\\vendor\\laravel\\framework\\src\\Illuminate\\Foundation\\Http\\Middleware\\ValidatePostSize.php(27): Illuminate\\Pipeline\\Pipeline->Illuminate\\Pipeline\\{closure}()
#34 C:\\Users\\r.asadullin\\Documents\\Обучения\\обучение PHP Laravel разработчик\\php\\task_manager\\laravel_base\\vendor\\laravel\\framework\\src\\Illuminate\\Pipeline\\Pipeline.php(183): Illuminate\\Foundation\\Http\\Middleware\\ValidatePostSize->handle()
#35 C:\\Users\\r.asadullin\\Documents\\Обучения\\обучение PHP Laravel разработчик\\php\\task_manager\\laravel_base\\vendor\\laravel\\framework\\src\\Illuminate\\Foundation\\Http\\Middleware\\PreventRequestsDuringMaintenance.php(99): Illuminate\\Pipeline\\Pipeline->Illuminate\\Pipeline\\{closure}()
#36 C:\\Users\\r.asadullin\\Documents\\Обучения\\обучение PHP Laravel разработчик\\php\\task_manager\\laravel_base\\vendor\\laravel\\framework\\src\\Illuminate\\Pipeline\\Pipeline.php(183): Illuminate\\Foundation\\Http\\Middleware\\PreventRequestsDuringMaintenance->handle()
#37 C:\\Users\\r.asadullin\\Documents\\Обучения\\обучение PHP Laravel разработчик\\php\\task_manager\\laravel_base\\vendor\\laravel\\framework\\src\\Illuminate\\Http\\Middleware\\HandleCors.php(49): Illuminate\\Pipeline\\Pipeline->Illuminate\\Pipeline\\{closure}()
#38 C:\\Users\\r.asadullin\\Documents\\Обучения\\обучение PHP Laravel разработчик\\php\\task_manager\\laravel_base\\vendor\\laravel\\framework\\src\\Illuminate\\Pipeline\\Pipeline.php(183): Illuminate\\Http\\Middleware\\HandleCors->handle()
#39 C:\\Users\\r.asadullin\\Documents\\Обучения\\обучение PHP Laravel разработчик\\php\\task_manager\\laravel_base\\vendor\\laravel\\framework\\src\\Illuminate\\Http\\Middleware\\TrustProxies.php(39): Illuminate\\Pipeline\\Pipeline->Illuminate\\Pipeline\\{closure}()
#40 C:\\Users\\r.asadullin\\Documents\\Обучения\\обучение PHP Laravel разработчик\\php\\task_manager\\laravel_base\\vendor\\laravel\\framework\\src\\Illuminate\\Pipeline\\Pipeline.php(183): Illuminate\\Http\\Middleware\\TrustProxies->handle()
#41 C:\\Users\\r.asadullin\\Documents\\Обучения\\обучение PHP Laravel разработчик\\php\\task_manager\\laravel_base\\vendor\\laravel\\framework\\src\\Illuminate\\Pipeline\\Pipeline.php(119): Illuminate\\Pipeline\\Pipeline->Illuminate\\Pipeline\\{closure}()
#42 C:\\Users\\r.asadullin\\Documents\\Обучения\\обучение PHP Laravel разработчик\\php\\task_manager\\laravel_base\\vendor\\laravel\\framework\\src\\Illuminate\\Foundation\\Http\\Kernel.php(175): Illuminate\\Pipeline\\Pipeline->then()
#43 C:\\Users\\r.asadullin\\Documents\\Обучения\\обучение PHP Laravel разработчик\\php\\task_manager\\laravel_base\\vendor\\laravel\\framework\\src\\Illuminate\\Foundation\\Http\\Kernel.php(144): Illuminate\\Foundation\\Http\\Kernel->sendRequestThroughRouter()
#44 C:\\Users\\r.asadullin\\Documents\\Обучения\\обучение PHP Laravel разработчик\\php\\task_manager\\laravel_base\\public\\index.php(51): Illuminate\\Foundation\\Http\\Kernel->handle()
#45 C:\\Users\\r.asadullin\\Documents\\Обучения\\обучение PHP Laravel разработчик\\php\\task_manager\\laravel_base\\vendor\\laravel\\framework\\src\\Illuminate\\Foundation\\resources\\server.php(16): require_once('C:\\\\Users\\\\r.asad...')
#46 {main}
"} 
[2024-10-22 21:03:38] local.ERROR: Illuminate\Database\Eloquent\Model::update(): Argument #1 ($attributes) must be of type array, null given, called in C:\Users\r.asadullin\Documents\Обучения\обучение PHP Laravel разработчик\php\task_manager\laravel_base\app\Http\Controllers\TaskController.php on line 15 {"exception":"[object] (TypeError(code: 0): Illuminate\\Database\\Eloquent\\Model::update(): Argument #1 ($attributes) must be of type array, null given, called in C:\\Users\\r.asadullin\\Documents\\Обучения\\обучение PHP Laravel разработчик\\php\\task_manager\\laravel_base\\app\\Http\\Controllers\\TaskController.php on line 15 at C:\\Users\\r.asadullin\\Documents\\Обучения\\обучение PHP Laravel разработчик\\php\\task_manager\\laravel_base\\vendor\\laravel\\framework\\src\\Illuminate\\Database\\Eloquent\\Model.php:985)
[stacktrace]
#0 C:\\Users\\r.asadullin\\Documents\\Обучения\\обучение PHP Laravel разработчик\\php\\task_manager\\laravel_base\\app\\Http\\Controllers\\TaskController.php(15): Illuminate\\Database\\Eloquent\\Model->update()
#1 C:\\Users\\r.asadullin\\Documents\\Обучения\\обучение PHP Laravel разработчик\\php\\task_manager\\laravel_base\\vendor\\laravel\\framework\\src\\Illuminate\\Routing\\Controller.php(54): App\\Http\\Controllers\\TaskController->update()
#2 C:\\Users\\r.asadullin\\Documents\\Обучения\\обучение PHP Laravel разработчик\\php\\task_manager\\laravel_base\\vendor\\laravel\\framework\\src\\Illuminate\\Routing\\ControllerDispatcher.php(43): Illuminate\\Routing\\Controller->callAction()
#3 C:\\Users\\r.asadullin\\Documents\\Обучения\\обучение PHP Laravel разработчик\\php\\task_manager\\laravel_base\\vendor\\laravel\\framework\\src\\Illuminate\\Routing\\Route.php(259): Illuminate\\Routing\\ControllerDispatcher->dispatch()
#4 C:\\Users\\r.asadullin\\Documents\\Обучения\\обучение PHP Laravel разработчик\\php\\task_manager\\laravel_base\\vendor\\laravel\\framework\\src\\Illuminate\\Routing\\Route.php(205): Illuminate\\Routing\\Route->runController()
#5 C:\\Users\\r.asadullin\\Documents\\Обучения\\обучение PHP Laravel разработчик\\php\\task_manager\\laravel_base\\vendor\\laravel\\framework\\src\\Illuminate\\Routing\\Router.php(806): Illuminate\\Routing\\Route->run()
#6 C:\\Users\\r.asadullin\\Documents\\Обучения\\обучение PHP Laravel разработчик\\php\\task_manager\\laravel_base\\vendor\\laravel\\framework\\src\\Illuminate\\Pipeline\\Pipeline.php(144): Illuminate\\Routing\\Router->Illuminate\\Routing\\{closure}()
#7 C:\\Users\\r.asadullin\\Documents\\Обучения\\обучение PHP Laravel разработчик\\php\\task_manager\\laravel_base\\vendor\\laravel\\framework\\src\\Illuminate\\Routing\\Middleware\\SubstituteBindings.php(50): Illuminate\\Pipeline\\Pipeline->Illuminate\\Pipeline\\{closure}()
#8 C:\\Users\\r.asadullin\\Documents\\Обучения\\обучение PHP Laravel разработчик\\php\\task_manager\\laravel_base\\vendor\\laravel\\framework\\src\\Illuminate\\Pipeline\\Pipeline.php(183): Illuminate\\Routing\\Middleware\\SubstituteBindings->handle()
#9 C:\\Users\\r.asadullin\\Documents\\Обучения\\обучение PHP Laravel разработчик\\php\\task_manager\\laravel_base\\vendor\\laravel\\framework\\src\\Illuminate\\Foundation\\Http\\Middleware\\VerifyCsrfToken.php(78): Illuminate\\Pipeline\\Pipeline->Illuminate\\Pipeline\\{closure}()
#10 C:\\Users\\r.asadullin\\Documents\\Обучения\\обучение PHP Laravel разработчик\\php\\task_manager\\laravel_base\\vendor\\laravel\\framework\\src\\Illuminate\\Pipeline\\Pipeline.php(183): Illuminate\\Foundation\\Http\\Middleware\\VerifyCsrfToken->handle()
#11 C:\\Users\\r.asadullin\\Documents\\Обучения\\обучение PHP Laravel разработчик\\php\\task_manager\\laravel_base\\vendor\\laravel\\framework\\src\\Illuminate\\View\\Middleware\\ShareErrorsFromSession.php(49): Illuminate\\Pipeline\\Pipeline->Illuminate\\Pipeline\\{closure}()
#12 C:\\Users\\r.asadullin\\Documents\\Обучения\\обучение PHP Laravel разработчик\\php\\task_manager\\laravel_base\\vendor\\laravel\\framework\\src\\Illuminate\\Pipeline\\Pipeline.php(183): Illuminate\\View\\Middleware\\ShareErrorsFromSession->handle()
#13 C:\\Users\\r.asadullin\\Documents\\Обучения\\обучение PHP Laravel разработчик\\php\\task_manager\\laravel_base\\vendor\\laravel\\framework\\src\\Illuminate\\Session\\Middleware\\StartSession.php(121): Illuminate\\Pipeline\\Pipeline->Illuminate\\Pipeline\\{closure}()
#14 C:\\Users\\r.asadullin\\Documents\\Обучения\\обучение PHP Laravel разработчик\\php\\task_manager\\laravel_base\\vendor\\laravel\\framework\\src\\Illuminate\\Session\\Middleware\\StartSession.php(64): Illuminate\\Session\\Middleware\\StartSession->handleStatefulRequest()
#15 C:\\Users\\r.asadullin\\Documents\\Обучения\\обучение PHP Laravel разработчик\\php\\task_manager\\laravel_base\\vendor\\laravel\\framework\\src\\Illuminate\\Pipeline\\Pipeline.php(183): Illuminate\\Session\\Middleware\\StartSession->handle()
#16 C:\\Users\\r.asadullin\\Documents\\Обучения\\обучение PHP Laravel разработчик\\php\\task_manager\\laravel_base\\vendor\\laravel\\framework\\src\\Illuminate\\Cookie\\Middleware\\AddQueuedCookiesToResponse.php(37): Illuminate\\Pipeline\\Pipeline->Illuminate\\Pipeline\\{closure}()
#17 C:\\Users\\r.asadullin\\Documents\\Обучения\\обучение PHP Laravel разработчик\\php\\task_manager\\laravel_base\\vendor\\laravel\\framework\\src\\Illuminate\\Pipeline\\Pipeline.php(183): Illuminate\\Cookie\\Middleware\\AddQueuedCookiesToResponse->handle()
#18 C:\\Users\\r.asadullin\\Documents\\Обучения\\обучение PHP Laravel разработчик\\php\\task_manager\\laravel_base\\vendor\\laravel\\framework\\src\\Illuminate\\Cookie\\Middleware\\EncryptCookies.php(67): Illuminate\\Pipeline\\Pipeline->Illuminate\\Pipeline\\{closure}()
#19 C:\\Users\\r.asadullin\\Documents\\Обучения\\обучение PHP Laravel разработчик\\php\\task_manager\\laravel_base\\vendor\\laravel\\framework\\src\\Illuminate\\Pipeline\\Pipeline.php(183): Illuminate\\Cookie\\Middleware\\EncryptCookies->handle()
#20 C:\\Users\\r.asadullin\\Documents\\Обучения\\обучение PHP Laravel разработчик\\php\\task_manager\\laravel_base\\vendor\\laravel\\framework\\src\\Illuminate\\Pipeline\\Pipeline.php(119): Illuminate\\Pipeline\\Pipeline->Illuminate\\Pipeline\\{closure}()
#21 C:\\Users\\r.asadullin\\Documents\\Обучения\\обучение PHP Laravel разработчик\\php\\task_manager\\laravel_base\\vendor\\laravel\\framework\\src\\Illuminate\\Routing\\Router.php(805): Illuminate\\Pipeline\\Pipeline->then()
#22 C:\\Users\\r.asadullin\\Documents\\Обучения\\обучение PHP Laravel разработчик\\php\\task_manager\\laravel_base\\vendor\\laravel\\framework\\src\\Illuminate\\Routing\\Router.php(784): Illuminate\\Routing\\Router->runRouteWithinStack()
#23 C:\\Users\\r.asadullin\\Documents\\Обучения\\обучение PHP Laravel разработчик\\php\\task_manager\\laravel_base\\vendor\\laravel\\framework\\src\\Illuminate\\Routing\\Router.php(748): Illuminate\\Routing\\Router->runRoute()
#24 C:\\Users\\r.asadullin\\Documents\\Обучения\\обучение PHP Laravel разработчик\\php\\task_manager\\laravel_base\\vendor\\laravel\\framework\\src\\Illuminate\\Routing\\Router.php(737): Illuminate\\Routing\\Router->dispatchToRoute()
#25 C:\\Users\\r.asadullin\\Documents\\Обучения\\обучение PHP Laravel разработчик\\php\\task_manager\\laravel_base\\vendor\\laravel\\framework\\src\\Illuminate\\Foundation\\Http\\Kernel.php(200): Illuminate\\Routing\\Router->dispatch()
#26 C:\\Users\\r.asadullin\\Documents\\Обучения\\обучение PHP Laravel разработчик\\php\\task_manager\\laravel_base\\vendor\\laravel\\framework\\src\\Illuminate\\Pipeline\\Pipeline.php(144): Illuminate\\Foundation\\Http\\Kernel->Illuminate\\Foundation\\Http\\{closure}()
#27 C:\\Users\\r.asadullin\\Documents\\Обучения\\обучение PHP Laravel разработчик\\php\\task_manager\\laravel_base\\vendor\\laravel\\framework\\src\\Illuminate\\Foundation\\Http\\Middleware\\TransformsRequest.php(21): Illuminate\\Pipeline\\Pipeline->Illuminate\\Pipeline\\{closure}()
#28 C:\\Users\\r.asadullin\\Documents\\Обучения\\обучение PHP Laravel разработчик\\php\\task_manager\\laravel_base\\vendor\\laravel\\framework\\src\\Illuminate\\Foundation\\Http\\Middleware\\ConvertEmptyStringsToNull.php(31): Illuminate\\Foundation\\Http\\Middleware\\TransformsRequest->handle()
#29 C:\\Users\\r.asadullin\\Documents\\Обучения\\обучение PHP Laravel разработчик\\php\\task_manager\\laravel_base\\vendor\\laravel\\framework\\src\\Illuminate\\Pipeline\\Pipeline.php(183): Illuminate\\Foundation\\Http\\Middleware\\ConvertEmptyStringsToNull->handle()
#30 C:\\Users\\r.asadullin\\Documents\\Обучения\\обучение PHP Laravel разработчик\\php\\task_manager\\laravel_base\\vendor\\laravel\\framework\\src\\Illuminate\\Foundation\\Http\\Middleware\\TransformsRequest.php(21): Illuminate\\Pipeline\\Pipeline->Illuminate\\Pipeline\\{closure}()
#31 C:\\Users\\r.asadullin\\Documents\\Обучения\\обучение PHP Laravel разработчик\\php\\task_manager\\laravel_base\\vendor\\laravel\\framework\\src\\Illuminate\\Foundation\\Http\\Middleware\\TrimStrings.php(40): Illuminate\\Foundation\\Http\\Middleware\\TransformsRequest->handle()
#32 C:\\Users\\r.asadullin\\Documents\\Обучения\\обучение PHP Laravel разработчик\\php\\task_manager\\laravel_base\\vendor\\laravel\\framework\\src\\Illuminate\\Pipeline\\Pipeline.php(183): Illuminate\\Foundation\\Http\\Middleware\\TrimStrings->handle()
#33 C:\\Users\\r.asadullin\\Documents\\Обучения\\обучение PHP Laravel разработчик\\php\\task_manager\\laravel_base\\vendor\\laravel\\framework\\src\\Illuminate\\Foundation\\Http\\Middleware\\ValidatePostSize.php(27): Illuminate\\Pipeline\\Pipeline->Illuminate\\Pipeline\\{closure}()
#34 C:\\Users\\r.asadullin\\Documents\\Обучения\\обучение PHP Laravel разработчик\\php\\task_manager\\laravel_base\\vendor\\laravel\\framework\\src\\Illuminate\\Pipeline\\Pipeline.php(183): Illuminate\\Foundation\\Http\\Middleware\\ValidatePostSize->handle()
#35 C:\\Users\\r.asadullin\\Documents\\Обучения\\обучение PHP Laravel разработчик\\php\\task_manager\\laravel_base\\vendor\\laravel\\framework\\src\\Illuminate\\Foundation\\Http\\Middleware\\PreventRequestsDuringMaintenance.php(99): Illuminate\\Pipeline\\Pipeline->Illuminate\\Pipeline\\{closure}()
#36 C:\\Users\\r.asadullin\\Documents\\Обучения\\обучение PHP Laravel разработчик\\php\\task_manager\\laravel_base\\vendor\\laravel\\framework\\src\\Illuminate\\Pipeline\\Pipeline.php(183): Illuminate\\Foundation\\Http\\Middleware\\PreventRequestsDuringMaintenance->handle()
#37 C:\\Users\\r.asadullin\\Documents\\Обучения\\обучение PHP Laravel разработчик\\php\\task_manager\\laravel_base\\vendor\\laravel\\framework\\src\\Illuminate\\Http\\Middleware\\HandleCors.php(49): Illuminate\\Pipeline\\Pipeline->Illuminate\\Pipeline\\{closure}()
#38 C:\\Users\\r.asadullin\\Documents\\Обучения\\обучение PHP Laravel разработчик\\php\\task_manager\\laravel_base\\vendor\\laravel\\framework\\src\\Illuminate\\Pipeline\\Pipeline.php(183): Illuminate\\Http\\Middleware\\HandleCors->handle()
#39 C:\\Users\\r.asadullin\\Documents\\Обучения\\обучение PHP Laravel разработчик\\php\\task_manager\\laravel_base\\vendor\\laravel\\framework\\src\\Illuminate\\Http\\Middleware\\TrustProxies.php(39): Illuminate\\Pipeline\\Pipeline->Illuminate\\Pipeline\\{closure}()
#40 C:\\Users\\r.asadullin\\Documents\\Обучения\\обучение PHP Laravel разработчик\\php\\task_manager\\laravel_base\\vendor\\laravel\\framework\\src\\Illuminate\\Pipeline\\Pipeline.php(183): Illuminate\\Http\\Middleware\\TrustProxies->handle()
#41 C:\\Users\\r.asadullin\\Documents\\Обучения\\обучение PHP Laravel разработчик\\php\\task_manager\\laravel_base\\vendor\\laravel\\framework\\src\\Illuminate\\Pipeline\\Pipeline.php(119): Illuminate\\Pipeline\\Pipeline->Illuminate\\Pipeline\\{closure}()
#42 C:\\Users\\r.asadullin\\Documents\\Обучения\\обучение PHP Laravel разработчик\\php\\task_manager\\laravel_base\\vendor\\laravel\\framework\\src\\Illuminate\\Foundation\\Http\\Kernel.php(175): Illuminate\\Pipeline\\Pipeline->then()
#43 C:\\Users\\r.asadullin\\Documents\\Обучения\\обучение PHP Laravel разработчик\\php\\task_manager\\laravel_base\\vendor\\laravel\\framework\\src\\Illuminate\\Foundation\\Http\\Kernel.php(144): Illuminate\\Foundation\\Http\\Kernel->sendRequestThroughRouter()
#44 C:\\Users\\r.asadullin\\Documents\\Обучения\\обучение PHP Laravel разработчик\\php\\task_manager\\laravel_base\\public\\index.php(51): Illuminate\\Foundation\\Http\\Kernel->handle()
#45 C:\\Users\\r.asadullin\\Documents\\Обучения\\обучение PHP Laravel разработчик\\php\\task_manager\\laravel_base\\vendor\\laravel\\framework\\src\\Illuminate\\Foundation\\resources\\server.php(16): require_once('C:\\\\Users\\\\r.asad...')
#46 {main}
"} 
[2024-10-22 21:03:55] local.ERROR: SQLSTATE[42703]: Undefined column: 7 ОШИБКА:  столбец "updated_at" в таблице "tasks" не существует
LINE 1: ...date "tasks" set "name" = $1, "description" = $2, "updated_a...
                                                             ^ (Connection: pgsql, SQL: update "tasks" set "name" = Задача 12, "description" = Описание задачи 12, "updated_at" = 2024-10-22 21:03:55 where "id" = 1) {"exception":"[object] (Illuminate\\Database\\QueryException(code: 42703): SQLSTATE[42703]: Undefined column: 7 ОШИБКА:  столбец \"updated_at\" в таблице \"tasks\" не существует
LINE 1: ...date \"tasks\" set \"name\" = $1, \"description\" = $2, \"updated_a...
                                                             ^ (Connection: pgsql, SQL: update \"tasks\" set \"name\" = Задача 12, \"description\" = Описание задачи 12, \"updated_at\" = 2024-10-22 21:03:55 where \"id\" = 1) at C:\\Users\\r.asadullin\\Documents\\Обучения\\обучение PHP Laravel разработчик\\php\\task_manager\\laravel_base\\vendor\\laravel\\framework\\src\\Illuminate\\Database\\Connection.php:829)
[stacktrace]
#0 C:\\Users\\r.asadullin\\Documents\\Обучения\\обучение PHP Laravel разработчик\\php\\task_manager\\laravel_base\\vendor\\laravel\\framework\\src\\Illuminate\\Database\\Connection.php(783): Illuminate\\Database\\Connection->runQueryCallback()
#1 C:\\Users\\r.asadullin\\Documents\\Обучения\\обучение PHP Laravel разработчик\\php\\task_manager\\laravel_base\\vendor\\laravel\\framework\\src\\Illuminate\\Database\\Connection.php(600): Illuminate\\Database\\Connection->run()
#2 C:\\Users\\r.asadullin\\Documents\\Обучения\\обучение PHP Laravel разработчик\\php\\task_manager\\laravel_base\\vendor\\laravel\\framework\\src\\Illuminate\\Database\\Connection.php(552): Illuminate\\Database\\Connection->affectingStatement()
#3 C:\\Users\\r.asadullin\\Documents\\Обучения\\обучение PHP Laravel разработчик\\php\\task_manager\\laravel_base\\vendor\\laravel\\framework\\src\\Illuminate\\Database\\Query\\Builder.php(3602): Illuminate\\Database\\Connection->update()
#4 C:\\Users\\r.asadullin\\Documents\\Обучения\\обучение PHP Laravel разработчик\\php\\task_manager\\laravel_base\\vendor\\laravel\\framework\\src\\Illuminate\\Database\\Eloquent\\Builder.php(1061): Illuminate\\Database\\Query\\Builder->update()
#5 C:\\Users\\r.asadullin\\Documents\\Обучения\\обучение PHP Laravel разработчик\\php\\task_manager\\laravel_base\\vendor\\laravel\\framework\\src\\Illuminate\\Database\\Eloquent\\Model.php(1214): Illuminate\\Database\\Eloquent\\Builder->update()
#6 C:\\Users\\r.asadullin\\Documents\\Обучения\\обучение PHP Laravel разработчик\\php\\task_manager\\laravel_base\\vendor\\laravel\\framework\\src\\Illuminate\\Database\\Eloquent\\Model.php(1131): Illuminate\\Database\\Eloquent\\Model->performUpdate()
#7 C:\\Users\\r.asadullin\\Documents\\Обучения\\обучение PHP Laravel разработчик\\php\\task_manager\\laravel_base\\vendor\\laravel\\framework\\src\\Illuminate\\Database\\Eloquent\\Model.php(991): Illuminate\\Database\\Eloquent\\Model->save()
#8 C:\\Users\\r.asadullin\\Documents\\Обучения\\обучение PHP Laravel разработчик\\php\\task_manager\\laravel_base\\app\\Http\\Controllers\\TaskController.php(15): Illuminate\\Database\\Eloquent\\Model->update()
#9 C:\\Users\\r.asadullin\\Documents\\Обучения\\обучение PHP Laravel разработчик\\php\\task_manager\\laravel_base\\vendor\\laravel\\framework\\src\\Illuminate\\Routing\\Controller.php(54): App\\Http\\Controllers\\TaskController->update()
#10 C:\\Users\\r.asadullin\\Documents\\Обучения\\обучение PHP Laravel разработчик\\php\\task_manager\\laravel_base\\vendor\\laravel\\framework\\src\\Illuminate\\Routing\\ControllerDispatcher.php(43): Illuminate\\Routing\\Controller->callAction()
#11 C:\\Users\\r.asadullin\\Documents\\Обучения\\обучение PHP Laravel разработчик\\php\\task_manager\\laravel_base\\vendor\\laravel\\framework\\src\\Illuminate\\Routing\\Route.php(259): Illuminate\\Routing\\ControllerDispatcher->dispatch()
#12 C:\\Users\\r.asadullin\\Documents\\Обучения\\обучение PHP Laravel разработчик\\php\\task_manager\\laravel_base\\vendor\\laravel\\framework\\src\\Illuminate\\Routing\\Route.php(205): Illuminate\\Routing\\Route->runController()
#13 C:\\Users\\r.asadullin\\Documents\\Обучения\\обучение PHP Laravel разработчик\\php\\task_manager\\laravel_base\\vendor\\laravel\\framework\\src\\Illuminate\\Routing\\Router.php(806): Illuminate\\Routing\\Route->run()
#14 C:\\Users\\r.asadullin\\Documents\\Обучения\\обучение PHP Laravel разработчик\\php\\task_manager\\laravel_base\\vendor\\laravel\\framework\\src\\Illuminate\\Pipeline\\Pipeline.php(144): Illuminate\\Routing\\Router->Illuminate\\Routing\\{closure}()
#15 C:\\Users\\r.asadullin\\Documents\\Обучения\\обучение PHP Laravel разработчик\\php\\task_manager\\laravel_base\\vendor\\laravel\\framework\\src\\Illuminate\\Routing\\Middleware\\SubstituteBindings.php(50): Illuminate\\Pipeline\\Pipeline->Illuminate\\Pipeline\\{closure}()
#16 C:\\Users\\r.asadullin\\Documents\\Обучения\\обучение PHP Laravel разработчик\\php\\task_manager\\laravel_base\\vendor\\laravel\\framework\\src\\Illuminate\\Pipeline\\Pipeline.php(183): Illuminate\\Routing\\Middleware\\SubstituteBindings->handle()
#17 C:\\Users\\r.asadullin\\Documents\\Обучения\\обучение PHP Laravel разработчик\\php\\task_manager\\laravel_base\\vendor\\laravel\\framework\\src\\Illuminate\\Foundation\\Http\\Middleware\\VerifyCsrfToken.php(78): Illuminate\\Pipeline\\Pipeline->Illuminate\\Pipeline\\{closure}()
#18 C:\\Users\\r.asadullin\\Documents\\Обучения\\обучение PHP Laravel разработчик\\php\\task_manager\\laravel_base\\vendor\\laravel\\framework\\src\\Illuminate\\Pipeline\\Pipeline.php(183): Illuminate\\Foundation\\Http\\Middleware\\VerifyCsrfToken->handle()
#19 C:\\Users\\r.asadullin\\Documents\\Обучения\\обучение PHP Laravel разработчик\\php\\task_manager\\laravel_base\\vendor\\laravel\\framework\\src\\Illuminate\\View\\Middleware\\ShareErrorsFromSession.php(49): Illuminate\\Pipeline\\Pipeline->Illuminate\\Pipeline\\{closure}()
#20 C:\\Users\\r.asadullin\\Documents\\Обучения\\обучение PHP Laravel разработчик\\php\\task_manager\\laravel_base\\vendor\\laravel\\framework\\src\\Illuminate\\Pipeline\\Pipeline.php(183): Illuminate\\View\\Middleware\\ShareErrorsFromSession->handle()
#21 C:\\Users\\r.asadullin\\Documents\\Обучения\\обучение PHP Laravel разработчик\\php\\task_manager\\laravel_base\\vendor\\laravel\\framework\\src\\Illuminate\\Session\\Middleware\\StartSession.php(121): Illuminate\\Pipeline\\Pipeline->Illuminate\\Pipeline\\{closure}()
#22 C:\\Users\\r.asadullin\\Documents\\Обучения\\обучение PHP Laravel разработчик\\php\\task_manager\\laravel_base\\vendor\\laravel\\framework\\src\\Illuminate\\Session\\Middleware\\StartSession.php(64): Illuminate\\Session\\Middleware\\StartSession->handleStatefulRequest()
#23 C:\\Users\\r.asadullin\\Documents\\Обучения\\обучение PHP Laravel разработчик\\php\\task_manager\\laravel_base\\vendor\\laravel\\framework\\src\\Illuminate\\Pipeline\\Pipeline.php(183): Illuminate\\Session\\Middleware\\StartSession->handle()
#24 C:\\Users\\r.asadullin\\Documents\\Обучения\\обучение PHP Laravel разработчик\\php\\task_manager\\laravel_base\\vendor\\laravel\\framework\\src\\Illuminate\\Cookie\\Middleware\\AddQueuedCookiesToResponse.php(37): Illuminate\\Pipeline\\Pipeline->Illuminate\\Pipeline\\{closure}()
#25 C:\\Users\\r.asadullin\\Documents\\Обучения\\обучение PHP Laravel разработчик\\php\\task_manager\\laravel_base\\vendor\\laravel\\framework\\src\\Illuminate\\Pipeline\\Pipeline.php(183): Illuminate\\Cookie\\Middleware\\AddQueuedCookiesToResponse->handle()
#26 C:\\Users\\r.asadullin\\Documents\\Обучения\\обучение PHP Laravel разработчик\\php\\task_manager\\laravel_base\\vendor\\laravel\\framework\\src\\Illuminate\\Cookie\\Middleware\\EncryptCookies.php(67): Illuminate\\Pipeline\\Pipeline->Illuminate\\Pipeline\\{closure}()
#27 C:\\Users\\r.asadullin\\Documents\\Обучения\\обучение PHP Laravel разработчик\\php\\task_manager\\laravel_base\\vendor\\laravel\\framework\\src\\Illuminate\\Pipeline\\Pipeline.php(183): Illuminate\\Cookie\\Middleware\\EncryptCookies->handle()
#28 C:\\Users\\r.asadullin\\Documents\\Обучения\\обучение PHP Laravel разработчик\\php\\task_manager\\laravel_base\\vendor\\laravel\\framework\\src\\Illuminate\\Pipeline\\Pipeline.php(119): Illuminate\\Pipeline\\Pipeline->Illuminate\\Pipeline\\{closure}()
#29 C:\\Users\\r.asadullin\\Documents\\Обучения\\обучение PHP Laravel разработчик\\php\\task_manager\\laravel_base\\vendor\\laravel\\framework\\src\\Illuminate\\Routing\\Router.php(805): Illuminate\\Pipeline\\Pipeline->then()
#30 C:\\Users\\r.asadullin\\Documents\\Обучения\\обучение PHP Laravel разработчик\\php\\task_manager\\laravel_base\\vendor\\laravel\\framework\\src\\Illuminate\\Routing\\Router.php(784): Illuminate\\Routing\\Router->runRouteWithinStack()
#31 C:\\Users\\r.asadullin\\Documents\\Обучения\\обучение PHP Laravel разработчик\\php\\task_manager\\laravel_base\\vendor\\laravel\\framework\\src\\Illuminate\\Routing\\Router.php(748): Illuminate\\Routing\\Router->runRoute()
#32 C:\\Users\\r.asadullin\\Documents\\Обучения\\обучение PHP Laravel разработчик\\php\\task_manager\\laravel_base\\vendor\\laravel\\framework\\src\\Illuminate\\Routing\\Router.php(737): Illuminate\\Routing\\Router->dispatchToRoute()
#33 C:\\Users\\r.asadullin\\Documents\\Обучения\\обучение PHP Laravel разработчик\\php\\task_manager\\laravel_base\\vendor\\laravel\\framework\\src\\Illuminate\\Foundation\\Http\\Kernel.php(200): Illuminate\\Routing\\Router->dispatch()
#34 C:\\Users\\r.asadullin\\Documents\\Обучения\\обучение PHP Laravel разработчик\\php\\task_manager\\laravel_base\\vendor\\laravel\\framework\\src\\Illuminate\\Pipeline\\Pipeline.php(144): Illuminate\\Foundation\\Http\\Kernel->Illuminate\\Foundation\\Http\\{closure}()
#35 C:\\Users\\r.asadullin\\Documents\\Обучения\\обучение PHP Laravel разработчик\\php\\task_manager\\laravel_base\\vendor\\laravel\\framework\\src\\Illuminate\\Foundation\\Http\\Middleware\\TransformsRequest.php(21): Illuminate\\Pipeline\\Pipeline->Illuminate\\Pipeline\\{closure}()
#36 C:\\Users\\r.asadullin\\Documents\\Обучения\\обучение PHP Laravel разработчик\\php\\task_manager\\laravel_base\\vendor\\laravel\\framework\\src\\Illuminate\\Foundation\\Http\\Middleware\\ConvertEmptyStringsToNull.php(31): Illuminate\\Foundation\\Http\\Middleware\\TransformsRequest->handle()
#37 C:\\Users\\r.asadullin\\Documents\\Обучения\\обучение PHP Laravel разработчик\\php\\task_manager\\laravel_base\\vendor\\laravel\\framework\\src\\Illuminate\\Pipeline\\Pipeline.php(183): Illuminate\\Foundation\\Http\\Middleware\\ConvertEmptyStringsToNull->handle()
#38 C:\\Users\\r.asadullin\\Documents\\Обучения\\обучение PHP Laravel разработчик\\php\\task_manager\\laravel_base\\vendor\\laravel\\framework\\src\\Illuminate\\Foundation\\Http\\Middleware\\TransformsRequest.php(21): Illuminate\\Pipeline\\Pipeline->Illuminate\\Pipeline\\{closure}()
#39 C:\\Users\\r.asadullin\\Documents\\Обучения\\обучение PHP Laravel разработчик\\php\\task_manager\\laravel_base\\vendor\\laravel\\framework\\src\\Illuminate\\Foundation\\Http\\Middleware\\TrimStrings.php(40): Illuminate\\Foundation\\Http\\Middleware\\TransformsRequest->handle()
#40 C:\\Users\\r.asadullin\\Documents\\Обучения\\обучение PHP Laravel разработчик\\php\\task_manager\\laravel_base\\vendor\\laravel\\framework\\src\\Illuminate\\Pipeline\\Pipeline.php(183): Illuminate\\Foundation\\Http\\Middleware\\TrimStrings->handle()
#41 C:\\Users\\r.asadullin\\Documents\\Обучения\\обучение PHP Laravel разработчик\\php\\task_manager\\laravel_base\\vendor\\laravel\\framework\\src\\Illuminate\\Foundation\\Http\\Middleware\\ValidatePostSize.php(27): Illuminate\\Pipeline\\Pipeline->Illuminate\\Pipeline\\{closure}()
#42 C:\\Users\\r.asadullin\\Documents\\Обучения\\обучение PHP Laravel разработчик\\php\\task_manager\\laravel_base\\vendor\\laravel\\framework\\src\\Illuminate\\Pipeline\\Pipeline.php(183): Illuminate\\Foundation\\Http\\Middleware\\ValidatePostSize->handle()
#43 C:\\Users\\r.asadullin\\Documents\\Обучения\\обучение PHP Laravel разработчик\\php\\task_manager\\laravel_base\\vendor\\laravel\\framework\\src\\Illuminate\\Foundation\\Http\\Middleware\\PreventRequestsDuringMaintenance.php(99): Illuminate\\Pipeline\\Pipeline->Illuminate\\Pipeline\\{closure}()
#44 C:\\Users\\r.asadullin\\Documents\\Обучения\\обучение PHP Laravel разработчик\\php\\task_manager\\laravel_base\\vendor\\laravel\\framework\\src\\Illuminate\\Pipeline\\Pipeline.php(183): Illuminate\\Foundation\\Http\\Middleware\\PreventRequestsDuringMaintenance->handle()
#45 C:\\Users\\r.asadullin\\Documents\\Обучения\\обучение PHP Laravel разработчик\\php\\task_manager\\laravel_base\\vendor\\laravel\\framework\\src\\Illuminate\\Http\\Middleware\\HandleCors.php(49): Illuminate\\Pipeline\\Pipeline->Illuminate\\Pipeline\\{closure}()
#46 C:\\Users\\r.asadullin\\Documents\\Обучения\\обучение PHP Laravel разработчик\\php\\task_manager\\laravel_base\\vendor\\laravel\\framework\\src\\Illuminate\\Pipeline\\Pipeline.php(183): Illuminate\\Http\\Middleware\\HandleCors->handle()
#47 C:\\Users\\r.asadullin\\Documents\\Обучения\\обучение PHP Laravel разработчик\\php\\task_manager\\laravel_base\\vendor\\laravel\\framework\\src\\Illuminate\\Http\\Middleware\\TrustProxies.php(39): Illuminate\\Pipeline\\Pipeline->Illuminate\\Pipeline\\{closure}()
#48 C:\\Users\\r.asadullin\\Documents\\Обучения\\обучение PHP Laravel разработчик\\php\\task_manager\\laravel_base\\vendor\\laravel\\framework\\src\\Illuminate\\Pipeline\\Pipeline.php(183): Illuminate\\Http\\Middleware\\TrustProxies->handle()
#49 C:\\Users\\r.asadullin\\Documents\\Обучения\\обучение PHP Laravel разработчик\\php\\task_manager\\laravel_base\\vendor\\laravel\\framework\\src\\Illuminate\\Pipeline\\Pipeline.php(119): Illuminate\\Pipeline\\Pipeline->Illuminate\\Pipeline\\{closure}()
#50 C:\\Users\\r.asadullin\\Documents\\Обучения\\обучение PHP Laravel разработчик\\php\\task_manager\\laravel_base\\vendor\\laravel\\framework\\src\\Illuminate\\Foundation\\Http\\Kernel.php(175): Illuminate\\Pipeline\\Pipeline->then()
#51 C:\\Users\\r.asadullin\\Documents\\Обучения\\обучение PHP Laravel разработчик\\php\\task_manager\\laravel_base\\vendor\\laravel\\framework\\src\\Illuminate\\Foundation\\Http\\Kernel.php(144): Illuminate\\Foundation\\Http\\Kernel->sendRequestThroughRouter()
#52 C:\\Users\\r.asadullin\\Documents\\Обучения\\обучение PHP Laravel разработчик\\php\\task_manager\\laravel_base\\public\\index.php(51): Illuminate\\Foundation\\Http\\Kernel->handle()
#53 C:\\Users\\r.asadullin\\Documents\\Обучения\\обучение PHP Laravel разработчик\\php\\task_manager\\laravel_base\\vendor\\laravel\\framework\\src\\Illuminate\\Foundation\\resources\\server.php(16): require_once('C:\\\\Users\\\\r.asad...')
#54 {main}

[previous exception] [object] (PDOException(code: 42703): SQLSTATE[42703]: Undefined column: 7 ОШИБКА:  столбец \"updated_at\" в таблице \"tasks\" не существует
LINE 1: ...date \"tasks\" set \"name\" = $1, \"description\" = $2, \"updated_a...
                                                             ^ at C:\\Users\\r.asadullin\\Documents\\Обучения\\обучение PHP Laravel разработчик\\php\\task_manager\\laravel_base\\vendor\\laravel\\framework\\src\\Illuminate\\Database\\Connection.php:612)
[stacktrace]
#0 C:\\Users\\r.asadullin\\Documents\\Обучения\\обучение PHP Laravel разработчик\\php\\task_manager\\laravel_base\\vendor\\laravel\\framework\\src\\Illuminate\\Database\\Connection.php(612): PDOStatement->execute()
#1 C:\\Users\\r.asadullin\\Documents\\Обучения\\обучение PHP Laravel разработчик\\php\\task_manager\\laravel_base\\vendor\\laravel\\framework\\src\\Illuminate\\Database\\Connection.php(816): Illuminate\\Database\\Connection->Illuminate\\Database\\{closure}()
#2 C:\\Users\\r.asadullin\\Documents\\Обучения\\обучение PHP Laravel разработчик\\php\\task_manager\\laravel_base\\vendor\\laravel\\framework\\src\\Illuminate\\Database\\Connection.php(783): Illuminate\\Database\\Connection->runQueryCallback()
#3 C:\\Users\\r.asadullin\\Documents\\Обучения\\обучение PHP Laravel разработчик\\php\\task_manager\\laravel_base\\vendor\\laravel\\framework\\src\\Illuminate\\Database\\Connection.php(600): Illuminate\\Database\\Connection->run()
#4 C:\\Users\\r.asadullin\\Documents\\Обучения\\обучение PHP Laravel разработчик\\php\\task_manager\\laravel_base\\vendor\\laravel\\framework\\src\\Illuminate\\Database\\Connection.php(552): Illuminate\\Database\\Connection->affectingStatement()
#5 C:\\Users\\r.asadullin\\Documents\\Обучения\\обучение PHP Laravel разработчик\\php\\task_manager\\laravel_base\\vendor\\laravel\\framework\\src\\Illuminate\\Database\\Query\\Builder.php(3602): Illuminate\\Database\\Connection->update()
#6 C:\\Users\\r.asadullin\\Documents\\Обучения\\обучение PHP Laravel разработчик\\php\\task_manager\\laravel_base\\vendor\\laravel\\framework\\src\\Illuminate\\Database\\Eloquent\\Builder.php(1061): Illuminate\\Database\\Query\\Builder->update()
#7 C:\\Users\\r.asadullin\\Documents\\Обучения\\обучение PHP Laravel разработчик\\php\\task_manager\\laravel_base\\vendor\\laravel\\framework\\src\\Illuminate\\Database\\Eloquent\\Model.php(1214): Illuminate\\Database\\Eloquent\\Builder->update()
#8 C:\\Users\\r.asadullin\\Documents\\Обучения\\обучение PHP Laravel разработчик\\php\\task_manager\\laravel_base\\vendor\\laravel\\framework\\src\\Illuminate\\Database\\Eloquent\\Model.php(1131): Illuminate\\Database\\Eloquent\\Model->performUpdate()
#9 C:\\Users\\r.asadullin\\Documents\\Обучения\\обучение PHP Laravel разработчик\\php\\task_manager\\laravel_base\\vendor\\laravel\\framework\\src\\Illuminate\\Database\\Eloquent\\Model.php(991): Illuminate\\Database\\Eloquent\\Model->save()
#10 C:\\Users\\r.asadullin\\Documents\\Обучения\\обучение PHP Laravel разработчик\\php\\task_manager\\laravel_base\\app\\Http\\Controllers\\TaskController.php(15): Illuminate\\Database\\Eloquent\\Model->update()
#11 C:\\Users\\r.asadullin\\Documents\\Обучения\\обучение PHP Laravel разработчик\\php\\task_manager\\laravel_base\\vendor\\laravel\\framework\\src\\Illuminate\\Routing\\Controller.php(54): App\\Http\\Controllers\\TaskController->update()
#12 C:\\Users\\r.asadullin\\Documents\\Обучения\\обучение PHP Laravel разработчик\\php\\task_manager\\laravel_base\\vendor\\laravel\\framework\\src\\Illuminate\\Routing\\ControllerDispatcher.php(43): Illuminate\\Routing\\Controller->callAction()
#13 C:\\Users\\r.asadullin\\Documents\\Обучения\\обучение PHP Laravel разработчик\\php\\task_manager\\laravel_base\\vendor\\laravel\\framework\\src\\Illuminate\\Routing\\Route.php(259): Illuminate\\Routing\\ControllerDispatcher->dispatch()
#14 C:\\Users\\r.asadullin\\Documents\\Обучения\\обучение PHP Laravel разработчик\\php\\task_manager\\laravel_base\\vendor\\laravel\\framework\\src\\Illuminate\\Routing\\Route.php(205): Illuminate\\Routing\\Route->runController()
#15 C:\\Users\\r.asadullin\\Documents\\Обучения\\обучение PHP Laravel разработчик\\php\\task_manager\\laravel_base\\vendor\\laravel\\framework\\src\\Illuminate\\Routing\\Router.php(806): Illuminate\\Routing\\Route->run()
#16 C:\\Users\\r.asadullin\\Documents\\Обучения\\обучение PHP Laravel разработчик\\php\\task_manager\\laravel_base\\vendor\\laravel\\framework\\src\\Illuminate\\Pipeline\\Pipeline.php(144): Illuminate\\Routing\\Router->Illuminate\\Routing\\{closure}()
#17 C:\\Users\\r.asadullin\\Documents\\Обучения\\обучение PHP Laravel разработчик\\php\\task_manager\\laravel_base\\vendor\\laravel\\framework\\src\\Illuminate\\Routing\\Middleware\\SubstituteBindings.php(50): Illuminate\\Pipeline\\Pipeline->Illuminate\\Pipeline\\{closure}()
#18 C:\\Users\\r.asadullin\\Documents\\Обучения\\обучение PHP Laravel разработчик\\php\\task_manager\\laravel_base\\vendor\\laravel\\framework\\src\\Illuminate\\Pipeline\\Pipeline.php(183): Illuminate\\Routing\\Middleware\\SubstituteBindings->handle()
#19 C:\\Users\\r.asadullin\\Documents\\Обучения\\обучение PHP Laravel разработчик\\php\\task_manager\\laravel_base\\vendor\\laravel\\framework\\src\\Illuminate\\Foundation\\Http\\Middleware\\VerifyCsrfToken.php(78): Illuminate\\Pipeline\\Pipeline->Illuminate\\Pipeline\\{closure}()
#20 C:\\Users\\r.asadullin\\Documents\\Обучения\\обучение PHP Laravel разработчик\\php\\task_manager\\laravel_base\\vendor\\laravel\\framework\\src\\Illuminate\\Pipeline\\Pipeline.php(183): Illuminate\\Foundation\\Http\\Middleware\\VerifyCsrfToken->handle()
#21 C:\\Users\\r.asadullin\\Documents\\Обучения\\обучение PHP Laravel разработчик\\php\\task_manager\\laravel_base\\vendor\\laravel\\framework\\src\\Illuminate\\View\\Middleware\\ShareErrorsFromSession.php(49): Illuminate\\Pipeline\\Pipeline->Illuminate\\Pipeline\\{closure}()
#22 C:\\Users\\r.asadullin\\Documents\\Обучения\\обучение PHP Laravel разработчик\\php\\task_manager\\laravel_base\\vendor\\laravel\\framework\\src\\Illuminate\\Pipeline\\Pipeline.php(183): Illuminate\\View\\Middleware\\ShareErrorsFromSession->handle()
#23 C:\\Users\\r.asadullin\\Documents\\Обучения\\обучение PHP Laravel разработчик\\php\\task_manager\\laravel_base\\vendor\\laravel\\framework\\src\\Illuminate\\Session\\Middleware\\StartSession.php(121): Illuminate\\Pipeline\\Pipeline->Illuminate\\Pipeline\\{closure}()
#24 C:\\Users\\r.asadullin\\Documents\\Обучения\\обучение PHP Laravel разработчик\\php\\task_manager\\laravel_base\\vendor\\laravel\\framework\\src\\Illuminate\\Session\\Middleware\\StartSession.php(64): Illuminate\\Session\\Middleware\\StartSession->handleStatefulRequest()
#25 C:\\Users\\r.asadullin\\Documents\\Обучения\\обучение PHP Laravel разработчик\\php\\task_manager\\laravel_base\\vendor\\laravel\\framework\\src\\Illuminate\\Pipeline\\Pipeline.php(183): Illuminate\\Session\\Middleware\\StartSession->handle()
#26 C:\\Users\\r.asadullin\\Documents\\Обучения\\обучение PHP Laravel разработчик\\php\\task_manager\\laravel_base\\vendor\\laravel\\framework\\src\\Illuminate\\Cookie\\Middleware\\AddQueuedCookiesToResponse.php(37): Illuminate\\Pipeline\\Pipeline->Illuminate\\Pipeline\\{closure}()
#27 C:\\Users\\r.asadullin\\Documents\\Обучения\\обучение PHP Laravel разработчик\\php\\task_manager\\laravel_base\\vendor\\laravel\\framework\\src\\Illuminate\\Pipeline\\Pipeline.php(183): Illuminate\\Cookie\\Middleware\\AddQueuedCookiesToResponse->handle()
#28 C:\\Users\\r.asadullin\\Documents\\Обучения\\обучение PHP Laravel разработчик\\php\\task_manager\\laravel_base\\vendor\\laravel\\framework\\src\\Illuminate\\Cookie\\Middleware\\EncryptCookies.php(67): Illuminate\\Pipeline\\Pipeline->Illuminate\\Pipeline\\{closure}()
#29 C:\\Users\\r.asadullin\\Documents\\Обучения\\обучение PHP Laravel разработчик\\php\\task_manager\\laravel_base\\vendor\\laravel\\framework\\src\\Illuminate\\Pipeline\\Pipeline.php(183): Illuminate\\Cookie\\Middleware\\EncryptCookies->handle()
#30 C:\\Users\\r.asadullin\\Documents\\Обучения\\обучение PHP Laravel разработчик\\php\\task_manager\\laravel_base\\vendor\\laravel\\framework\\src\\Illuminate\\Pipeline\\Pipeline.php(119): Illuminate\\Pipeline\\Pipeline->Illuminate\\Pipeline\\{closure}()
#31 C:\\Users\\r.asadullin\\Documents\\Обучения\\обучение PHP Laravel разработчик\\php\\task_manager\\laravel_base\\vendor\\laravel\\framework\\src\\Illuminate\\Routing\\Router.php(805): Illuminate\\Pipeline\\Pipeline->then()
#32 C:\\Users\\r.asadullin\\Documents\\Обучения\\обучение PHP Laravel разработчик\\php\\task_manager\\laravel_base\\vendor\\laravel\\framework\\src\\Illuminate\\Routing\\Router.php(784): Illuminate\\Routing\\Router->runRouteWithinStack()
#33 C:\\Users\\r.asadullin\\Documents\\Обучения\\обучение PHP Laravel разработчик\\php\\task_manager\\laravel_base\\vendor\\laravel\\framework\\src\\Illuminate\\Routing\\Router.php(748): Illuminate\\Routing\\Router->runRoute()
#34 C:\\Users\\r.asadullin\\Documents\\Обучения\\обучение PHP Laravel разработчик\\php\\task_manager\\laravel_base\\vendor\\laravel\\framework\\src\\Illuminate\\Routing\\Router.php(737): Illuminate\\Routing\\Router->dispatchToRoute()
#35 C:\\Users\\r.asadullin\\Documents\\Обучения\\обучение PHP Laravel разработчик\\php\\task_manager\\laravel_base\\vendor\\laravel\\framework\\src\\Illuminate\\Foundation\\Http\\Kernel.php(200): Illuminate\\Routing\\Router->dispatch()
#36 C:\\Users\\r.asadullin\\Documents\\Обучения\\обучение PHP Laravel разработчик\\php\\task_manager\\laravel_base\\vendor\\laravel\\framework\\src\\Illuminate\\Pipeline\\Pipeline.php(144): Illuminate\\Foundation\\Http\\Kernel->Illuminate\\Foundation\\Http\\{closure}()
#37 C:\\Users\\r.asadullin\\Documents\\Обучения\\обучение PHP Laravel разработчик\\php\\task_manager\\laravel_base\\vendor\\laravel\\framework\\src\\Illuminate\\Foundation\\Http\\Middleware\\TransformsRequest.php(21): Illuminate\\Pipeline\\Pipeline->Illuminate\\Pipeline\\{closure}()
#38 C:\\Users\\r.asadullin\\Documents\\Обучения\\обучение PHP Laravel разработчик\\php\\task_manager\\laravel_base\\vendor\\laravel\\framework\\src\\Illuminate\\Foundation\\Http\\Middleware\\ConvertEmptyStringsToNull.php(31): Illuminate\\Foundation\\Http\\Middleware\\TransformsRequest->handle()
#39 C:\\Users\\r.asadullin\\Documents\\Обучения\\обучение PHP Laravel разработчик\\php\\task_manager\\laravel_base\\vendor\\laravel\\framework\\src\\Illuminate\\Pipeline\\Pipeline.php(183): Illuminate\\Foundation\\Http\\Middleware\\ConvertEmptyStringsToNull->handle()
#40 C:\\Users\\r.asadullin\\Documents\\Обучения\\обучение PHP Laravel разработчик\\php\\task_manager\\laravel_base\\vendor\\laravel\\framework\\src\\Illuminate\\Foundation\\Http\\Middleware\\TransformsRequest.php(21): Illuminate\\Pipeline\\Pipeline->Illuminate\\Pipeline\\{closure}()
#41 C:\\Users\\r.asadullin\\Documents\\Обучения\\обучение PHP Laravel разработчик\\php\\task_manager\\laravel_base\\vendor\\laravel\\framework\\src\\Illuminate\\Foundation\\Http\\Middleware\\TrimStrings.php(40): Illuminate\\Foundation\\Http\\Middleware\\TransformsRequest->handle()
#42 C:\\Users\\r.asadullin\\Documents\\Обучения\\обучение PHP Laravel разработчик\\php\\task_manager\\laravel_base\\vendor\\laravel\\framework\\src\\Illuminate\\Pipeline\\Pipeline.php(183): Illuminate\\Foundation\\Http\\Middleware\\TrimStrings->handle()
#43 C:\\Users\\r.asadullin\\Documents\\Обучения\\обучение PHP Laravel разработчик\\php\\task_manager\\laravel_base\\vendor\\laravel\\framework\\src\\Illuminate\\Foundation\\Http\\Middleware\\ValidatePostSize.php(27): Illuminate\\Pipeline\\Pipeline->Illuminate\\Pipeline\\{closure}()
#44 C:\\Users\\r.asadullin\\Documents\\Обучения\\обучение PHP Laravel разработчик\\php\\task_manager\\laravel_base\\vendor\\laravel\\framework\\src\\Illuminate\\Pipeline\\Pipeline.php(183): Illuminate\\Foundation\\Http\\Middleware\\ValidatePostSize->handle()
#45 C:\\Users\\r.asadullin\\Documents\\Обучения\\обучение PHP Laravel разработчик\\php\\task_manager\\laravel_base\\vendor\\laravel\\framework\\src\\Illuminate\\Foundation\\Http\\Middleware\\PreventRequestsDuringMaintenance.php(99): Illuminate\\Pipeline\\Pipeline->Illuminate\\Pipeline\\{closure}()
#46 C:\\Users\\r.asadullin\\Documents\\Обучения\\обучение PHP Laravel разработчик\\php\\task_manager\\laravel_base\\vendor\\laravel\\framework\\src\\Illuminate\\Pipeline\\Pipeline.php(183): Illuminate\\Foundation\\Http\\Middleware\\PreventRequestsDuringMaintenance->handle()
#47 C:\\Users\\r.asadullin\\Documents\\Обучения\\обучение PHP Laravel разработчик\\php\\task_manager\\laravel_base\\vendor\\laravel\\framework\\src\\Illuminate\\Http\\Middleware\\HandleCors.php(49): Illuminate\\Pipeline\\Pipeline->Illuminate\\Pipeline\\{closure}()
#48 C:\\Users\\r.asadullin\\Documents\\Обучения\\обучение PHP Laravel разработчик\\php\\task_manager\\laravel_base\\vendor\\laravel\\framework\\src\\Illuminate\\Pipeline\\Pipeline.php(183): Illuminate\\Http\\Middleware\\HandleCors->handle()
#49 C:\\Users\\r.asadullin\\Documents\\Обучения\\обучение PHP Laravel разработчик\\php\\task_manager\\laravel_base\\vendor\\laravel\\framework\\src\\Illuminate\\Http\\Middleware\\TrustProxies.php(39): Illuminate\\Pipeline\\Pipeline->Illuminate\\Pipeline\\{closure}()
#50 C:\\Users\\r.asadullin\\Documents\\Обучения\\обучение PHP Laravel разработчик\\php\\task_manager\\laravel_base\\vendor\\laravel\\framework\\src\\Illuminate\\Pipeline\\Pipeline.php(183): Illuminate\\Http\\Middleware\\TrustProxies->handle()
#51 C:\\Users\\r.asadullin\\Documents\\Обучения\\обучение PHP Laravel разработчик\\php\\task_manager\\laravel_base\\vendor\\laravel\\framework\\src\\Illuminate\\Pipeline\\Pipeline.php(119): Illuminate\\Pipeline\\Pipeline->Illuminate\\Pipeline\\{closure}()
#52 C:\\Users\\r.asadullin\\Documents\\Обучения\\обучение PHP Laravel разработчик\\php\\task_manager\\laravel_base\\vendor\\laravel\\framework\\src\\Illuminate\\Foundation\\Http\\Kernel.php(175): Illuminate\\Pipeline\\Pipeline->then()
#53 C:\\Users\\r.asadullin\\Documents\\Обучения\\обучение PHP Laravel разработчик\\php\\task_manager\\laravel_base\\vendor\\laravel\\framework\\src\\Illuminate\\Foundation\\Http\\Kernel.php(144): Illuminate\\Foundation\\Http\\Kernel->sendRequestThroughRouter()
#54 C:\\Users\\r.asadullin\\Documents\\Обучения\\обучение PHP Laravel разработчик\\php\\task_manager\\laravel_base\\public\\index.php(51): Illuminate\\Foundation\\Http\\Kernel->handle()
#55 C:\\Users\\r.asadullin\\Documents\\Обучения\\обучение PHP Laravel разработчик\\php\\task_manager\\laravel_base\\vendor\\laravel\\framework\\src\\Illuminate\\Foundation\\resources\\server.php(16): require_once('C:\\\\Users\\\\r.asad...')
#56 {main}
"} 
[2024-10-22 21:06:03] local.ERROR: Route [user.show] not defined. {"exception":"[object] (Symfony\\Component\\Routing\\Exception\\RouteNotFoundException(code: 0): Route [user.show] not defined. at C:\\Users\\r.asadullin\\Documents\\Обучения\\обучение PHP Laravel разработчик\\php\\task_manager\\laravel_base\\vendor\\laravel\\framework\\src\\Illuminate\\Routing\\UrlGenerator.php:477)
[stacktrace]
#0 C:\\Users\\r.asadullin\\Documents\\Обучения\\обучение PHP Laravel разработчик\\php\\task_manager\\laravel_base\\vendor\\laravel\\framework\\src\\Illuminate\\Routing\\Redirector.php(154): Illuminate\\Routing\\UrlGenerator->route()
#1 C:\\Users\\r.asadullin\\Documents\\Обучения\\обучение PHP Laravel разработчик\\php\\task_manager\\laravel_base\\app\\Http\\Controllers\\TaskController.php(16): Illuminate\\Routing\\Redirector->route()
#2 C:\\Users\\r.asadullin\\Documents\\Обучения\\обучение PHP Laravel разработчик\\php\\task_manager\\laravel_base\\vendor\\laravel\\framework\\src\\Illuminate\\Routing\\Controller.php(54): App\\Http\\Controllers\\TaskController->update()
#3 C:\\Users\\r.asadullin\\Documents\\Обучения\\обучение PHP Laravel разработчик\\php\\task_manager\\laravel_base\\vendor\\laravel\\framework\\src\\Illuminate\\Routing\\ControllerDispatcher.php(43): Illuminate\\Routing\\Controller->callAction()
#4 C:\\Users\\r.asadullin\\Documents\\Обучения\\обучение PHP Laravel разработчик\\php\\task_manager\\laravel_base\\vendor\\laravel\\framework\\src\\Illuminate\\Routing\\Route.php(259): Illuminate\\Routing\\ControllerDispatcher->dispatch()
#5 C:\\Users\\r.asadullin\\Documents\\Обучения\\обучение PHP Laravel разработчик\\php\\task_manager\\laravel_base\\vendor\\laravel\\framework\\src\\Illuminate\\Routing\\Route.php(205): Illuminate\\Routing\\Route->runController()
#6 C:\\Users\\r.asadullin\\Documents\\Обучения\\обучение PHP Laravel разработчик\\php\\task_manager\\laravel_base\\vendor\\laravel\\framework\\src\\Illuminate\\Routing\\Router.php(806): Illuminate\\Routing\\Route->run()
#7 C:\\Users\\r.asadullin\\Documents\\Обучения\\обучение PHP Laravel разработчик\\php\\task_manager\\laravel_base\\vendor\\laravel\\framework\\src\\Illuminate\\Pipeline\\Pipeline.php(144): Illuminate\\Routing\\Router->Illuminate\\Routing\\{closure}()
#8 C:\\Users\\r.asadullin\\Documents\\Обучения\\обучение PHP Laravel разработчик\\php\\task_manager\\laravel_base\\vendor\\laravel\\framework\\src\\Illuminate\\Routing\\Middleware\\SubstituteBindings.php(50): Illuminate\\Pipeline\\Pipeline->Illuminate\\Pipeline\\{closure}()
#9 C:\\Users\\r.asadullin\\Documents\\Обучения\\обучение PHP Laravel разработчик\\php\\task_manager\\laravel_base\\vendor\\laravel\\framework\\src\\Illuminate\\Pipeline\\Pipeline.php(183): Illuminate\\Routing\\Middleware\\SubstituteBindings->handle()
#10 C:\\Users\\r.asadullin\\Documents\\Обучения\\обучение PHP Laravel разработчик\\php\\task_manager\\laravel_base\\vendor\\laravel\\framework\\src\\Illuminate\\Foundation\\Http\\Middleware\\VerifyCsrfToken.php(78): Illuminate\\Pipeline\\Pipeline->Illuminate\\Pipeline\\{closure}()
#11 C:\\Users\\r.asadullin\\Documents\\Обучения\\обучение PHP Laravel разработчик\\php\\task_manager\\laravel_base\\vendor\\laravel\\framework\\src\\Illuminate\\Pipeline\\Pipeline.php(183): Illuminate\\Foundation\\Http\\Middleware\\VerifyCsrfToken->handle()
#12 C:\\Users\\r.asadullin\\Documents\\Обучения\\обучение PHP Laravel разработчик\\php\\task_manager\\laravel_base\\vendor\\laravel\\framework\\src\\Illuminate\\View\\Middleware\\ShareErrorsFromSession.php(49): Illuminate\\Pipeline\\Pipeline->Illuminate\\Pipeline\\{closure}()
#13 C:\\Users\\r.asadullin\\Documents\\Обучения\\обучение PHP Laravel разработчик\\php\\task_manager\\laravel_base\\vendor\\laravel\\framework\\src\\Illuminate\\Pipeline\\Pipeline.php(183): Illuminate\\View\\Middleware\\ShareErrorsFromSession->handle()
#14 C:\\Users\\r.asadullin\\Documents\\Обучения\\обучение PHP Laravel разработчик\\php\\task_manager\\laravel_base\\vendor\\laravel\\framework\\src\\Illuminate\\Session\\Middleware\\StartSession.php(121): Illuminate\\Pipeline\\Pipeline->Illuminate\\Pipeline\\{closure}()
#15 C:\\Users\\r.asadullin\\Documents\\Обучения\\обучение PHP Laravel разработчик\\php\\task_manager\\laravel_base\\vendor\\laravel\\framework\\src\\Illuminate\\Session\\Middleware\\StartSession.php(64): Illuminate\\Session\\Middleware\\StartSession->handleStatefulRequest()
#16 C:\\Users\\r.asadullin\\Documents\\Обучения\\обучение PHP Laravel разработчик\\php\\task_manager\\laravel_base\\vendor\\laravel\\framework\\src\\Illuminate\\Pipeline\\Pipeline.php(183): Illuminate\\Session\\Middleware\\StartSession->handle()
#17 C:\\Users\\r.asadullin\\Documents\\Обучения\\обучение PHP Laravel разработчик\\php\\task_manager\\laravel_base\\vendor\\laravel\\framework\\src\\Illuminate\\Cookie\\Middleware\\AddQueuedCookiesToResponse.php(37): Illuminate\\Pipeline\\Pipeline->Illuminate\\Pipeline\\{closure}()
#18 C:\\Users\\r.asadullin\\Documents\\Обучения\\обучение PHP Laravel разработчик\\php\\task_manager\\laravel_base\\vendor\\laravel\\framework\\src\\Illuminate\\Pipeline\\Pipeline.php(183): Illuminate\\Cookie\\Middleware\\AddQueuedCookiesToResponse->handle()
#19 C:\\Users\\r.asadullin\\Documents\\Обучения\\обучение PHP Laravel разработчик\\php\\task_manager\\laravel_base\\vendor\\laravel\\framework\\src\\Illuminate\\Cookie\\Middleware\\EncryptCookies.php(67): Illuminate\\Pipeline\\Pipeline->Illuminate\\Pipeline\\{closure}()
#20 C:\\Users\\r.asadullin\\Documents\\Обучения\\обучение PHP Laravel разработчик\\php\\task_manager\\laravel_base\\vendor\\laravel\\framework\\src\\Illuminate\\Pipeline\\Pipeline.php(183): Illuminate\\Cookie\\Middleware\\EncryptCookies->handle()
#21 C:\\Users\\r.asadullin\\Documents\\Обучения\\обучение PHP Laravel разработчик\\php\\task_manager\\laravel_base\\vendor\\laravel\\framework\\src\\Illuminate\\Pipeline\\Pipeline.php(119): Illuminate\\Pipeline\\Pipeline->Illuminate\\Pipeline\\{closure}()
#22 C:\\Users\\r.asadullin\\Documents\\Обучения\\обучение PHP Laravel разработчик\\php\\task_manager\\laravel_base\\vendor\\laravel\\framework\\src\\Illuminate\\Routing\\Router.php(805): Illuminate\\Pipeline\\Pipeline->then()
#23 C:\\Users\\r.asadullin\\Documents\\Обучения\\обучение PHP Laravel разработчик\\php\\task_manager\\laravel_base\\vendor\\laravel\\framework\\src\\Illuminate\\Routing\\Router.php(784): Illuminate\\Routing\\Router->runRouteWithinStack()
#24 C:\\Users\\r.asadullin\\Documents\\Обучения\\обучение PHP Laravel разработчик\\php\\task_manager\\laravel_base\\vendor\\laravel\\framework\\src\\Illuminate\\Routing\\Router.php(748): Illuminate\\Routing\\Router->runRoute()
#25 C:\\Users\\r.asadullin\\Documents\\Обучения\\обучение PHP Laravel разработчик\\php\\task_manager\\laravel_base\\vendor\\laravel\\framework\\src\\Illuminate\\Routing\\Router.php(737): Illuminate\\Routing\\Router->dispatchToRoute()
#26 C:\\Users\\r.asadullin\\Documents\\Обучения\\обучение PHP Laravel разработчик\\php\\task_manager\\laravel_base\\vendor\\laravel\\framework\\src\\Illuminate\\Foundation\\Http\\Kernel.php(200): Illuminate\\Routing\\Router->dispatch()
#27 C:\\Users\\r.asadullin\\Documents\\Обучения\\обучение PHP Laravel разработчик\\php\\task_manager\\laravel_base\\vendor\\laravel\\framework\\src\\Illuminate\\Pipeline\\Pipeline.php(144): Illuminate\\Foundation\\Http\\Kernel->Illuminate\\Foundation\\Http\\{closure}()
#28 C:\\Users\\r.asadullin\\Documents\\Обучения\\обучение PHP Laravel разработчик\\php\\task_manager\\laravel_base\\vendor\\laravel\\framework\\src\\Illuminate\\Foundation\\Http\\Middleware\\TransformsRequest.php(21): Illuminate\\Pipeline\\Pipeline->Illuminate\\Pipeline\\{closure}()
#29 C:\\Users\\r.asadullin\\Documents\\Обучения\\обучение PHP Laravel разработчик\\php\\task_manager\\laravel_base\\vendor\\laravel\\framework\\src\\Illuminate\\Foundation\\Http\\Middleware\\ConvertEmptyStringsToNull.php(31): Illuminate\\Foundation\\Http\\Middleware\\TransformsRequest->handle()
#30 C:\\Users\\r.asadullin\\Documents\\Обучения\\обучение PHP Laravel разработчик\\php\\task_manager\\laravel_base\\vendor\\laravel\\framework\\src\\Illuminate\\Pipeline\\Pipeline.php(183): Illuminate\\Foundation\\Http\\Middleware\\ConvertEmptyStringsToNull->handle()
#31 C:\\Users\\r.asadullin\\Documents\\Обучения\\обучение PHP Laravel разработчик\\php\\task_manager\\laravel_base\\vendor\\laravel\\framework\\src\\Illuminate\\Foundation\\Http\\Middleware\\TransformsRequest.php(21): Illuminate\\Pipeline\\Pipeline->Illuminate\\Pipeline\\{closure}()
#32 C:\\Users\\r.asadullin\\Documents\\Обучения\\обучение PHP Laravel разработчик\\php\\task_manager\\laravel_base\\vendor\\laravel\\framework\\src\\Illuminate\\Foundation\\Http\\Middleware\\TrimStrings.php(40): Illuminate\\Foundation\\Http\\Middleware\\TransformsRequest->handle()
#33 C:\\Users\\r.asadullin\\Documents\\Обучения\\обучение PHP Laravel разработчик\\php\\task_manager\\laravel_base\\vendor\\laravel\\framework\\src\\Illuminate\\Pipeline\\Pipeline.php(183): Illuminate\\Foundation\\Http\\Middleware\\TrimStrings->handle()
#34 C:\\Users\\r.asadullin\\Documents\\Обучения\\обучение PHP Laravel разработчик\\php\\task_manager\\laravel_base\\vendor\\laravel\\framework\\src\\Illuminate\\Foundation\\Http\\Middleware\\ValidatePostSize.php(27): Illuminate\\Pipeline\\Pipeline->Illuminate\\Pipeline\\{closure}()
#35 C:\\Users\\r.asadullin\\Documents\\Обучения\\обучение PHP Laravel разработчик\\php\\task_manager\\laravel_base\\vendor\\laravel\\framework\\src\\Illuminate\\Pipeline\\Pipeline.php(183): Illuminate\\Foundation\\Http\\Middleware\\ValidatePostSize->handle()
#36 C:\\Users\\r.asadullin\\Documents\\Обучения\\обучение PHP Laravel разработчик\\php\\task_manager\\laravel_base\\vendor\\laravel\\framework\\src\\Illuminate\\Foundation\\Http\\Middleware\\PreventRequestsDuringMaintenance.php(99): Illuminate\\Pipeline\\Pipeline->Illuminate\\Pipeline\\{closure}()
#37 C:\\Users\\r.asadullin\\Documents\\Обучения\\обучение PHP Laravel разработчик\\php\\task_manager\\laravel_base\\vendor\\laravel\\framework\\src\\Illuminate\\Pipeline\\Pipeline.php(183): Illuminate\\Foundation\\Http\\Middleware\\PreventRequestsDuringMaintenance->handle()
#38 C:\\Users\\r.asadullin\\Documents\\Обучения\\обучение PHP Laravel разработчик\\php\\task_manager\\laravel_base\\vendor\\laravel\\framework\\src\\Illuminate\\Http\\Middleware\\HandleCors.php(49): Illuminate\\Pipeline\\Pipeline->Illuminate\\Pipeline\\{closure}()
#39 C:\\Users\\r.asadullin\\Documents\\Обучения\\обучение PHP Laravel разработчик\\php\\task_manager\\laravel_base\\vendor\\laravel\\framework\\src\\Illuminate\\Pipeline\\Pipeline.php(183): Illuminate\\Http\\Middleware\\HandleCors->handle()
#40 C:\\Users\\r.asadullin\\Documents\\Обучения\\обучение PHP Laravel разработчик\\php\\task_manager\\laravel_base\\vendor\\laravel\\framework\\src\\Illuminate\\Http\\Middleware\\TrustProxies.php(39): Illuminate\\Pipeline\\Pipeline->Illuminate\\Pipeline\\{closure}()
#41 C:\\Users\\r.asadullin\\Documents\\Обучения\\обучение PHP Laravel разработчик\\php\\task_manager\\laravel_base\\vendor\\laravel\\framework\\src\\Illuminate\\Pipeline\\Pipeline.php(183): Illuminate\\Http\\Middleware\\TrustProxies->handle()
#42 C:\\Users\\r.asadullin\\Documents\\Обучения\\обучение PHP Laravel разработчик\\php\\task_manager\\laravel_base\\vendor\\laravel\\framework\\src\\Illuminate\\Pipeline\\Pipeline.php(119): Illuminate\\Pipeline\\Pipeline->Illuminate\\Pipeline\\{closure}()
#43 C:\\Users\\r.asadullin\\Documents\\Обучения\\обучение PHP Laravel разработчик\\php\\task_manager\\laravel_base\\vendor\\laravel\\framework\\src\\Illuminate\\Foundation\\Http\\Kernel.php(175): Illuminate\\Pipeline\\Pipeline->then()
#44 C:\\Users\\r.asadullin\\Documents\\Обучения\\обучение PHP Laravel разработчик\\php\\task_manager\\laravel_base\\vendor\\laravel\\framework\\src\\Illuminate\\Foundation\\Http\\Kernel.php(144): Illuminate\\Foundation\\Http\\Kernel->sendRequestThroughRouter()
#45 C:\\Users\\r.asadullin\\Documents\\Обучения\\обучение PHP Laravel разработчик\\php\\task_manager\\laravel_base\\public\\index.php(51): Illuminate\\Foundation\\Http\\Kernel->handle()
#46 C:\\Users\\r.asadullin\\Documents\\Обучения\\обучение PHP Laravel разработчик\\php\\task_manager\\laravel_base\\vendor\\laravel\\framework\\src\\Illuminate\\Foundation\\resources\\server.php(16): require_once('C:\\\\Users\\\\r.asad...')
#47 {main}
"} 
[2024-10-23 05:29:23] local.ERROR: Method Illuminate\Http\Request::validated does not exist. {"exception":"[object] (BadMethodCallException(code: 0): Method Illuminate\\Http\\Request::validated does not exist. at C:\\Users\\r.asadullin\\Documents\\Обучения\\обучение PHP Laravel разработчик\\php\\task_manager\\laravel_base\\vendor\\laravel\\framework\\src\\Illuminate\\Macroable\\Traits\\Macroable.php:112)
[stacktrace]
#0 C:\\Users\\r.asadullin\\Documents\\Обучения\\обучение PHP Laravel разработчик\\php\\task_manager\\laravel_base\\app\\Http\\Controllers\\TaskController.php(36): Illuminate\\Http\\Request->__call()
#1 C:\\Users\\r.asadullin\\Documents\\Обучения\\обучение PHP Laravel разработчик\\php\\task_manager\\laravel_base\\vendor\\laravel\\framework\\src\\Illuminate\\Routing\\Controller.php(54): App\\Http\\Controllers\\TaskController->update()
#2 C:\\Users\\r.asadullin\\Documents\\Обучения\\обучение PHP Laravel разработчик\\php\\task_manager\\laravel_base\\vendor\\laravel\\framework\\src\\Illuminate\\Routing\\ControllerDispatcher.php(43): Illuminate\\Routing\\Controller->callAction()
#3 C:\\Users\\r.asadullin\\Documents\\Обучения\\обучение PHP Laravel разработчик\\php\\task_manager\\laravel_base\\vendor\\laravel\\framework\\src\\Illuminate\\Routing\\Route.php(259): Illuminate\\Routing\\ControllerDispatcher->dispatch()
#4 C:\\Users\\r.asadullin\\Documents\\Обучения\\обучение PHP Laravel разработчик\\php\\task_manager\\laravel_base\\vendor\\laravel\\framework\\src\\Illuminate\\Routing\\Route.php(205): Illuminate\\Routing\\Route->runController()
#5 C:\\Users\\r.asadullin\\Documents\\Обучения\\обучение PHP Laravel разработчик\\php\\task_manager\\laravel_base\\vendor\\laravel\\framework\\src\\Illuminate\\Routing\\Router.php(806): Illuminate\\Routing\\Route->run()
#6 C:\\Users\\r.asadullin\\Documents\\Обучения\\обучение PHP Laravel разработчик\\php\\task_manager\\laravel_base\\vendor\\laravel\\framework\\src\\Illuminate\\Pipeline\\Pipeline.php(144): Illuminate\\Routing\\Router->Illuminate\\Routing\\{closure}()
#7 C:\\Users\\r.asadullin\\Documents\\Обучения\\обучение PHP Laravel разработчик\\php\\task_manager\\laravel_base\\vendor\\laravel\\framework\\src\\Illuminate\\Routing\\Middleware\\SubstituteBindings.php(50): Illuminate\\Pipeline\\Pipeline->Illuminate\\Pipeline\\{closure}()
#8 C:\\Users\\r.asadullin\\Documents\\Обучения\\обучение PHP Laravel разработчик\\php\\task_manager\\laravel_base\\vendor\\laravel\\framework\\src\\Illuminate\\Pipeline\\Pipeline.php(183): Illuminate\\Routing\\Middleware\\SubstituteBindings->handle()
#9 C:\\Users\\r.asadullin\\Documents\\Обучения\\обучение PHP Laravel разработчик\\php\\task_manager\\laravel_base\\vendor\\laravel\\framework\\src\\Illuminate\\Foundation\\Http\\Middleware\\VerifyCsrfToken.php(78): Illuminate\\Pipeline\\Pipeline->Illuminate\\Pipeline\\{closure}()
#10 C:\\Users\\r.asadullin\\Documents\\Обучения\\обучение PHP Laravel разработчик\\php\\task_manager\\laravel_base\\vendor\\laravel\\framework\\src\\Illuminate\\Pipeline\\Pipeline.php(183): Illuminate\\Foundation\\Http\\Middleware\\VerifyCsrfToken->handle()
#11 C:\\Users\\r.asadullin\\Documents\\Обучения\\обучение PHP Laravel разработчик\\php\\task_manager\\laravel_base\\vendor\\laravel\\framework\\src\\Illuminate\\View\\Middleware\\ShareErrorsFromSession.php(49): Illuminate\\Pipeline\\Pipeline->Illuminate\\Pipeline\\{closure}()
#12 C:\\Users\\r.asadullin\\Documents\\Обучения\\обучение PHP Laravel разработчик\\php\\task_manager\\laravel_base\\vendor\\laravel\\framework\\src\\Illuminate\\Pipeline\\Pipeline.php(183): Illuminate\\View\\Middleware\\ShareErrorsFromSession->handle()
#13 C:\\Users\\r.asadullin\\Documents\\Обучения\\обучение PHP Laravel разработчик\\php\\task_manager\\laravel_base\\vendor\\laravel\\framework\\src\\Illuminate\\Session\\Middleware\\StartSession.php(121): Illuminate\\Pipeline\\Pipeline->Illuminate\\Pipeline\\{closure}()
#14 C:\\Users\\r.asadullin\\Documents\\Обучения\\обучение PHP Laravel разработчик\\php\\task_manager\\laravel_base\\vendor\\laravel\\framework\\src\\Illuminate\\Session\\Middleware\\StartSession.php(64): Illuminate\\Session\\Middleware\\StartSession->handleStatefulRequest()
#15 C:\\Users\\r.asadullin\\Documents\\Обучения\\обучение PHP Laravel разработчик\\php\\task_manager\\laravel_base\\vendor\\laravel\\framework\\src\\Illuminate\\Pipeline\\Pipeline.php(183): Illuminate\\Session\\Middleware\\StartSession->handle()
#16 C:\\Users\\r.asadullin\\Documents\\Обучения\\обучение PHP Laravel разработчик\\php\\task_manager\\laravel_base\\vendor\\laravel\\framework\\src\\Illuminate\\Cookie\\Middleware\\AddQueuedCookiesToResponse.php(37): Illuminate\\Pipeline\\Pipeline->Illuminate\\Pipeline\\{closure}()
#17 C:\\Users\\r.asadullin\\Documents\\Обучения\\обучение PHP Laravel разработчик\\php\\task_manager\\laravel_base\\vendor\\laravel\\framework\\src\\Illuminate\\Pipeline\\Pipeline.php(183): Illuminate\\Cookie\\Middleware\\AddQueuedCookiesToResponse->handle()
#18 C:\\Users\\r.asadullin\\Documents\\Обучения\\обучение PHP Laravel разработчик\\php\\task_manager\\laravel_base\\vendor\\laravel\\framework\\src\\Illuminate\\Cookie\\Middleware\\EncryptCookies.php(67): Illuminate\\Pipeline\\Pipeline->Illuminate\\Pipeline\\{closure}()
#19 C:\\Users\\r.asadullin\\Documents\\Обучения\\обучение PHP Laravel разработчик\\php\\task_manager\\laravel_base\\vendor\\laravel\\framework\\src\\Illuminate\\Pipeline\\Pipeline.php(183): Illuminate\\Cookie\\Middleware\\EncryptCookies->handle()
#20 C:\\Users\\r.asadullin\\Documents\\Обучения\\обучение PHP Laravel разработчик\\php\\task_manager\\laravel_base\\vendor\\laravel\\framework\\src\\Illuminate\\Pipeline\\Pipeline.php(119): Illuminate\\Pipeline\\Pipeline->Illuminate\\Pipeline\\{closure}()
#21 C:\\Users\\r.asadullin\\Documents\\Обучения\\обучение PHP Laravel разработчик\\php\\task_manager\\laravel_base\\vendor\\laravel\\framework\\src\\Illuminate\\Routing\\Router.php(805): Illuminate\\Pipeline\\Pipeline->then()
#22 C:\\Users\\r.asadullin\\Documents\\Обучения\\обучение PHP Laravel разработчик\\php\\task_manager\\laravel_base\\vendor\\laravel\\framework\\src\\Illuminate\\Routing\\Router.php(784): Illuminate\\Routing\\Router->runRouteWithinStack()
#23 C:\\Users\\r.asadullin\\Documents\\Обучения\\обучение PHP Laravel разработчик\\php\\task_manager\\laravel_base\\vendor\\laravel\\framework\\src\\Illuminate\\Routing\\Router.php(748): Illuminate\\Routing\\Router->runRoute()
#24 C:\\Users\\r.asadullin\\Documents\\Обучения\\обучение PHP Laravel разработчик\\php\\task_manager\\laravel_base\\vendor\\laravel\\framework\\src\\Illuminate\\Routing\\Router.php(737): Illuminate\\Routing\\Router->dispatchToRoute()
#25 C:\\Users\\r.asadullin\\Documents\\Обучения\\обучение PHP Laravel разработчик\\php\\task_manager\\laravel_base\\vendor\\laravel\\framework\\src\\Illuminate\\Foundation\\Http\\Kernel.php(200): Illuminate\\Routing\\Router->dispatch()
#26 C:\\Users\\r.asadullin\\Documents\\Обучения\\обучение PHP Laravel разработчик\\php\\task_manager\\laravel_base\\vendor\\laravel\\framework\\src\\Illuminate\\Pipeline\\Pipeline.php(144): Illuminate\\Foundation\\Http\\Kernel->Illuminate\\Foundation\\Http\\{closure}()
#27 C:\\Users\\r.asadullin\\Documents\\Обучения\\обучение PHP Laravel разработчик\\php\\task_manager\\laravel_base\\vendor\\laravel\\framework\\src\\Illuminate\\Foundation\\Http\\Middleware\\TransformsRequest.php(21): Illuminate\\Pipeline\\Pipeline->Illuminate\\Pipeline\\{closure}()
#28 C:\\Users\\r.asadullin\\Documents\\Обучения\\обучение PHP Laravel разработчик\\php\\task_manager\\laravel_base\\vendor\\laravel\\framework\\src\\Illuminate\\Foundation\\Http\\Middleware\\ConvertEmptyStringsToNull.php(31): Illuminate\\Foundation\\Http\\Middleware\\TransformsRequest->handle()
#29 C:\\Users\\r.asadullin\\Documents\\Обучения\\обучение PHP Laravel разработчик\\php\\task_manager\\laravel_base\\vendor\\laravel\\framework\\src\\Illuminate\\Pipeline\\Pipeline.php(183): Illuminate\\Foundation\\Http\\Middleware\\ConvertEmptyStringsToNull->handle()
#30 C:\\Users\\r.asadullin\\Documents\\Обучения\\обучение PHP Laravel разработчик\\php\\task_manager\\laravel_base\\vendor\\laravel\\framework\\src\\Illuminate\\Foundation\\Http\\Middleware\\TransformsRequest.php(21): Illuminate\\Pipeline\\Pipeline->Illuminate\\Pipeline\\{closure}()
#31 C:\\Users\\r.asadullin\\Documents\\Обучения\\обучение PHP Laravel разработчик\\php\\task_manager\\laravel_base\\vendor\\laravel\\framework\\src\\Illuminate\\Foundation\\Http\\Middleware\\TrimStrings.php(40): Illuminate\\Foundation\\Http\\Middleware\\TransformsRequest->handle()
#32 C:\\Users\\r.asadullin\\Documents\\Обучения\\обучение PHP Laravel разработчик\\php\\task_manager\\laravel_base\\vendor\\laravel\\framework\\src\\Illuminate\\Pipeline\\Pipeline.php(183): Illuminate\\Foundation\\Http\\Middleware\\TrimStrings->handle()
#33 C:\\Users\\r.asadullin\\Documents\\Обучения\\обучение PHP Laravel разработчик\\php\\task_manager\\laravel_base\\vendor\\laravel\\framework\\src\\Illuminate\\Foundation\\Http\\Middleware\\ValidatePostSize.php(27): Illuminate\\Pipeline\\Pipeline->Illuminate\\Pipeline\\{closure}()
#34 C:\\Users\\r.asadullin\\Documents\\Обучения\\обучение PHP Laravel разработчик\\php\\task_manager\\laravel_base\\vendor\\laravel\\framework\\src\\Illuminate\\Pipeline\\Pipeline.php(183): Illuminate\\Foundation\\Http\\Middleware\\ValidatePostSize->handle()
#35 C:\\Users\\r.asadullin\\Documents\\Обучения\\обучение PHP Laravel разработчик\\php\\task_manager\\laravel_base\\vendor\\laravel\\framework\\src\\Illuminate\\Foundation\\Http\\Middleware\\PreventRequestsDuringMaintenance.php(99): Illuminate\\Pipeline\\Pipeline->Illuminate\\Pipeline\\{closure}()
#36 C:\\Users\\r.asadullin\\Documents\\Обучения\\обучение PHP Laravel разработчик\\php\\task_manager\\laravel_base\\vendor\\laravel\\framework\\src\\Illuminate\\Pipeline\\Pipeline.php(183): Illuminate\\Foundation\\Http\\Middleware\\PreventRequestsDuringMaintenance->handle()
#37 C:\\Users\\r.asadullin\\Documents\\Обучения\\обучение PHP Laravel разработчик\\php\\task_manager\\laravel_base\\vendor\\laravel\\framework\\src\\Illuminate\\Http\\Middleware\\HandleCors.php(49): Illuminate\\Pipeline\\Pipeline->Illuminate\\Pipeline\\{closure}()
#38 C:\\Users\\r.asadullin\\Documents\\Обучения\\обучение PHP Laravel разработчик\\php\\task_manager\\laravel_base\\vendor\\laravel\\framework\\src\\Illuminate\\Pipeline\\Pipeline.php(183): Illuminate\\Http\\Middleware\\HandleCors->handle()
#39 C:\\Users\\r.asadullin\\Documents\\Обучения\\обучение PHP Laravel разработчик\\php\\task_manager\\laravel_base\\vendor\\laravel\\framework\\src\\Illuminate\\Http\\Middleware\\TrustProxies.php(39): Illuminate\\Pipeline\\Pipeline->Illuminate\\Pipeline\\{closure}()
#40 C:\\Users\\r.asadullin\\Documents\\Обучения\\обучение PHP Laravel разработчик\\php\\task_manager\\laravel_base\\vendor\\laravel\\framework\\src\\Illuminate\\Pipeline\\Pipeline.php(183): Illuminate\\Http\\Middleware\\TrustProxies->handle()
#41 C:\\Users\\r.asadullin\\Documents\\Обучения\\обучение PHP Laravel разработчик\\php\\task_manager\\laravel_base\\vendor\\laravel\\framework\\src\\Illuminate\\Pipeline\\Pipeline.php(119): Illuminate\\Pipeline\\Pipeline->Illuminate\\Pipeline\\{closure}()
#42 C:\\Users\\r.asadullin\\Documents\\Обучения\\обучение PHP Laravel разработчик\\php\\task_manager\\laravel_base\\vendor\\laravel\\framework\\src\\Illuminate\\Foundation\\Http\\Kernel.php(175): Illuminate\\Pipeline\\Pipeline->then()
#43 C:\\Users\\r.asadullin\\Documents\\Обучения\\обучение PHP Laravel разработчик\\php\\task_manager\\laravel_base\\vendor\\laravel\\framework\\src\\Illuminate\\Foundation\\Http\\Kernel.php(144): Illuminate\\Foundation\\Http\\Kernel->sendRequestThroughRouter()
#44 C:\\Users\\r.asadullin\\Documents\\Обучения\\обучение PHP Laravel разработчик\\php\\task_manager\\laravel_base\\public\\index.php(51): Illuminate\\Foundation\\Http\\Kernel->handle()
#45 C:\\Users\\r.asadullin\\Documents\\Обучения\\обучение PHP Laravel разработчик\\php\\task_manager\\laravel_base\\vendor\\laravel\\framework\\src\\Illuminate\\Foundation\\resources\\server.php(16): require_once('C:\\\\Users\\\\r.asad...')
#46 {main}
"} 
[2024-10-24 20:17:23] local.ERROR: Command "make:service" is not defined.

Did you mean one of these?
    make:cast
    make:channel
    make:command
    make:component
    make:controller
    make:event
    make:exception
    make:factory
    make:job
    make:listener
    make:mail
    make:middleware
    make:migration
    make:model
    make:notification
    make:observer
    make:policy
    make:provider
    make:request
    make:resource
    make:rule
    make:scope
    make:seeder
    make:test
    make:view {"exception":"[object] (Symfony\\Component\\Console\\Exception\\CommandNotFoundException(code: 0): Command \"make:service\" is not defined.

Did you mean one of these?
    make:cast
    make:channel
    make:command
    make:component
    make:controller
    make:event
    make:exception
    make:factory
    make:job
    make:listener
    make:mail
    make:middleware
    make:migration
    make:model
    make:notification
    make:observer
    make:policy
    make:provider
    make:request
    make:resource
    make:rule
    make:scope
    make:seeder
    make:test
    make:view at C:\\Users\\r.asadullin\\Documents\\Обучения\\обучение PHP Laravel разработчик\\php\\task_manager\\laravel_base\\vendor\\symfony\\console\\Application.php:737)
[stacktrace]
#0 C:\\Users\\r.asadullin\\Documents\\Обучения\\обучение PHP Laravel разработчик\\php\\task_manager\\laravel_base\\vendor\\symfony\\console\\Application.php(266): Symfony\\Component\\Console\\Application->find()
#1 C:\\Users\\r.asadullin\\Documents\\Обучения\\обучение PHP Laravel разработчик\\php\\task_manager\\laravel_base\\vendor\\symfony\\console\\Application.php(175): Symfony\\Component\\Console\\Application->doRun()
#2 C:\\Users\\r.asadullin\\Documents\\Обучения\\обучение PHP Laravel разработчик\\php\\task_manager\\laravel_base\\vendor\\laravel\\framework\\src\\Illuminate\\Foundation\\Console\\Kernel.php(201): Symfony\\Component\\Console\\Application->run()
#3 C:\\Users\\r.asadullin\\Documents\\Обучения\\обучение PHP Laravel разработчик\\php\\task_manager\\laravel_base\\artisan(35): Illuminate\\Foundation\\Console\\Kernel->handle()
#4 {main}
"} 
[2024-10-27 14:01:58] local.ERROR: Method App\Http\Controllers\TaskController::list does not exist. {"userId":2,"exception":"[object] (BadMethodCallException(code: 0): Method App\\Http\\Controllers\\TaskController::list does not exist. at C:\\Users\\r.asadullin\\Documents\\Обучения\\обучение PHP Laravel разработчик\\php\\task_manager\\laravel_base\\vendor\\laravel\\framework\\src\\Illuminate\\Routing\\Controller.php:68)
[stacktrace]
#0 C:\\Users\\r.asadullin\\Documents\\Обучения\\обучение PHP Laravel разработчик\\php\\task_manager\\laravel_base\\vendor\\laravel\\framework\\src\\Illuminate\\Routing\\Controller.php(54): Illuminate\\Routing\\Controller->__call()
#1 C:\\Users\\r.asadullin\\Documents\\Обучения\\обучение PHP Laravel разработчик\\php\\task_manager\\laravel_base\\vendor\\laravel\\framework\\src\\Illuminate\\Routing\\ControllerDispatcher.php(43): Illuminate\\Routing\\Controller->callAction()
#2 C:\\Users\\r.asadullin\\Documents\\Обучения\\обучение PHP Laravel разработчик\\php\\task_manager\\laravel_base\\vendor\\laravel\\framework\\src\\Illuminate\\Routing\\Route.php(259): Illuminate\\Routing\\ControllerDispatcher->dispatch()
#3 C:\\Users\\r.asadullin\\Documents\\Обучения\\обучение PHP Laravel разработчик\\php\\task_manager\\laravel_base\\vendor\\laravel\\framework\\src\\Illuminate\\Routing\\Route.php(205): Illuminate\\Routing\\Route->runController()
#4 C:\\Users\\r.asadullin\\Documents\\Обучения\\обучение PHP Laravel разработчик\\php\\task_manager\\laravel_base\\vendor\\laravel\\framework\\src\\Illuminate\\Routing\\Router.php(806): Illuminate\\Routing\\Route->run()
#5 C:\\Users\\r.asadullin\\Documents\\Обучения\\обучение PHP Laravel разработчик\\php\\task_manager\\laravel_base\\vendor\\laravel\\framework\\src\\Illuminate\\Pipeline\\Pipeline.php(144): Illuminate\\Routing\\Router->Illuminate\\Routing\\{closure}()
#6 C:\\Users\\r.asadullin\\Documents\\Обучения\\обучение PHP Laravel разработчик\\php\\task_manager\\laravel_base\\vendor\\laravel\\framework\\src\\Illuminate\\Routing\\Middleware\\SubstituteBindings.php(50): Illuminate\\Pipeline\\Pipeline->Illuminate\\Pipeline\\{closure}()
#7 C:\\Users\\r.asadullin\\Documents\\Обучения\\обучение PHP Laravel разработчик\\php\\task_manager\\laravel_base\\vendor\\laravel\\framework\\src\\Illuminate\\Pipeline\\Pipeline.php(183): Illuminate\\Routing\\Middleware\\SubstituteBindings->handle()
#8 C:\\Users\\r.asadullin\\Documents\\Обучения\\обучение PHP Laravel разработчик\\php\\task_manager\\laravel_base\\vendor\\laravel\\framework\\src\\Illuminate\\Routing\\Middleware\\ThrottleRequests.php(159): Illuminate\\Pipeline\\Pipeline->Illuminate\\Pipeline\\{closure}()
#9 C:\\Users\\r.asadullin\\Documents\\Обучения\\обучение PHP Laravel разработчик\\php\\task_manager\\laravel_base\\vendor\\laravel\\framework\\src\\Illuminate\\Routing\\Middleware\\ThrottleRequests.php(125): Illuminate\\Routing\\Middleware\\ThrottleRequests->handleRequest()
#10 C:\\Users\\r.asadullin\\Documents\\Обучения\\обучение PHP Laravel разработчик\\php\\task_manager\\laravel_base\\vendor\\laravel\\framework\\src\\Illuminate\\Routing\\Middleware\\ThrottleRequests.php(87): Illuminate\\Routing\\Middleware\\ThrottleRequests->handleRequestUsingNamedLimiter()
#11 C:\\Users\\r.asadullin\\Documents\\Обучения\\обучение PHP Laravel разработчик\\php\\task_manager\\laravel_base\\vendor\\laravel\\framework\\src\\Illuminate\\Pipeline\\Pipeline.php(183): Illuminate\\Routing\\Middleware\\ThrottleRequests->handle()
#12 C:\\Users\\r.asadullin\\Documents\\Обучения\\обучение PHP Laravel разработчик\\php\\task_manager\\laravel_base\\vendor\\laravel\\framework\\src\\Illuminate\\Auth\\Middleware\\Authenticate.php(57): Illuminate\\Pipeline\\Pipeline->Illuminate\\Pipeline\\{closure}()
#13 C:\\Users\\r.asadullin\\Documents\\Обучения\\обучение PHP Laravel разработчик\\php\\task_manager\\laravel_base\\vendor\\laravel\\framework\\src\\Illuminate\\Pipeline\\Pipeline.php(183): Illuminate\\Auth\\Middleware\\Authenticate->handle()
#14 C:\\Users\\r.asadullin\\Documents\\Обучения\\обучение PHP Laravel разработчик\\php\\task_manager\\laravel_base\\vendor\\laravel\\framework\\src\\Illuminate\\Pipeline\\Pipeline.php(119): Illuminate\\Pipeline\\Pipeline->Illuminate\\Pipeline\\{closure}()
#15 C:\\Users\\r.asadullin\\Documents\\Обучения\\обучение PHP Laravel разработчик\\php\\task_manager\\laravel_base\\vendor\\laravel\\framework\\src\\Illuminate\\Routing\\Router.php(805): Illuminate\\Pipeline\\Pipeline->then()
#16 C:\\Users\\r.asadullin\\Documents\\Обучения\\обучение PHP Laravel разработчик\\php\\task_manager\\laravel_base\\vendor\\laravel\\framework\\src\\Illuminate\\Routing\\Router.php(784): Illuminate\\Routing\\Router->runRouteWithinStack()
#17 C:\\Users\\r.asadullin\\Documents\\Обучения\\обучение PHP Laravel разработчик\\php\\task_manager\\laravel_base\\vendor\\laravel\\framework\\src\\Illuminate\\Routing\\Router.php(748): Illuminate\\Routing\\Router->runRoute()
#18 C:\\Users\\r.asadullin\\Documents\\Обучения\\обучение PHP Laravel разработчик\\php\\task_manager\\laravel_base\\vendor\\laravel\\framework\\src\\Illuminate\\Routing\\Router.php(737): Illuminate\\Routing\\Router->dispatchToRoute()
#19 C:\\Users\\r.asadullin\\Documents\\Обучения\\обучение PHP Laravel разработчик\\php\\task_manager\\laravel_base\\vendor\\laravel\\framework\\src\\Illuminate\\Foundation\\Http\\Kernel.php(200): Illuminate\\Routing\\Router->dispatch()
#20 C:\\Users\\r.asadullin\\Documents\\Обучения\\обучение PHP Laravel разработчик\\php\\task_manager\\laravel_base\\vendor\\laravel\\framework\\src\\Illuminate\\Pipeline\\Pipeline.php(144): Illuminate\\Foundation\\Http\\Kernel->Illuminate\\Foundation\\Http\\{closure}()
#21 C:\\Users\\r.asadullin\\Documents\\Обучения\\обучение PHP Laravel разработчик\\php\\task_manager\\laravel_base\\vendor\\laravel\\framework\\src\\Illuminate\\Foundation\\Http\\Middleware\\TransformsRequest.php(21): Illuminate\\Pipeline\\Pipeline->Illuminate\\Pipeline\\{closure}()
#22 C:\\Users\\r.asadullin\\Documents\\Обучения\\обучение PHP Laravel разработчик\\php\\task_manager\\laravel_base\\vendor\\laravel\\framework\\src\\Illuminate\\Foundation\\Http\\Middleware\\ConvertEmptyStringsToNull.php(31): Illuminate\\Foundation\\Http\\Middleware\\TransformsRequest->handle()
#23 C:\\Users\\r.asadullin\\Documents\\Обучения\\обучение PHP Laravel разработчик\\php\\task_manager\\laravel_base\\vendor\\laravel\\framework\\src\\Illuminate\\Pipeline\\Pipeline.php(183): Illuminate\\Foundation\\Http\\Middleware\\ConvertEmptyStringsToNull->handle()
#24 C:\\Users\\r.asadullin\\Documents\\Обучения\\обучение PHP Laravel разработчик\\php\\task_manager\\laravel_base\\vendor\\laravel\\framework\\src\\Illuminate\\Foundation\\Http\\Middleware\\TransformsRequest.php(21): Illuminate\\Pipeline\\Pipeline->Illuminate\\Pipeline\\{closure}()
#25 C:\\Users\\r.asadullin\\Documents\\Обучения\\обучение PHP Laravel разработчик\\php\\task_manager\\laravel_base\\vendor\\laravel\\framework\\src\\Illuminate\\Foundation\\Http\\Middleware\\TrimStrings.php(40): Illuminate\\Foundation\\Http\\Middleware\\TransformsRequest->handle()
#26 C:\\Users\\r.asadullin\\Documents\\Обучения\\обучение PHP Laravel разработчик\\php\\task_manager\\laravel_base\\vendor\\laravel\\framework\\src\\Illuminate\\Pipeline\\Pipeline.php(183): Illuminate\\Foundation\\Http\\Middleware\\TrimStrings->handle()
#27 C:\\Users\\r.asadullin\\Documents\\Обучения\\обучение PHP Laravel разработчик\\php\\task_manager\\laravel_base\\vendor\\laravel\\framework\\src\\Illuminate\\Foundation\\Http\\Middleware\\ValidatePostSize.php(27): Illuminate\\Pipeline\\Pipeline->Illuminate\\Pipeline\\{closure}()
#28 C:\\Users\\r.asadullin\\Documents\\Обучения\\обучение PHP Laravel разработчик\\php\\task_manager\\laravel_base\\vendor\\laravel\\framework\\src\\Illuminate\\Pipeline\\Pipeline.php(183): Illuminate\\Foundation\\Http\\Middleware\\ValidatePostSize->handle()
#29 C:\\Users\\r.asadullin\\Documents\\Обучения\\обучение PHP Laravel разработчик\\php\\task_manager\\laravel_base\\vendor\\laravel\\framework\\src\\Illuminate\\Foundation\\Http\\Middleware\\PreventRequestsDuringMaintenance.php(99): Illuminate\\Pipeline\\Pipeline->Illuminate\\Pipeline\\{closure}()
#30 C:\\Users\\r.asadullin\\Documents\\Обучения\\обучение PHP Laravel разработчик\\php\\task_manager\\laravel_base\\vendor\\laravel\\framework\\src\\Illuminate\\Pipeline\\Pipeline.php(183): Illuminate\\Foundation\\Http\\Middleware\\PreventRequestsDuringMaintenance->handle()
#31 C:\\Users\\r.asadullin\\Documents\\Обучения\\обучение PHP Laravel разработчик\\php\\task_manager\\laravel_base\\vendor\\laravel\\framework\\src\\Illuminate\\Http\\Middleware\\HandleCors.php(62): Illuminate\\Pipeline\\Pipeline->Illuminate\\Pipeline\\{closure}()
#32 C:\\Users\\r.asadullin\\Documents\\Обучения\\обучение PHP Laravel разработчик\\php\\task_manager\\laravel_base\\vendor\\laravel\\framework\\src\\Illuminate\\Pipeline\\Pipeline.php(183): Illuminate\\Http\\Middleware\\HandleCors->handle()
#33 C:\\Users\\r.asadullin\\Documents\\Обучения\\обучение PHP Laravel разработчик\\php\\task_manager\\laravel_base\\vendor\\laravel\\framework\\src\\Illuminate\\Http\\Middleware\\TrustProxies.php(39): Illuminate\\Pipeline\\Pipeline->Illuminate\\Pipeline\\{closure}()
#34 C:\\Users\\r.asadullin\\Documents\\Обучения\\обучение PHP Laravel разработчик\\php\\task_manager\\laravel_base\\vendor\\laravel\\framework\\src\\Illuminate\\Pipeline\\Pipeline.php(183): Illuminate\\Http\\Middleware\\TrustProxies->handle()
#35 C:\\Users\\r.asadullin\\Documents\\Обучения\\обучение PHP Laravel разработчик\\php\\task_manager\\laravel_base\\vendor\\laravel\\framework\\src\\Illuminate\\Pipeline\\Pipeline.php(119): Illuminate\\Pipeline\\Pipeline->Illuminate\\Pipeline\\{closure}()
#36 C:\\Users\\r.asadullin\\Documents\\Обучения\\обучение PHP Laravel разработчик\\php\\task_manager\\laravel_base\\vendor\\laravel\\framework\\src\\Illuminate\\Foundation\\Http\\Kernel.php(175): Illuminate\\Pipeline\\Pipeline->then()
#37 C:\\Users\\r.asadullin\\Documents\\Обучения\\обучение PHP Laravel разработчик\\php\\task_manager\\laravel_base\\vendor\\laravel\\framework\\src\\Illuminate\\Foundation\\Http\\Kernel.php(144): Illuminate\\Foundation\\Http\\Kernel->sendRequestThroughRouter()
#38 C:\\Users\\r.asadullin\\Documents\\Обучения\\обучение PHP Laravel разработчик\\php\\task_manager\\laravel_base\\public\\index.php(51): Illuminate\\Foundation\\Http\\Kernel->handle()
#39 C:\\Users\\r.asadullin\\Documents\\Обучения\\обучение PHP Laravel разработчик\\php\\task_manager\\laravel_base\\vendor\\laravel\\framework\\src\\Illuminate\\Foundation\\resources\\server.php(16): require_once('C:\\\\Users\\\\r.asad...')
#40 {main}
"} 
[2024-10-27 14:02:38] local.ERROR: Method App\Http\Controllers\TaskController::list does not exist. {"userId":2,"exception":"[object] (BadMethodCallException(code: 0): Method App\\Http\\Controllers\\TaskController::list does not exist. at C:\\Users\\r.asadullin\\Documents\\Обучения\\обучение PHP Laravel разработчик\\php\\task_manager\\laravel_base\\vendor\\laravel\\framework\\src\\Illuminate\\Routing\\Controller.php:68)
[stacktrace]
#0 C:\\Users\\r.asadullin\\Documents\\Обучения\\обучение PHP Laravel разработчик\\php\\task_manager\\laravel_base\\vendor\\laravel\\framework\\src\\Illuminate\\Routing\\Controller.php(54): Illuminate\\Routing\\Controller->__call()
#1 C:\\Users\\r.asadullin\\Documents\\Обучения\\обучение PHP Laravel разработчик\\php\\task_manager\\laravel_base\\vendor\\laravel\\framework\\src\\Illuminate\\Routing\\ControllerDispatcher.php(43): Illuminate\\Routing\\Controller->callAction()
#2 C:\\Users\\r.asadullin\\Documents\\Обучения\\обучение PHP Laravel разработчик\\php\\task_manager\\laravel_base\\vendor\\laravel\\framework\\src\\Illuminate\\Routing\\Route.php(259): Illuminate\\Routing\\ControllerDispatcher->dispatch()
#3 C:\\Users\\r.asadullin\\Documents\\Обучения\\обучение PHP Laravel разработчик\\php\\task_manager\\laravel_base\\vendor\\laravel\\framework\\src\\Illuminate\\Routing\\Route.php(205): Illuminate\\Routing\\Route->runController()
#4 C:\\Users\\r.asadullin\\Documents\\Обучения\\обучение PHP Laravel разработчик\\php\\task_manager\\laravel_base\\vendor\\laravel\\framework\\src\\Illuminate\\Routing\\Router.php(806): Illuminate\\Routing\\Route->run()
#5 C:\\Users\\r.asadullin\\Documents\\Обучения\\обучение PHP Laravel разработчик\\php\\task_manager\\laravel_base\\vendor\\laravel\\framework\\src\\Illuminate\\Pipeline\\Pipeline.php(144): Illuminate\\Routing\\Router->Illuminate\\Routing\\{closure}()
#6 C:\\Users\\r.asadullin\\Documents\\Обучения\\обучение PHP Laravel разработчик\\php\\task_manager\\laravel_base\\vendor\\laravel\\framework\\src\\Illuminate\\Routing\\Middleware\\SubstituteBindings.php(50): Illuminate\\Pipeline\\Pipeline->Illuminate\\Pipeline\\{closure}()
#7 C:\\Users\\r.asadullin\\Documents\\Обучения\\обучение PHP Laravel разработчик\\php\\task_manager\\laravel_base\\vendor\\laravel\\framework\\src\\Illuminate\\Pipeline\\Pipeline.php(183): Illuminate\\Routing\\Middleware\\SubstituteBindings->handle()
#8 C:\\Users\\r.asadullin\\Documents\\Обучения\\обучение PHP Laravel разработчик\\php\\task_manager\\laravel_base\\vendor\\laravel\\framework\\src\\Illuminate\\Routing\\Middleware\\ThrottleRequests.php(159): Illuminate\\Pipeline\\Pipeline->Illuminate\\Pipeline\\{closure}()
#9 C:\\Users\\r.asadullin\\Documents\\Обучения\\обучение PHP Laravel разработчик\\php\\task_manager\\laravel_base\\vendor\\laravel\\framework\\src\\Illuminate\\Routing\\Middleware\\ThrottleRequests.php(125): Illuminate\\Routing\\Middleware\\ThrottleRequests->handleRequest()
#10 C:\\Users\\r.asadullin\\Documents\\Обучения\\обучение PHP Laravel разработчик\\php\\task_manager\\laravel_base\\vendor\\laravel\\framework\\src\\Illuminate\\Routing\\Middleware\\ThrottleRequests.php(87): Illuminate\\Routing\\Middleware\\ThrottleRequests->handleRequestUsingNamedLimiter()
#11 C:\\Users\\r.asadullin\\Documents\\Обучения\\обучение PHP Laravel разработчик\\php\\task_manager\\laravel_base\\vendor\\laravel\\framework\\src\\Illuminate\\Pipeline\\Pipeline.php(183): Illuminate\\Routing\\Middleware\\ThrottleRequests->handle()
#12 C:\\Users\\r.asadullin\\Documents\\Обучения\\обучение PHP Laravel разработчик\\php\\task_manager\\laravel_base\\vendor\\laravel\\framework\\src\\Illuminate\\Auth\\Middleware\\Authenticate.php(57): Illuminate\\Pipeline\\Pipeline->Illuminate\\Pipeline\\{closure}()
#13 C:\\Users\\r.asadullin\\Documents\\Обучения\\обучение PHP Laravel разработчик\\php\\task_manager\\laravel_base\\vendor\\laravel\\framework\\src\\Illuminate\\Pipeline\\Pipeline.php(183): Illuminate\\Auth\\Middleware\\Authenticate->handle()
#14 C:\\Users\\r.asadullin\\Documents\\Обучения\\обучение PHP Laravel разработчик\\php\\task_manager\\laravel_base\\vendor\\laravel\\framework\\src\\Illuminate\\Pipeline\\Pipeline.php(119): Illuminate\\Pipeline\\Pipeline->Illuminate\\Pipeline\\{closure}()
#15 C:\\Users\\r.asadullin\\Documents\\Обучения\\обучение PHP Laravel разработчик\\php\\task_manager\\laravel_base\\vendor\\laravel\\framework\\src\\Illuminate\\Routing\\Router.php(805): Illuminate\\Pipeline\\Pipeline->then()
#16 C:\\Users\\r.asadullin\\Documents\\Обучения\\обучение PHP Laravel разработчик\\php\\task_manager\\laravel_base\\vendor\\laravel\\framework\\src\\Illuminate\\Routing\\Router.php(784): Illuminate\\Routing\\Router->runRouteWithinStack()
#17 C:\\Users\\r.asadullin\\Documents\\Обучения\\обучение PHP Laravel разработчик\\php\\task_manager\\laravel_base\\vendor\\laravel\\framework\\src\\Illuminate\\Routing\\Router.php(748): Illuminate\\Routing\\Router->runRoute()
#18 C:\\Users\\r.asadullin\\Documents\\Обучения\\обучение PHP Laravel разработчик\\php\\task_manager\\laravel_base\\vendor\\laravel\\framework\\src\\Illuminate\\Routing\\Router.php(737): Illuminate\\Routing\\Router->dispatchToRoute()
#19 C:\\Users\\r.asadullin\\Documents\\Обучения\\обучение PHP Laravel разработчик\\php\\task_manager\\laravel_base\\vendor\\laravel\\framework\\src\\Illuminate\\Foundation\\Http\\Kernel.php(200): Illuminate\\Routing\\Router->dispatch()
#20 C:\\Users\\r.asadullin\\Documents\\Обучения\\обучение PHP Laravel разработчик\\php\\task_manager\\laravel_base\\vendor\\laravel\\framework\\src\\Illuminate\\Pipeline\\Pipeline.php(144): Illuminate\\Foundation\\Http\\Kernel->Illuminate\\Foundation\\Http\\{closure}()
#21 C:\\Users\\r.asadullin\\Documents\\Обучения\\обучение PHP Laravel разработчик\\php\\task_manager\\laravel_base\\vendor\\laravel\\framework\\src\\Illuminate\\Foundation\\Http\\Middleware\\TransformsRequest.php(21): Illuminate\\Pipeline\\Pipeline->Illuminate\\Pipeline\\{closure}()
#22 C:\\Users\\r.asadullin\\Documents\\Обучения\\обучение PHP Laravel разработчик\\php\\task_manager\\laravel_base\\vendor\\laravel\\framework\\src\\Illuminate\\Foundation\\Http\\Middleware\\ConvertEmptyStringsToNull.php(31): Illuminate\\Foundation\\Http\\Middleware\\TransformsRequest->handle()
#23 C:\\Users\\r.asadullin\\Documents\\Обучения\\обучение PHP Laravel разработчик\\php\\task_manager\\laravel_base\\vendor\\laravel\\framework\\src\\Illuminate\\Pipeline\\Pipeline.php(183): Illuminate\\Foundation\\Http\\Middleware\\ConvertEmptyStringsToNull->handle()
#24 C:\\Users\\r.asadullin\\Documents\\Обучения\\обучение PHP Laravel разработчик\\php\\task_manager\\laravel_base\\vendor\\laravel\\framework\\src\\Illuminate\\Foundation\\Http\\Middleware\\TransformsRequest.php(21): Illuminate\\Pipeline\\Pipeline->Illuminate\\Pipeline\\{closure}()
#25 C:\\Users\\r.asadullin\\Documents\\Обучения\\обучение PHP Laravel разработчик\\php\\task_manager\\laravel_base\\vendor\\laravel\\framework\\src\\Illuminate\\Foundation\\Http\\Middleware\\TrimStrings.php(40): Illuminate\\Foundation\\Http\\Middleware\\TransformsRequest->handle()
#26 C:\\Users\\r.asadullin\\Documents\\Обучения\\обучение PHP Laravel разработчик\\php\\task_manager\\laravel_base\\vendor\\laravel\\framework\\src\\Illuminate\\Pipeline\\Pipeline.php(183): Illuminate\\Foundation\\Http\\Middleware\\TrimStrings->handle()
#27 C:\\Users\\r.asadullin\\Documents\\Обучения\\обучение PHP Laravel разработчик\\php\\task_manager\\laravel_base\\vendor\\laravel\\framework\\src\\Illuminate\\Foundation\\Http\\Middleware\\ValidatePostSize.php(27): Illuminate\\Pipeline\\Pipeline->Illuminate\\Pipeline\\{closure}()
#28 C:\\Users\\r.asadullin\\Documents\\Обучения\\обучение PHP Laravel разработчик\\php\\task_manager\\laravel_base\\vendor\\laravel\\framework\\src\\Illuminate\\Pipeline\\Pipeline.php(183): Illuminate\\Foundation\\Http\\Middleware\\ValidatePostSize->handle()
#29 C:\\Users\\r.asadullin\\Documents\\Обучения\\обучение PHP Laravel разработчик\\php\\task_manager\\laravel_base\\vendor\\laravel\\framework\\src\\Illuminate\\Foundation\\Http\\Middleware\\PreventRequestsDuringMaintenance.php(99): Illuminate\\Pipeline\\Pipeline->Illuminate\\Pipeline\\{closure}()
#30 C:\\Users\\r.asadullin\\Documents\\Обучения\\обучение PHP Laravel разработчик\\php\\task_manager\\laravel_base\\vendor\\laravel\\framework\\src\\Illuminate\\Pipeline\\Pipeline.php(183): Illuminate\\Foundation\\Http\\Middleware\\PreventRequestsDuringMaintenance->handle()
#31 C:\\Users\\r.asadullin\\Documents\\Обучения\\обучение PHP Laravel разработчик\\php\\task_manager\\laravel_base\\vendor\\laravel\\framework\\src\\Illuminate\\Http\\Middleware\\HandleCors.php(62): Illuminate\\Pipeline\\Pipeline->Illuminate\\Pipeline\\{closure}()
#32 C:\\Users\\r.asadullin\\Documents\\Обучения\\обучение PHP Laravel разработчик\\php\\task_manager\\laravel_base\\vendor\\laravel\\framework\\src\\Illuminate\\Pipeline\\Pipeline.php(183): Illuminate\\Http\\Middleware\\HandleCors->handle()
#33 C:\\Users\\r.asadullin\\Documents\\Обучения\\обучение PHP Laravel разработчик\\php\\task_manager\\laravel_base\\vendor\\laravel\\framework\\src\\Illuminate\\Http\\Middleware\\TrustProxies.php(39): Illuminate\\Pipeline\\Pipeline->Illuminate\\Pipeline\\{closure}()
#34 C:\\Users\\r.asadullin\\Documents\\Обучения\\обучение PHP Laravel разработчик\\php\\task_manager\\laravel_base\\vendor\\laravel\\framework\\src\\Illuminate\\Pipeline\\Pipeline.php(183): Illuminate\\Http\\Middleware\\TrustProxies->handle()
#35 C:\\Users\\r.asadullin\\Documents\\Обучения\\обучение PHP Laravel разработчик\\php\\task_manager\\laravel_base\\vendor\\laravel\\framework\\src\\Illuminate\\Pipeline\\Pipeline.php(119): Illuminate\\Pipeline\\Pipeline->Illuminate\\Pipeline\\{closure}()
#36 C:\\Users\\r.asadullin\\Documents\\Обучения\\обучение PHP Laravel разработчик\\php\\task_manager\\laravel_base\\vendor\\laravel\\framework\\src\\Illuminate\\Foundation\\Http\\Kernel.php(175): Illuminate\\Pipeline\\Pipeline->then()
#37 C:\\Users\\r.asadullin\\Documents\\Обучения\\обучение PHP Laravel разработчик\\php\\task_manager\\laravel_base\\vendor\\laravel\\framework\\src\\Illuminate\\Foundation\\Http\\Kernel.php(144): Illuminate\\Foundation\\Http\\Kernel->sendRequestThroughRouter()
#38 C:\\Users\\r.asadullin\\Documents\\Обучения\\обучение PHP Laravel разработчик\\php\\task_manager\\laravel_base\\public\\index.php(51): Illuminate\\Foundation\\Http\\Kernel->handle()
#39 C:\\Users\\r.asadullin\\Documents\\Обучения\\обучение PHP Laravel разработчик\\php\\task_manager\\laravel_base\\vendor\\laravel\\framework\\src\\Illuminate\\Foundation\\resources\\server.php(16): require_once('C:\\\\Users\\\\r.asad...')
#40 {main}
"} 
[2024-10-27 14:02:54] local.ERROR: Method App\Http\Controllers\TaskController::list does not exist. {"userId":2,"exception":"[object] (BadMethodCallException(code: 0): Method App\\Http\\Controllers\\TaskController::list does not exist. at C:\\Users\\r.asadullin\\Documents\\Обучения\\обучение PHP Laravel разработчик\\php\\task_manager\\laravel_base\\vendor\\laravel\\framework\\src\\Illuminate\\Routing\\Controller.php:68)
[stacktrace]
#0 C:\\Users\\r.asadullin\\Documents\\Обучения\\обучение PHP Laravel разработчик\\php\\task_manager\\laravel_base\\vendor\\laravel\\framework\\src\\Illuminate\\Routing\\Controller.php(54): Illuminate\\Routing\\Controller->__call()
#1 C:\\Users\\r.asadullin\\Documents\\Обучения\\обучение PHP Laravel разработчик\\php\\task_manager\\laravel_base\\vendor\\laravel\\framework\\src\\Illuminate\\Routing\\ControllerDispatcher.php(43): Illuminate\\Routing\\Controller->callAction()
#2 C:\\Users\\r.asadullin\\Documents\\Обучения\\обучение PHP Laravel разработчик\\php\\task_manager\\laravel_base\\vendor\\laravel\\framework\\src\\Illuminate\\Routing\\Route.php(259): Illuminate\\Routing\\ControllerDispatcher->dispatch()
#3 C:\\Users\\r.asadullin\\Documents\\Обучения\\обучение PHP Laravel разработчик\\php\\task_manager\\laravel_base\\vendor\\laravel\\framework\\src\\Illuminate\\Routing\\Route.php(205): Illuminate\\Routing\\Route->runController()
#4 C:\\Users\\r.asadullin\\Documents\\Обучения\\обучение PHP Laravel разработчик\\php\\task_manager\\laravel_base\\vendor\\laravel\\framework\\src\\Illuminate\\Routing\\Router.php(806): Illuminate\\Routing\\Route->run()
#5 C:\\Users\\r.asadullin\\Documents\\Обучения\\обучение PHP Laravel разработчик\\php\\task_manager\\laravel_base\\vendor\\laravel\\framework\\src\\Illuminate\\Pipeline\\Pipeline.php(144): Illuminate\\Routing\\Router->Illuminate\\Routing\\{closure}()
#6 C:\\Users\\r.asadullin\\Documents\\Обучения\\обучение PHP Laravel разработчик\\php\\task_manager\\laravel_base\\vendor\\laravel\\framework\\src\\Illuminate\\Routing\\Middleware\\SubstituteBindings.php(50): Illuminate\\Pipeline\\Pipeline->Illuminate\\Pipeline\\{closure}()
#7 C:\\Users\\r.asadullin\\Documents\\Обучения\\обучение PHP Laravel разработчик\\php\\task_manager\\laravel_base\\vendor\\laravel\\framework\\src\\Illuminate\\Pipeline\\Pipeline.php(183): Illuminate\\Routing\\Middleware\\SubstituteBindings->handle()
#8 C:\\Users\\r.asadullin\\Documents\\Обучения\\обучение PHP Laravel разработчик\\php\\task_manager\\laravel_base\\vendor\\laravel\\framework\\src\\Illuminate\\Routing\\Middleware\\ThrottleRequests.php(159): Illuminate\\Pipeline\\Pipeline->Illuminate\\Pipeline\\{closure}()
#9 C:\\Users\\r.asadullin\\Documents\\Обучения\\обучение PHP Laravel разработчик\\php\\task_manager\\laravel_base\\vendor\\laravel\\framework\\src\\Illuminate\\Routing\\Middleware\\ThrottleRequests.php(125): Illuminate\\Routing\\Middleware\\ThrottleRequests->handleRequest()
#10 C:\\Users\\r.asadullin\\Documents\\Обучения\\обучение PHP Laravel разработчик\\php\\task_manager\\laravel_base\\vendor\\laravel\\framework\\src\\Illuminate\\Routing\\Middleware\\ThrottleRequests.php(87): Illuminate\\Routing\\Middleware\\ThrottleRequests->handleRequestUsingNamedLimiter()
#11 C:\\Users\\r.asadullin\\Documents\\Обучения\\обучение PHP Laravel разработчик\\php\\task_manager\\laravel_base\\vendor\\laravel\\framework\\src\\Illuminate\\Pipeline\\Pipeline.php(183): Illuminate\\Routing\\Middleware\\ThrottleRequests->handle()
#12 C:\\Users\\r.asadullin\\Documents\\Обучения\\обучение PHP Laravel разработчик\\php\\task_manager\\laravel_base\\vendor\\laravel\\framework\\src\\Illuminate\\Auth\\Middleware\\Authenticate.php(57): Illuminate\\Pipeline\\Pipeline->Illuminate\\Pipeline\\{closure}()
#13 C:\\Users\\r.asadullin\\Documents\\Обучения\\обучение PHP Laravel разработчик\\php\\task_manager\\laravel_base\\vendor\\laravel\\framework\\src\\Illuminate\\Pipeline\\Pipeline.php(183): Illuminate\\Auth\\Middleware\\Authenticate->handle()
#14 C:\\Users\\r.asadullin\\Documents\\Обучения\\обучение PHP Laravel разработчик\\php\\task_manager\\laravel_base\\vendor\\laravel\\framework\\src\\Illuminate\\Pipeline\\Pipeline.php(119): Illuminate\\Pipeline\\Pipeline->Illuminate\\Pipeline\\{closure}()
#15 C:\\Users\\r.asadullin\\Documents\\Обучения\\обучение PHP Laravel разработчик\\php\\task_manager\\laravel_base\\vendor\\laravel\\framework\\src\\Illuminate\\Routing\\Router.php(805): Illuminate\\Pipeline\\Pipeline->then()
#16 C:\\Users\\r.asadullin\\Documents\\Обучения\\обучение PHP Laravel разработчик\\php\\task_manager\\laravel_base\\vendor\\laravel\\framework\\src\\Illuminate\\Routing\\Router.php(784): Illuminate\\Routing\\Router->runRouteWithinStack()
#17 C:\\Users\\r.asadullin\\Documents\\Обучения\\обучение PHP Laravel разработчик\\php\\task_manager\\laravel_base\\vendor\\laravel\\framework\\src\\Illuminate\\Routing\\Router.php(748): Illuminate\\Routing\\Router->runRoute()
#18 C:\\Users\\r.asadullin\\Documents\\Обучения\\обучение PHP Laravel разработчик\\php\\task_manager\\laravel_base\\vendor\\laravel\\framework\\src\\Illuminate\\Routing\\Router.php(737): Illuminate\\Routing\\Router->dispatchToRoute()
#19 C:\\Users\\r.asadullin\\Documents\\Обучения\\обучение PHP Laravel разработчик\\php\\task_manager\\laravel_base\\vendor\\laravel\\framework\\src\\Illuminate\\Foundation\\Http\\Kernel.php(200): Illuminate\\Routing\\Router->dispatch()
#20 C:\\Users\\r.asadullin\\Documents\\Обучения\\обучение PHP Laravel разработчик\\php\\task_manager\\laravel_base\\vendor\\laravel\\framework\\src\\Illuminate\\Pipeline\\Pipeline.php(144): Illuminate\\Foundation\\Http\\Kernel->Illuminate\\Foundation\\Http\\{closure}()
#21 C:\\Users\\r.asadullin\\Documents\\Обучения\\обучение PHP Laravel разработчик\\php\\task_manager\\laravel_base\\vendor\\laravel\\framework\\src\\Illuminate\\Foundation\\Http\\Middleware\\TransformsRequest.php(21): Illuminate\\Pipeline\\Pipeline->Illuminate\\Pipeline\\{closure}()
#22 C:\\Users\\r.asadullin\\Documents\\Обучения\\обучение PHP Laravel разработчик\\php\\task_manager\\laravel_base\\vendor\\laravel\\framework\\src\\Illuminate\\Foundation\\Http\\Middleware\\ConvertEmptyStringsToNull.php(31): Illuminate\\Foundation\\Http\\Middleware\\TransformsRequest->handle()
#23 C:\\Users\\r.asadullin\\Documents\\Обучения\\обучение PHP Laravel разработчик\\php\\task_manager\\laravel_base\\vendor\\laravel\\framework\\src\\Illuminate\\Pipeline\\Pipeline.php(183): Illuminate\\Foundation\\Http\\Middleware\\ConvertEmptyStringsToNull->handle()
#24 C:\\Users\\r.asadullin\\Documents\\Обучения\\обучение PHP Laravel разработчик\\php\\task_manager\\laravel_base\\vendor\\laravel\\framework\\src\\Illuminate\\Foundation\\Http\\Middleware\\TransformsRequest.php(21): Illuminate\\Pipeline\\Pipeline->Illuminate\\Pipeline\\{closure}()
#25 C:\\Users\\r.asadullin\\Documents\\Обучения\\обучение PHP Laravel разработчик\\php\\task_manager\\laravel_base\\vendor\\laravel\\framework\\src\\Illuminate\\Foundation\\Http\\Middleware\\TrimStrings.php(40): Illuminate\\Foundation\\Http\\Middleware\\TransformsRequest->handle()
#26 C:\\Users\\r.asadullin\\Documents\\Обучения\\обучение PHP Laravel разработчик\\php\\task_manager\\laravel_base\\vendor\\laravel\\framework\\src\\Illuminate\\Pipeline\\Pipeline.php(183): Illuminate\\Foundation\\Http\\Middleware\\TrimStrings->handle()
#27 C:\\Users\\r.asadullin\\Documents\\Обучения\\обучение PHP Laravel разработчик\\php\\task_manager\\laravel_base\\vendor\\laravel\\framework\\src\\Illuminate\\Foundation\\Http\\Middleware\\ValidatePostSize.php(27): Illuminate\\Pipeline\\Pipeline->Illuminate\\Pipeline\\{closure}()
#28 C:\\Users\\r.asadullin\\Documents\\Обучения\\обучение PHP Laravel разработчик\\php\\task_manager\\laravel_base\\vendor\\laravel\\framework\\src\\Illuminate\\Pipeline\\Pipeline.php(183): Illuminate\\Foundation\\Http\\Middleware\\ValidatePostSize->handle()
#29 C:\\Users\\r.asadullin\\Documents\\Обучения\\обучение PHP Laravel разработчик\\php\\task_manager\\laravel_base\\vendor\\laravel\\framework\\src\\Illuminate\\Foundation\\Http\\Middleware\\PreventRequestsDuringMaintenance.php(99): Illuminate\\Pipeline\\Pipeline->Illuminate\\Pipeline\\{closure}()
#30 C:\\Users\\r.asadullin\\Documents\\Обучения\\обучение PHP Laravel разработчик\\php\\task_manager\\laravel_base\\vendor\\laravel\\framework\\src\\Illuminate\\Pipeline\\Pipeline.php(183): Illuminate\\Foundation\\Http\\Middleware\\PreventRequestsDuringMaintenance->handle()
#31 C:\\Users\\r.asadullin\\Documents\\Обучения\\обучение PHP Laravel разработчик\\php\\task_manager\\laravel_base\\vendor\\laravel\\framework\\src\\Illuminate\\Http\\Middleware\\HandleCors.php(62): Illuminate\\Pipeline\\Pipeline->Illuminate\\Pipeline\\{closure}()
#32 C:\\Users\\r.asadullin\\Documents\\Обучения\\обучение PHP Laravel разработчик\\php\\task_manager\\laravel_base\\vendor\\laravel\\framework\\src\\Illuminate\\Pipeline\\Pipeline.php(183): Illuminate\\Http\\Middleware\\HandleCors->handle()
#33 C:\\Users\\r.asadullin\\Documents\\Обучения\\обучение PHP Laravel разработчик\\php\\task_manager\\laravel_base\\vendor\\laravel\\framework\\src\\Illuminate\\Http\\Middleware\\TrustProxies.php(39): Illuminate\\Pipeline\\Pipeline->Illuminate\\Pipeline\\{closure}()
#34 C:\\Users\\r.asadullin\\Documents\\Обучения\\обучение PHP Laravel разработчик\\php\\task_manager\\laravel_base\\vendor\\laravel\\framework\\src\\Illuminate\\Pipeline\\Pipeline.php(183): Illuminate\\Http\\Middleware\\TrustProxies->handle()
#35 C:\\Users\\r.asadullin\\Documents\\Обучения\\обучение PHP Laravel разработчик\\php\\task_manager\\laravel_base\\vendor\\laravel\\framework\\src\\Illuminate\\Pipeline\\Pipeline.php(119): Illuminate\\Pipeline\\Pipeline->Illuminate\\Pipeline\\{closure}()
#36 C:\\Users\\r.asadullin\\Documents\\Обучения\\обучение PHP Laravel разработчик\\php\\task_manager\\laravel_base\\vendor\\laravel\\framework\\src\\Illuminate\\Foundation\\Http\\Kernel.php(175): Illuminate\\Pipeline\\Pipeline->then()
#37 C:\\Users\\r.asadullin\\Documents\\Обучения\\обучение PHP Laravel разработчик\\php\\task_manager\\laravel_base\\vendor\\laravel\\framework\\src\\Illuminate\\Foundation\\Http\\Kernel.php(144): Illuminate\\Foundation\\Http\\Kernel->sendRequestThroughRouter()
#38 C:\\Users\\r.asadullin\\Documents\\Обучения\\обучение PHP Laravel разработчик\\php\\task_manager\\laravel_base\\public\\index.php(51): Illuminate\\Foundation\\Http\\Kernel->handle()
#39 C:\\Users\\r.asadullin\\Documents\\Обучения\\обучение PHP Laravel разработчик\\php\\task_manager\\laravel_base\\vendor\\laravel\\framework\\src\\Illuminate\\Foundation\\resources\\server.php(16): require_once('C:\\\\Users\\\\r.asad...')
#40 {main}
"} 
